kde	16
ahoj	14
ano	9
dům	8
způsob	6
jak	6
sám	6
kolik	6
pohled	6
abych	5
oběd	5
když	5
stát	5
bytost	5
také	5
vedle	5
se	5
už	5
něco	5
ještě	5
asi	5
čas	5
věc	5
vlastně	5
velký	5
jinak	5
zda	5
teprve	5
za	5
to	5
snad	5
nyní	5
ovšem	5
skutečně	5
dovnitř	4
zařízení	4
tvořit	4
okamžitě	4
kolo	4
jít	4
domluvit	4
být	4
že	4
ale	4
ten	4
jako	4
moc	4
pak	4
rád	4
trochu	4
kam	4
práce	4
jméno	4
tedy	4
číslo	4
znát	4
škola	4
bohužel	4
celkem	4
chování	4
osoba	4
podstata	4
využít	4
moderní	4
datum	4
avšak	4
prostředek	4
hovno	4
já	4
jen	4
kdo	4
noc	4
muž	4
zrovna	4
navíc	4
přesto	4
vždyť	4
patří	4
potřebovat	3
den	3
po	3
průzkum	3
vzor	3
domov	3
volba	3
příliš	3
mnoho	3
starosti	3
věk	3
ani	3
pár	3
ty	3
dostat	3
vést	3
svazek	3
představit	3
přece	3
dvůr	3
mistr	3
čaj	3
zachytit	3
sejít	3
míra	3
ačkoli	3
zub	3
hloupý	3
kost	3
taky	3
soudit	3
rodina	3
pivo	3
cvičení	3
český	3
dítě	3
raději	3
spolu	3
na	3
co	3
do	3
tady	3
pro	3
tam	3
proč	3
mít	3
aby	3
všechno	3
takže	3
protože	3
dobrý	3
někdo	3
pokud	3
který	3
život	3
dost	3
právě	3
vůbec	3
hodně	3
počkat	3
proto	3
zase	3
přesně	3
myslet	3
otec	3
fakt	3
potom	3
celý	3
pod	3
chvíle	3
mezi	3
třeba	3
žena	3
fajn	3
stále	3
vždy	3
pozdě	3
nad	3
zde	3
skoro	3
kolem	3
přímo	3
hrát	3
hodina	3
jiný	3
zatím	3
špatně	3
přítel	3
docela	3
super	3
mimo	3
pracovat	3
večeře	3
zastavit	3
však	3
cena	3
tajemství	3
často	3
bezpečí	3
jíst	3
dopis	3
málo	3
tvář	3
společně	3
hledat	3
totiž	3
použít	3
systém	3
druh	3
dovolit	3
vzadu	3
cíl	3
divný	3
jenže	3
koule	3
například	3
soud	3
čest	3
metr	3
maso	3
program	3
okolí	3
chytrý	3
míč	3
záležitost	3
role	3
vesnice	3
zboží	3
řešení	3
třída	3
září	3
vynikající	3
období	3
ostrov	3
učitel	3
ředitel	3
článek	3
vedoucí	3
tlak	3
nejprve	3
kabát	3
jenž	3
prášek	3
neboť	3
téma	3
řízení	3
centrum	3
vpravo	3
past	3
dopadnout	3
obrázek	3
obyčejný	3
soutěž	3
plně	3
bouře	3
národ	3
dědeček	3
firma	3
úroveň	3
slušný	3
zdarma	3
přirozeně	3
základ	3
materiál	3
verze	3
probrat	3
úder	3
světový	3
podobně	3
let	3
balík	3
nadále	3
sklenice	3
výkon	3
síť	3
start	3
vajíčko	3
ministr	3
balíček	3
napětí	3
chrám	3
pád	3
červenec	3
značka	3
text	3
provoz	3
váha	3
obsahovat	3
rovněž	3
průběh	3
prosinec	3
současný	3
chod	3
současně	3
zejména	3
během	3
buď	3
potíže	3
děkuji	3
sakra	3
tu	3
vy	3
bys	3
koho	3
škoda	3
no	3
nic	3
vážně	3
pomoc	3
konec	3
nakonec	3
vlak	3
kočka	3
manželka	3
především	3
čeština	3
vede	3
vypadni	3
nebezpečí	2
zákazník	2
dvanáct	2
hlava	2
hlavní	2
věta	2
daň	2
potřeba	2
radši	2
projev	2
zasáhnout	2
vznik	2
telegram	2
tvrzení	2
výbor	2
pryč	2
obava	2
řeka	2
copak	2
mi	2
smířit	2
přimět	2
vznést	2
okres	2
odpor	2
důvěra	2
vlna	2
cukr	2
horko	2
uklidnit	2
jde	2
zachytit se	2
nedostatek	2
skrz	2
postavit	2
myš	2
krást	2
nohy	2
hračka	2
bránit	2
vlastnictví	2
divák	2
utéct	2
pneumatika	2
telefon	2
přemýšlet	2
pěšky	2
chránit	2
tlačit	2
britský	2
výzva	2
řetězec	2
na úkor	2
vytrhnout	2
chlapec	2
němu	2
náměstí	2
peníze	2
tamhle	2
hned	2
volný	2
hezky	2
konečně	2
začíná	2
samozřejmě	2
obvykle	2
znamená	2
znamenat	2
pouze	2
hezký	2
svět	2
zároveň	2
téměř	2
naprosto	2
nesmírně	2
pomalu	2
tak	2
ne	2
on	2
dobře	2
teď	2
nebo	2
můj	2
jestli	2
než	2
od	2
nikdy	2
chtít	2
jeho	2
vědět	2
sem	2
možná	2
až	2
říci	2
opravdu	2
před	2
dělat	2
jenom	2
děkovat	2
dnes	2
tvůj	2
pořád	2
nikdo	2
kdy	2
udělat	2
ať	2
bez	2
velmi	2
prostě	2
říkat	2
další	2
svůj	2
kvůli	2
zpátky	2
rok	2
první	2
dlouho	2
vidět	2
místo	2
jednou	2
kdyby	2
rychle	2
někdy	2
daleko	2
každý	2
mluvit	2
určitě	2
jistě	2
stejně	2
nějaký	2
přijít	2
problém	2
úplně	2
při	2
dát	2
podle	2
tento	2
znovu	2
jaký	2
proti	2
štěstí	2
přes	2
doma	2
auto	2
najít	2
tolik	2
minuta	2
takový	2
vlastní	2
srdce	2
pomoci	2
správně	2
venku	2
nějak	2
brzy	2
žít	2
dolar	2
někde	2
nový	2
zůstat	2
zpět	2
dokonce	2
týden	2
cesta	2
slovo	2
syn	2
stačit	2
jistý	2
pokoj	2
doktor	2
možný	2
důvod	2
pocit	2
tělo	2
doba	2
velice	2
půl	2
odejít	2
což	2
odkud	2
tudy	2
výborně	2
město	2
vězení	2
těžký	2
mnohem	2
začít	2
příběh	2
poprvé	2
čekat	2
film	2
kromě	2
několik	2
poslouchat	2
případ	2
uvnitř	2
důležitý	2
spíše	2
druhý	2
klidně	2
začínat	2
hlavně	2
strana	2
měsíc	2
patřit	2
prý	2
zemřít	2
část	2
král	2
voda	2
právo	2
dávno	2
alespoň	2
možnost	2
společnost	2
tentokrát	2
ulice	2
rozhodně	2
již	2
honem	2
občas	2
držet	2
obchod	2
hra	2
tehdy	2
změnit	2
pes	2
informace	2
bota	2
válka	2
existovat	2
platit	2
hotel	2
okolo	2
překvapení	2
postel	2
fungovat	2
zatímco	2
kdysi	2
pravděpodobně	2
budoucnost	2
radost	2
zřejmě	2
většina	2
seznam	2
osobně	2
napadnout	2
začátek	2
vysvětlit	2
rozdíl	2
uprostřed	2
dokázat	2
stopa	2
zájem	2
kus	2
dojít	2
kniha	2
noční	2
získat	2
opět	2
byt	2
plný	2
cit	2
mozek	2
ženská	2
rovnou	2
situace	2
zcela	2
zničit	2
oheň	2
klub	2
málem	2
zákon	2
nebe	2
vrah	2
řada	2
zlý	2
číst	2
narozeniny	2
vina	2
typ	2
kamarád	2
zajímavý	2
pozornost	2
káva	2
směr	2
signál	2
silný	2
tým	2
prezident	2
nos	2
povolení	2
léto	2
poté	2
sice	2
bydlet	2
znamení	2
psát	2
boj	2
útok	2
účet	2
jazyk	2
většinou	2
setkání	2
zmizet	2
blbost	2
stav	2
vypadnout	2
překlad	2
pokaždé	2
okno	2
obličej	2
um	2
denně	2
prsten	2
zvuk	2
akce	2
vláda	2
takto	2
nádherný	2
vzpomínat	2
armáda	2
vesmír	2
součást	2
sekunda	2
lidský	2
upřímně	2
hvězda	2
končit	2
nemocný	2
legrace	2
vražda	2
chytit	2
park	2
meč	2
energie	2
století	2
duch	2
domácí	2
černý	2
tenkrát	2
normálně	2
jinde	2
řeč	2
prst	2
snadný	2
píseň	2
dlouhý	2
ležet	2
dojem	2
kalhoty	2
ihned	2
oblast	2
tvrdě	2
pokus	2
nutný	2
ženský	2
styl	2
nejen	2
skupina	2
adresa	2
pomocí	2
vůdce	2
vyšetřování	2
děcko	2
jednotka	2
vysoký	2
přístup	2
bezpečnostní	2
minulost	2
opatrný	2
oběť	2
operace	2
služba	2
jižní	2
východ	2
národní	2
pozice	2
babička	2
doleva	2
severní	2
autobus	2
prima	2
snadno	2
banka	2
tanec	2
výlet	2
spojený	2
klobouk	2
kontrola	2
včetně	2
ženatý	2
kontakt	2
gratulovat	2
zadarmo	2
samota	2
rozum	2
vedení	2
rada	2
smlouva	2
potěšení	2
budova	2
sobota	2
opravdový	2
květina	2
vejce	2
princ	2
vyhodit	2
přijmout	2
území	2
obchodní	2
jinam	2
ustoupit	2
dno	2
nahlas	2
zvlášť	2
nicméně	2
množství	2
fotbal	2
jednat	2
svatební	2
vůz	2
hluboko	2
nijak	2
důstojník	2
ochrana	2
lehce	2
jed	2
restaurace	2
používat	2
středa	2
opice	2
sexuální	2
kuře	2
závod	2
plukovník	2
sever	2
vtipný	2
parta	2
opilý	2
teta	2
motor	2
naopak	2
soudní	2
projekt	2
zasloužit	2
vědomí	2
procento	2
brýle	2
prostředí	2
nula	2
mířit	2
strom	2
opakovat	2
spadnout	2
planeta	2
trápit	2
bod	2
jih	2
vymyslet	2
víra	2
vpřed	2
vlevo	2
koza	2
počítat	2
mezitím	2
tma	2
most	2
křičet	2
majetek	2
vůči	2
riskovat	2
polovina	2
dech	2
úmysl	2
význam	2
sláva	2
prohlášení	2
soukromí	2
ovládat	2
stupeň	2
zdroj	2
paměť	2
bohatý	2
strýček	2
dokonalý	2
podpora	2
okolnost	2
proces	2
zvládnout	2
vyprávět	2
těsně	2
kdokoli	2
výraz	2
počet	2
kněz	2
Martin	2
kouřit	2
dosud	2
vliv	2
důl	2
prádlo	2
vnitřní	2
letos	2
jistota	2
vevnitř	2
hala	2
napůl	2
koncert	2
ničit	2
postavení	2
pocházet	2
západní	2
událost	2
rychlý	2
vytvořit	2
rovně	2
kariéra	2
vážit	2
dobrodružství	2
vstup	2
spolupracovat	2
cent	2
šílený	2
veřejnost	2
zámek	2
vystoupení	2
hledání	2
slavný	2
kino	2
zlatý	2
podmínka	2
císař	2
přednost	2
podezřelý	2
stránka	2
absurdní	2
okouzlující	2
uvádět	2
návrat	2
spánek	2
počítač	2
vskutku	2
zábavný	2
zdravotní	2
detail	2
zásah	2
šálek	2
vyměnit	2
teplo	2
výpověď	2
opravit	2
sebrat	2
hřiště	2
oficiální	2
pořádný	2
zodpovědný	2
hrabě	2
vstoupit	2
vypnout	2
milost	2
trh	2
zvednout	2
vybraný	2
sloužit	2
slabý	2
úžasně	2
titul	2
prakticky	2
Petr	2
seznámit	2
stan	2
údolí	2
proud	2
útěk	2
ples	2
zbytečně	2
zabití	2
hrob	2
přístav	2
střih	2
východní	2
průkaz	2
infarkt	2
zajisté	2
organizace	2
inteligentní	2
vzdělání	2
též	2
tričko	2
vrchní	2
salát	2
ukončit	2
prázdniny	2
lidstvo	2
nazvat	2
oficiálně	2
odchod	2
zezadu	2
růst	2
čistě	2
hřích	2
student	2
komise	2
točit	2
uvolnit	2
vděčný	2
pozvání	2
dispozice	2
název	2
pohodlí	2
pytel	2
břicho	2
přežití	2
pozdrav	2
veškerý	2
vytáhnout	2
navzdory	2
přivádět	2
oceán	2
trénovat	2
řád	2
přistání	2
lov	2
zelený	2
mrtvola	2
revoluce	2
vodní	2
trénink	2
určitý	2
blízký	2
televizní	2
majitel	2
Jan	2
pokoušet	2
poušť	2
spodní	2
negativní	2
silně	2
veliký	2
řešit	2
pojištění	2
jízda	2
židle	2
složitý	2
krátký	2
zákaz	2
báječně	2
záchrana	2
zhruba	2
klidný	2
kazeta	2
docházet	2
zajistit	2
krátce	2
věda	2
šíleně	2
důchod	2
nádobí	2
kompletní	2
osobnost	2
péče	2
hudební	2
informovat	2
kanál	2
dobytek	2
souhlas	2
šéf	2
čtvrt	2
technologie	2
pouto	2
kráva	2
jasno	2
myšlení	2
vzdálenost	2
vědec	2
volání	2
list	2
cvičit	2
námořní	2
linka	2
účetní	2
rozdělit	2
pršet	2
působit	2
vkus	2
vyčistit	2
čestný	2
sklep	2
záviset	2
dálnice	2
odpovědnost	2
totální	2
fantazie	2
houba	2
tunel	2
civilizace	2
nastat	2
bitva	2
kalhotky	2
zrak	2
falešný	2
donést	2
šperk	2
hněv	2
odznak	2
zdejší	2
předat	2
nedaleko	2
rušit	2
zemětřesení	2
pozitivní	2
nastoupit	2
nařídit	2
denní	2
ústav	2
vidění	2
rozsudek	2
popsat	2
namísto	2
kouř	2
kufřík	2
smutek	2
předseda	2
představovat	2
nevěsta	2
vášeň	2
zahraničí	2
kontrolovat	2
připojit	2
nabízet	2
tah	2
poslání	2
zevnitř	2
použití	2
loupež	2
hustý	2
jemně	2
povrch	2
míček	2
natolik	2
rovina	2
temný	2
kraj	2
povolání	2
rytíř	2
tisk	2
obřad	2
děsně	2
odporný	2
házet	2
nástroj	2
zničení	2
dodávka	2
laboratoř	2
olej	2
hotovost	2
záchvat	2
ročně	2
plášť	2
stavět	2
sůl	2
sklad	2
překonat	2
box	2
vzrušení	2
letět	2
postupně	2
absolutní	2
chodba	2
znásilnění	2
uznat	2
přesný	2
vážený	2
pokrok	2
křik	2
synovec	2
taneční	2
příbuzný	2
funkce	2
termín	2
souviset	2
přirozený	2
kolega	2
pevnost	2
přístroj	2
kostým	2
původně	2
křeslo	2
zisk	2
divize	2
zoufale	2
recept	2
obvyklý	2
naivní	2
ohrožení	2
oddíl	2
stáhnout	2
atraktivní	2
horní	2
převzít	2
francouzský	2
koberec	2
červen	2
novinář	2
koupel	2
hluchý	2
rytmus	2
pohlaví	2
morální	2
díl	2
souřadnice	2
klika	2
režisér	2
palác	2
ročník	2
tip	2
hůl	2
reklama	2
pochopení	2
běžný	2
nadšení	2
rod	2
bohyně	2
zpěv	2
párek	2
pochopitelně	2
veřejný	2
trůn	2
objekt	2
nařízení	2
dětský	2
lovit	2
centrální	2
selhání	2
zblízka	2
listopad	2
říjen	2
zapnout	2
počátek	2
doporučení	2
naplno	2
koruna	2
hrubý	2
kongres	2
rybí	2
personál	2
přiznání	2
držení	2
obyvatel	2
kouzelný	2
srpen	2
obor	2
květen	2
zlom	2
duben	2
existence	2
pravidelně	2
skříň	2
nově	2
účel	2
výhoda	2
sektor	2
okruh	2
průmysl	2
odvoz	2
identifikovat	2
nápis	2
jablko	2
pobyt	2
vzkaz	2
technika	2
potvrzení	2
rýže	2
dopoledne	2
nárok	2
zřejmý	2
malovat	2
částečně	2
přiblížit	2
mrknout	2
popis	2
krém	2
ruční	2
klavír	2
záměr	2
hledisko	2
hodnocení	2
předchozí	2
dohled	2
pozorování	2
vyšetření	2
podstatný	2
komplikovaný	2
tmavý	2
drama	2
kaše	2
Japonsko	2
příčina	2
poměrně	2
slavnostní	2
zakázat	2
anglický	2
současnost	2
ovlivnit	2
obsah	2
řídící	2
jemný	2
rozumně	2
domácnost	2
styk	2
funkční	2
rasa	2
důkladně	2
doporučit	2
pláč	2
dopad	2
kvalitní	2
zásadní	2
březen	2
sídlo	2
soubor	2
pleť	2
účast	2
zpěvák	2
dodržovat	2
řetěz	2
operační	2
závislý	2
rámec	2
účinek	2
leden	2
výroba	2
prohlásit	2
podoba	2
zničený	2
poštovní	2
pravděpodobnost	2
spoj	2
omezení	2
dělník	2
stabilní	2
směna	2
standardní	2
odhalení	2
akcie	2
uvést	2
definitivně	2
souvislost	2
republika	2
únor	2
pravomoc	2
oproti	2
únik	2
topení	2
plavání	2
úvazek	2
plánovat	2
uzavřený	2
výstava	2
významný	2
náročný	2
podpořit	2
výše	2
kukuřice	2
stodola	2
tyč	2
trať	2
přehled	2
kára	2
tisíc	2
není zač	2
by	2
tohle	2
doložit	2
anglicky	2
neustále	2
vzhledem	2
jehož	2
kudy	2
house	2
dobrý den	2
dva	2
pět	2
medvěd	2
toho	2
spojka	2
byl	2
sýr	2
vrátil	2
ode	2
tyto	2
přišel	2
skutečnosti	2
hele	2
líto	2
chci	2
člověk	2
jeden	2
či	2
není	2
supermarket	2
je	2
aeroplán	2
mám rád	2
musím	2
dobro	2
prosím	2
neumím	2
promiňte	2
takhle	2
ven	2
milovat	2
promluvit	2
mimochodem	2
těžko	2
stůl	2
učit	2
náboženství	2
užít	2
zvyk	2
zas	2
mám	2
na shledanou	2
dobrou noc	2
dej	2
tato	2
žádné	2
dříve	2
stojí	2
sranda	2
díky	2
žalostný	1
jídelna	1
spolubydlící	1
děkuji vám	1
větný člen	1
vlastnost	1
přináležitost	1
fonetický	1
naběračka	1
borůvka	1
skáče	1
italsky	1
uvidíme	1
děje	1
pružný	1
vyhnout se	1
prohlédnout si	1
obrazec	1
dívat	1
výživný	1
doplnit	1
intence	1
záměrně	1
uvědomělý	1
autoservis	1
autoopravna	1
mechanik	1
líbí se mi	1
francouzsky	1
čem	1
kom	1
mně	1
nadávat	1
servis	1
mýlit	1
pasažér	1
přerůst	1
opadaný	1
udivit	1
postihnout	1
podmínit	1
proslavit	1
symbolizovat	1
dionýský	1
opilství	1
čeho	1
komu	1
čemu	1
čím	1
příbytek	1
ponořit se	1
dotknout se	1
ofsajd	1
udělal	1
zdůraznit	1
stimul	1
předivo	1
příze	1
šiml	1
otravovat	1
bulvár	1
zkreslit	1
skákat do řeči	1
na útěku	1
důchodce	1
katastr	1
Mongol	1
trestuhodný	1
zmoci	1
zděsit	1
znechutit	1
zošklivit	1
cílený	1
učeň	1
vynechat	1
umírá	1
zmáhat	1
táborák	1
čepovat	1
ztuha	1
tuhý	1
zhubnout	1
rozsah	1
šla	1
referovat	1
glosa	1
drhnout	1
leštit	1
leští	1
protiklad	1
historický	1
údajný	1
v důsledku	1
píchnout se	1
projevovat se	1
výrazný	1
navlas	1
klam	1
klamavý	1
zpříma	1
bezva	1
sebemenší	1
dvojčata	1
samet	1
podnikatel	1
hrabat	1
hrabat se	1
nahlížet	1
chvíli	1
povalit	1
cennost	1
topit	1
cementárna	1
zemní plyn	1
zástavní	1
pohledávka	1
pivovar	1
vytrvat	1
vysekávat	1
plž	1
součástka	1
kulomet	1
občanská válka	1
vyvrátit	1
domlouvat	1
domluvit se	1
výsledky	1
vyzvat	1
prominent	1
žiji	1
obvinit	1
obžalovat	1
konstatovat	1
dál	1
ctít	1
zahrnout	1
obklopovat	1
vybavit se	1
žádoucí	1
předčasný	1
pomyslný	1
opuchlý	1
zvadlý	1
kluk	1
kurva	1
prostitutka	1
raketa	1
sněhulák	1
motýl	1
napsal	1
někomu	1
tuto	1
tuhle	1
peněz	1
nahoře	1
dole	1
naproti	1
přání	1
jaké	1
česky	1
koupil	1
podnebí	1
vše	1
včera	1
mládež	1
mladší	1
starý	1
malé	1
přitažlivá	1
zemřeli	1
přátelé	1
jednoduché	1
celá	1
obyčejně	1
chudý	1
svědomí	1
navzájem	1
velká	1
ve volném čase	1
volný čas	1
cestovat	1
jo	1
pan	1
prosit	1
myslit	1
pořádek	1
moci	1
více	1
jasně	1
pravda	1
vždycky	1
paní	1
vypadat	1
prominout	1
večer	1
ráno	1
táta	1
poslední	1
žádný	1
zítra	1
zlato	1
omlouvat	1
běžet	1
dokud	1
doufat	1
slyšet	1
odsud	1
pohoda	1
vzít	1
země	1
zabít	1
uvidět	1
matka	1
ruka	1
nechat	1
dolů	1
dveře	1
pán	1
známý	1
máma	1
chlap	1
ostatní	1
nápad	1
skvělý	1
jasný	1
vrátit	1
oko	1
strach	1
nahoru	1
cítit	1
malý	1
holka	1
pěkně	1
zbraň	1
smrt	1
předtím	1
cokoliv	1
spát	1
klid	1
chvilka	1
onen	1
policie	1
jediný	1
prach	1
jmenovat	1
věřit	1
chápat	1
jídlo	1
všude	1
šance	1
znít	1
jet	1
loď	1
zvláštní	1
odtud	1
bratr	1
běh	1
vadit	1
blázen	1
ukázat	1
krev	1
miláček	1
zavolat	1
plán	1
rodič	1
chyba	1
láska	1
smysl	1
spousta	1
noha	1
špatný	1
pěkný	1
někam	1
moment	1
zpráva	1
mysl	1
najednou	1
pohyb	1
titulek	1
pořádně	1
chodit	1
hrozně	1
ticho	1
sestra	1
vlas	1
strašně	1
bolet	1
náhoda	1
rozumět	1
dcera	1
sen	1
zbytek	1
blízko	1
bojovat	1
ztratit	1
manžel	1
záležet	1
zdraví	1
poslat	1
drahý	1
starost	1
normální	1
zapomenout	1
krásný	1
slunce	1
šťastný	1
kousek	1
hlad	1
nikam	1
příští	1
skutečnost	1
připravit	1
koupit	1
otázka	1
třetí	1
opatrně	1
příště	1
volat	1
nemocnice	1
kůň	1
světlo	1
pití	1
děvče	1
mladý	1
kapitán	1
pokračovat	1
dívka	1
odpoledne	1
dohromady	1
úžasný	1
zachránit	1
odpověď	1
jakmile	1
znova	1
rozkaz	1
vzhůru	1
samý	1
hlas	1
sex	1
bůh	1
těšit	1
zkusit	1
televize	1
stejný	1
některý	1
síla	1
perfektní	1
slečna	1
zjistit	1
navždy	1
zajímat	1
klíč	1
smět	1
umět	1
dávat	1
letadlo	1
rozhodnutí	1
chybět	1
přestat	1
boží	1
Vánoce	1
napsat	1
dárek	1
rande	1
duše	1
brát	1
hoch	1
milý	1
společný	1
přicházet	1
dnešní	1
skončit	1
přijet	1
názor	1
sedět	1
pravidlo	1
snášet	1
osud	1
umění	1
rozhodnout	1
projít	1
řídit	1
zima	1
oddělení	1
vyhrát	1
vtip	1
bolest	1
správný	1
hudba	1
vzduch	1
osobní	1
moře	1
zápas	1
úkol	1
hodný	1
nervózní	1
otevřít	1
střední	1
přítelkyně	1
důkaz	1
dále	1
slíbit	1
příležitost	1
oblečení	1
krok	1
potíž	1
pusa	1
schůzka	1
chuť	1
jednoduchý	1
okamžik	1
potkat	1
trvat	1
poznat	1
jestliže	1
minulý	1
sehnat	1
slibovat	1
sledovat	1
místnost	1
doopravdy	1
pravý	1
zaplatit	1
spojení	1
manželství	1
přinést	1
slib	1
opustit	1
bezpečný	1
povědět	1
tvrdý	1
vztah	1
zvíře	1
připravený	1
víno	1
droga	1
poznávat	1
kancelář	1
bar	1
pochopit	1
bavit	1
výběr	1
hrozný	1
zbavit	1
sotva	1
uvěřitelný	1
zábava	1
vítězství	1
zeď	1
skutečný	1
místní	1
předpokládat	1
hrdina	1
položit	1
víkend	1
chovat	1
naděje	1
pít	1
vítr	1
zpívat	1
vybrat	1
zbývat	1
navštívit	1
krk	1
požádat	1
nůž	1
záda	1
nehoda	1
voják	1
pátek	1
jednoduše	1
poděkovat	1
noviny	1
nosit	1
hodit	1
ponětí	1
speciální	1
včas	1
ublížit	1
čí	1
dar	1
přát	1
obraz	1
hotový	1
lék	1
představení	1
objevit	1
soudce	1
nikde	1
frank	1
generál	1
ryba	1
počasí	1
myšlenka	1
maminka	1
prodat	1
los	1
dohoda	1
nesmysl	1
snídaně	1
peklo	1
udržet	1
lež	1
zázrak	1
hranice	1
velitel	1
kámen	1
měnit	1
kdokoliv	1
souhlasit	1
královna	1
bomba	1
hnout	1
pustit	1
jindy	1
test	1
odvaha	1
tušení	1
čistý	1
bílý	1
dopředu	1
hodinky	1
životní	1
stanice	1
pole	1
zle	1
mír	1
historie	1
doprava	1
hlášení	1
kód	1
nedávno	1
zpoždění	1
zajít	1
rozhovor	1
letiště	1
pondělí	1
kůže	1
představa	1
státní	1
dozadu	1
návštěva	1
svatba	1
násilí	1
zkoušet	1
poblíž	1
nálada	1
volno	1
Amerika	1
mrtvý	1
krásně	1
absolutně	1
napřed	1
přivést	1
každopádně	1
připadat	1
vteřina	1
úsměv	1
odcházet	1
rychlost	1
lhát	1
svoboda	1
pobřeží	1
stroj	1
výsledek	1
kuchyně	1
marka	1
pozvat	1
záznam	1
krása	1
stovka	1
cizí	1
strašný	1
slušet	1
trest	1
talent	1
schopný	1
americký	1
šílenství	1
vzdát	1
vyjít	1
mnohokrát	1
úspěch	1
blbec	1
rádio	1
ucho	1
zástupce	1
lístek	1
zařídit	1
vůle	1
profesor	1
Anglie	1
dnešek	1
odjet	1
zranění	1
papír	1
neděle	1
policajt	1
nabídka	1
zlo	1
oblek	1
roh	1
zahrát	1
vyřešit	1
pomáhat	1
plavat	1
nepřítel	1
pevně	1
schopnost	1
dokončit	1
vydržet	1
přidat	1
koleno	1
stranou	1
trik	1
jezdit	1
dýchat	1
prodej	1
hovor	1
provést	1
přiznat	1
nerv	1
návrh	1
vzpomínka	1
zadní	1
tiše	1
přečíst	1
pohřeb	1
rána	1
vážný	1
hořet	1
půjčit	1
dětství	1
obvinění	1
západ	1
díra	1
umírat	1
omyl	1
zloděj	1
jednání	1
změna	1
nabídnout	1
povinnost	1
přesvědčit	1
nenávidět	1
nemoc	1
tatínek	1
pracovní	1
dokola	1
upřímný	1
připomínat	1
základní	1
koláč	1
strávit	1
prostor	1
přátelství	1
lehký	1
utrpení	1
láhev	1
úterý	1
les	1
různý	1
vyzvednout	1
kouzlo	1
povídat	1
vysoko	1
strýc	1
otevřený	1
hora	1
led	1
chléb	1
čin	1
kamera	1
zodpovědnost	1
čtvrtek	1
Londýn	1
naštěstí	1
uvědomit	1
bezpečnost	1
šerif	1
zkontrolovat	1
plus	1
pláž	1
písnička	1
Francie	1
plyn	1
schovat	1
obrovský	1
náhle	1
host	1
vysvětlení	1
kostel	1
spravedlnost	1
kilometr	1
barva	1
porazit	1
školní	1
whisky	1
teorie	1
červený	1
silnice	1
příkaz	1
mléko	1
sladký	1
otisk	1
hlídat	1
zkušenost	1
varování	1
vydělat	1
stvoření	1
smutný	1
ukazovat	1
poplach	1
poklad	1
podíl	1
dovolená	1
lid	1
vysílání	1
cigareta	1
smích	1
kufr	1
velení	1
půlnoc	1
výborný	1
spojit	1
slušně	1
ztráta	1
hloupost	1
modrý	1
tentýž	1
předstírat	1
kilo	1
známka	1
bok	1
zkrátka	1
postava	1
soustředit	1
právník	1
čtvrť	1
ohled	1
svatý	1
déšť	1
řidič	1
podepsat	1
brána	1
litovat	1
stráž	1
podnik	1
košile	1
kapsa	1
velikost	1
vybavení	1
dokument	1
vánoční	1
utíkat	1
poledne	1
prodávat	1
příjemný	1
divadlo	1
doslova	1
zkouška	1
dílo	1
herec	1
pistole	1
neštěstí	1
věčně	1
žádost	1
podezření	1
zrádce	1
schod	1
podobný	1
odpovědět	1
scéna	1
bývalý	1
věnovat	1
střecha	1
létat	1
taška	1
posila	1
nádraží	1
jelikož	1
vítat	1
zabránit	1
předem	1
křídlo	1
momentálně	1
nízko	1
finanční	1
pověst	1
zamilovaný	1
jezero	1
bohatství	1
alkohol	1
lékař	1
federální	1
úřad	1
přední	1
mapa	1
model	1
tábor	1
pauza	1
trpělivost	1
pilot	1
příklad	1
slza	1
patro	1
odměna	1
laskavě	1
hráč	1
luk	1
krabice	1
dorazit	1
dosáhnout	1
fotografie	1
benzín	1
mezinárodní	1
trenér	1
vařit	1
prázdný	1
výzkum	1
totálně	1
lekce	1
oblíbený	1
rozloučit	1
vyzkoušet	1
věž	1
heslo	1
týdně	1
ovoce	1
respekt	1
vloni	1
zásoba	1
šťastně	1
žádat	1
minule	1
dotknout	1
levý	1
humor	1
vydat	1
mládí	1
zmrzlina	1
žízeň	1
hlásit	1
tajný	1
univerzita	1
očekávat	1
spisovatel	1
vycházet	1
souboj	1
hluk	1
puška	1
následek	1
přítomnost	1
studovat	1
trpět	1
narození	1
vojenský	1
člen	1
růže	1
výhled	1
fantastický	1
zvláště	1
soudruh	1
bazén	1
napravit	1
vir	1
vyrůst	1
umělec	1
sníh	1
sluneční	1
výročí	1
svobodný	1
postup	1
zdravý	1
profesionální	1
dostávat	1
vyjádřit	1
otočit	1
těžce	1
poradit	1
poslechnout	1
přinášet	1
spokojený	1
vaz	1
generace	1
pohotovost	1
pacient	1
ústa	1
chvilička	1
říše	1
reakce	1
dluh	1
kupředu	1
budoucí	1
krevní	1
tlustý	1
nenávist	1
zahrada	1
projet	1
podat	1
peněženka	1
pero	1
praštit	1
obrana	1
zločin	1
zavazadlo	1
správce	1
úplný	1
dokonale	1
skočit	1
schválně	1
riziko	1
psaní	1
poněkud	1
narazit	1
odmítnout	1
partner	1
stín	1
pozorně	1
zaměstnání	1
bezpečně	1
podpis	1
doklad	1
vhodný	1
příroda	1
finále	1
svědek	1
zrušit	1
poznámka	1
vyžadovat	1
nutit	1
způsobit	1
pohnout	1
vedlejší	1
diamant	1
člun	1
přivézt	1
plat	1
tradice	1
příjem	1
umýt	1
horký	1
pták	1
hrad	1
zklamat	1
náboj	1
pálit	1
nepořádek	1
deník	1
vyrovnat	1
dřevo	1
soukromý	1
šok	1
následující	1
drobný	1
prát	1
učení	1
koupelna	1
nedorozumění	1
legenda	1
původní	1
vrchol	1
přestože	1
jakýkoliv	1
kopie	1
následovat	1
geniální	1
ochránit	1
základna	1
podlaha	1
sklo	1
rozbít	1
zjevně	1
nést	1
nechutný	1
hodlat	1
ranní	1
zmatek	1
odvést	1
učitelka	1
knížka	1
tajně	1
rukavice	1
čelit	1
starosta	1
hnutí	1
špinavý	1
napravo	1
půda	1
pozdravit	1
hromada	1
skrývat	1
užívat	1
omluva	1
zbytečný	1
dovolený	1
jeskyně	1
naléhavý	1
dostatek	1
studium	1
odpočívat	1
padat	1
sociální	1
opatření	1
kašel	1
ministerstvo	1
nehet	1
prozatím	1
statečný	1
maska	1
forma	1
ubohý	1
požehnání	1
úvaha	1
oženit	1
sport	1
čerstvý	1
zvědavý	1
symbol	1
vězeň	1
vinný	1
náklad	1
zažít	1
příjmení	1
výtah	1
přejít	1
svítit	1
slabost	1
církev	1
objednat	1
postoj	1
novinka	1
záběr	1
sval	1
břeh	1
trapný	1
vysoce	1
čtení	1
tamten	1
rameno	1
výbuch	1
krutý	1
posádka	1
zítřek	1
probíhat	1
nakupovat	1
letní	1
spravit	1
úsilí	1
prase	1
vystoupit	1
vůně	1
sportovní	1
vládnout	1
vztek	1
mrak	1
ráj	1
přísně	1
uniforma	1
hodnota	1
snít	1
přísahat	1
kytka	1
přibližně	1
obtížný	1
trefit	1
ideální	1
padnout	1
rekord	1
páska	1
džungle	1
krádež	1
hrdý	1
turné	1
Indie	1
vydání	1
Irák	1
splnit	1
čokoláda	1
spolupráce	1
odstranit	1
pořad	1
chaos	1
běhat	1
královský	1
úcta	1
instrukce	1
překrásný	1
zabrat	1
uniknout	1
div	1
zvonit	1
spáchat	1
tvrdit	1
vzorek	1
kříž	1
zrcadlo	1
téci	1
strážce	1
rozvod	1
dobrovolně	1
podél	1
pochyba	1
námitka	1
odpad	1
toužit	1
vsadit	1
drak	1
kopec	1
oslava	1
požár	1
bezvědomí	1
prospěch	1
vejít	1
přepadení	1
bít	1
jaro	1
dav	1
cela	1
vládní	1
čínský	1
pozemek	1
ovce	1
zacházet	1
uzavřít	1
ztracený	1
farma	1
baterie	1
pás	1
studený	1
přestávka	1
přírodní	1
poměr	1
nutně	1
hluboce	1
katastrofa	1
svědectví	1
holčička	1
poschodí	1
svézt	1
čtvrtý	1
golf	1
vyhovovat	1
politika	1
emoce	1
procházka	1
krýt	1
krize	1
studio	1
písek	1
muzika	1
skok	1
pátrání	1
riskantní	1
hrozit	1
teplota	1
mladík	1
hlídka	1
dodat	1
dospělý	1
nábytek	1
obzvlášť	1
palec	1
usnout	1
zavřený	1
oznámit	1
brambora	1
Afrika	1
střelec	1
kytara	1
časopis	1
publikum	1
právní	1
cestující	1
mocný	1
měsíční	1
lézt	1
báseň	1
pozadí	1
náhradní	1
pohár	1
čekání	1
provaz	1
viset	1
sledování	1
žaludek	1
Čína	1
ďábel	1
oznámení	1
zavřít	1
kruh	1
potlesk	1
linie	1
talíř	1
poškození	1
romantický	1
Itálie	1
svíčka	1
natáčení	1
vlast	1
stádo	1
cizinec	1
ztrácet	1
sako	1
tráva	1
zbytný	1
německý	1
cestování	1
popel	1
kouření	1
průvodce	1
ocas	1
palivo	1
konference	1
pomstít	1
památka	1
odpovídat	1
kořist	1
natočit	1
hovězí	1
pátý	1
úspěšný	1
propuštění	1
sluha	1
lev	1
obětovat	1
dávka	1
připomenout	1
maličkost	1
hadr	1
puls	1
tlačítko	1
mince	1
knihovna	1
zopakovat	1
nato	1
představivost	1
interview	1
zaslechnout	1
blok	1
vzbudit	1
podzim	1
vzhled	1
kapitola	1
zlobit	1
porota	1
asistent	1
vyslechnout	1
populární	1
prohlédnout	1
touha	1
létající	1
továrna	1
zápěstí	1
přežít	1
předmět	1
hovořit	1
údaj	1
ohromný	1
útočit	1
vdova	1
vládce	1
čelo	1
překvapit	1
produkce	1
ujít	1
shromáždění	1
věznice	1
vydělávat	1
dosah	1
odnést	1
album	1
metoda	1
kapela	1
porušit	1
plakat	1
experiment	1
opak	1
výcvik	1
dělo	1
kampaň	1
režie	1
nazývat	1
vědomý	1
akademie	1
kurs	1
duševní	1
působivý	1
odpočinek	1
vedro	1
máslo	1
učinit	1
porušení	1
bláznivý	1
znalost	1
sbor	1
povýšení	1
náčelník	1
realita	1
ovládání	1
politický	1
elegantní	1
stěží	1
duchovní	1
věrný	1
nářadí	1
ochotný	1
fáze	1
tón	1
sdělit	1
donutit	1
citlivý	1
obrátit	1
motiv	1
rozumný	1
zachovat	1
obloha	1
odložit	1
sekce	1
fakticky	1
historka	1
požadavek	1
knoflík	1
horečka	1
rezervace	1
ignorovat	1
šíře	1
léčit	1
disk	1
aktivní	1
exploze	1
román	1
tichý	1
zločinec	1
mistrovství	1
naneštěstí	1
potvrdit	1
mučení	1
turnaj	1
doprovod	1
přestěhovat	1
chlapeček	1
junior	1
vzájemně	1
táhnout	1
buňka	1
příšerně	1
iluze	1
drát	1
zadržet	1
věčný	1
debilní	1
soused	1
skákat	1
krvácet	1
závěr	1
orgán	1
kyslík	1
báječný	1
kuchař	1
válečný	1
veřejně	1
pára	1
blízkost	1
vnější	1
večerní	1
odsoudit	1
zobák	1
reportáž	1
pečlivě	1
garáž	1
plíce	1
dráha	1
lékařský	1
instinkt	1
hřbitov	1
pozorovat	1
vévoda	1
rostlina	1
doporučovat	1
občan	1
přivítat	1
plot	1
napsaný	1
odvézt	1
zážitek	1
snést	1
vytvářet	1
zdaleka	1
štít	1
sázka	1
předvést	1
terén	1
zapsat	1
zanechat	1
pohádka	1
zabalit	1
hrůza	1
založit	1
hrozba	1
slepice	1
moudrý	1
otrok	1
stanoviště	1
stěna	1
ruský	1
hluboký	1
milenec	1
údajně	1
kapka	1
vstát	1
fronta	1
pořadí	1
fyzicky	1
deska	1
dědictví	1
výjimečný	1
žert	1
fazole	1
odmítat	1
schůze	1
sekretářka	1
med	1
svátek	1
přenos	1
přímý	1
panna	1
vypršet	1
mor	1
podrobnost	1
ověřit	1
koření	1
uhodit	1
ústup	1
stoupat	1
odstup	1
poloviční	1
série	1
gól	1
zapálit	1
odhalit	1
globální	1
sluníčko	1
uvažovat	1
stihnout	1
respektovat	1
probudit	1
měsíčně	1
zastřelit	1
záloha	1
osamělý	1
skála	1
sál	1
vyrazit	1
sousedství	1
advokát	1
zklamání	1
charakter	1
kouknout	1
zakázaný	1
uznání	1
pozítří	1
honit	1
připustit	1
prohlídka	1
vaření	1
roční	1
vchod	1
jarní	1
zoufalství	1
věrnost	1
hrdlo	1
připravovat	1
delta	1
čára	1
vojsko	1
střelba	1
obří	1
muzeum	1
scházet	1
vítěz	1
superman	1
koš	1
králík	1
svědčit	1
vousy	1
zubní	1
pravit	1
vypít	1
ošklivý	1
detektiv	1
osvobodit	1
tahat	1
karta	1
pokuta	1
vybírat	1
zdar	1
zóna	1
vysílačka	1
médium	1
nádrž	1
přihodit	1
pohovor	1
pojistka	1
obzvláště	1
srdeční	1
pošta	1
milující	1
dočasně	1
zaměstnanec	1
pochybnost	1
činit	1
očekávání	1
milovaný	1
bydlení	1
rozhodovat	1
vyrobit	1
parkoviště	1
bezpochyby	1
komunikace	1
přízvuk	1
speciálně	1
výslech	1
vyvolat	1
potenciál	1
bláznit	1
zvonek	1
had	1
masáž	1
zdržovat	1
poskytnout	1
mínění	1
navrhnout	1
mluvení	1
žijící	1
udržovat	1
básník	1
originální	1
drzost	1
hmyz	1
patrně	1
potřebný	1
nudný	1
zaměřit	1
utéci	1
činnost	1
konkrétní	1
odborník	1
ušetřit	1
povel	1
dovést	1
záhada	1
seriál	1
nahrávka	1
trávit	1
venkov	1
tvar	1
trocha	1
volně	1
promyslet	1
šestý	1
poezie	1
Austrálie	1
mikrofon	1
obhájce	1
autor	1
vloupání	1
malér	1
napadení	1
objev	1
dokazovat	1
gauč	1
zastávka	1
příchod	1
dívčí	1
urazit	1
jaksi	1
zvířecí	1
mlha	1
tudíž	1
zásada	1
jakýkoli	1
zanedlouho	1
zmetek	1
Mars	1
terapie	1
žlutý	1
prostý	1
diskutovat	1
Caesar	1
dodnes	1
nalezení	1
ruda	1
kravata	1
medaile	1
výdaj	1
brada	1
přesvědčení	1
sladkost	1
míle	1
uhlí	1
vzácný	1
prověřit	1
rozhodčí	1
považovat	1
naprostý	1
kavárna	1
populace	1
asistentka	1
kladivo	1
přenést	1
náramek	1
praxe	1
kombinace	1
rovnováha	1
časování	1
výška	1
vykládat	1
laskavý	1
nástup	1
vývoj	1
srazit	1
vpředu	1
pozadu	1
chladno	1
zvyklý	1
kmen	1
podnikání	1
tušit	1
potrubí	1
otevřeně	1
ropa	1
obžalovaný	1
létání	1
půjčka	1
pevný	1
umělecký	1
sbírka	1
bojovník	1
pirát	1
složka	1
zlomený	1
srovnání	1
vydírání	1
Kanada	1
síň	1
rozbitý	1
upravit	1
maximální	1
hnědý	1
živobytí	1
předpis	1
mříž	1
směřovat	1
tank	1
chutnat	1
cosi	1
látka	1
inženýr	1
Francouz	1
pásek	1
klec	1
plnit	1
dvojka	1
vystřelit	1
užitečný	1
galaxie	1
svést	1
vozidlo	1
nůžky	1
snímek	1
duševně	1
klesat	1
srovnat	1
podporovat	1
armádní	1
tuna	1
pila	1
určit	1
obrat	1
původ	1
poloha	1
znak	1
papež	1
paže	1
výhra	1
výměna	1
konat	1
podzemí	1
společenství	1
polévka	1
růžový	1
obdivovat	1
anděl	1
můstek	1
sedmý	1
jeviště	1
předměstí	1
dějiny	1
právem	1
spis	1
kníže	1
prozkoumat	1
doručit	1
věřící	1
Filip	1
odhad	1
důstojnost	1
pravdivý	1
nádor	1
litr	1
malíř	1
rukopis	1
mokrý	1
schránka	1
mizet	1
festival	1
povaha	1
zkazit	1
limonáda	1
nákup	1
volní	1
složit	1
podivný	1
kultura	1
chlup	1
mnich	1
osmý	1
psychiatr	1
trapně	1
rodit	1
mobilní	1
konečný	1
nahradit	1
svítání	1
osel	1
spojovat	1
hlasitě	1
tvor	1
prozradit	1
housle	1
studentka	1
náskok	1
obejít	1
efekt	1
agentura	1
spočívat	1
pódium	1
kázání	1
letenka	1
klášter	1
útočiště	1
městský	1
demokracie	1
odolat	1
inteligence	1
elektrický	1
špína	1
nízký	1
krytí	1
investice	1
nouze	1
nasadit	1
jizva	1
námořník	1
přitahovat	1
kostka	1
tradiční	1
střela	1
zajetí	1
doprovodit	1
napříč	1
zvážit	1
módní	1
budoucno	1
ostrý	1
paprsek	1
rudý	1
granát	1
sezóna	1
záliv	1
pocta	1
prs	1
klan	1
zápach	1
husí	1
vynález	1
léčba	1
slavnost	1
veličenstvo	1
sraz	1
přerušit	1
mýdlo	1
háček	1
odněkud	1
prapor	1
květ	1
křoví	1
kolonie	1
středisko	1
brutální	1
zvýšit	1
zahraniční	1
krasavice	1
skladiště	1
elektřina	1
uvařit	1
nadobro	1
potěšit	1
vyplnit	1
nalézt	1
krmit	1
moudrost	1
inzerát	1
volant	1
otroctví	1
svěřit	1
okraj	1
spojitost	1
získání	1
jezdec	1
ponižující	1
mluvnice	1
úspěšně	1
střed	1
dálka	1
fotograf	1
využívat	1
strategie	1
porozumět	1
šetřit	1
porovnání	1
civilní	1
typický	1
dýchání	1
hold	1
portrét	1
senát	1
obr	1
polní	1
spravedlivý	1
podzemní	1
rozhodující	1
těsný	1
soulad	1
sedadlo	1
brnění	1
tenis	1
nováček	1
kormidlo	1
pokračování	1
vozík	1
přemýšlení	1
konverzace	1
letecký	1
data	1
směšný	1
nukleární	1
vylézt	1
zelenina	1
frekvence	1
pořádat	1
zlomit	1
balit	1
stříbro	1
doutník	1
identita	1
protokol	1
čestně	1
prožít	1
natáčet	1
přijetí	1
vyslovit	1
vazba	1
vystupovat	1
socha	1
kupa	1
angličtina	1
štáb	1
munice	1
úmrtí	1
brzda	1
shora	1
suchý	1
vymyslit	1
akt	1
vědecký	1
zamknout	1
reagovat	1
unikat	1
kořen	1
volit	1
centimetr	1
úmyslně	1
kopí	1
dělit	1
zásilka	1
ptačí	1
vnuk	1
zaručit	1
shoda	1
dvojitý	1
zpočátku	1
viditelný	1
ocenit	1
porodit	1
mužský	1
slepý	1
náhrada	1
ubytování	1
autogram	1
přátelský	1
Jana	1
vyrábět	1
dotaz	1
příjemně	1
panenka	1
nikoliv	1
prkno	1
vojín	1
pomalý	1
závodit	1
prokázat	1
vydávat	1
japonský	1
ironie	1
úhel	1
zasedání	1
upozornit	1
gesto	1
teoreticky	1
skrýt	1
tabák	1
komora	1
invaze	1
zabezpečení	1
hodnost	1
kolej	1
přinutit	1
vytvoření	1
hladovět	1
naplnit	1
desítka	1
vysílat	1
poznání	1
nakoupit	1
porucha	1
dieta	1
profesionál	1
fanda	1
poselství	1
odvolání	1
plamen	1
luxusní	1
tempo	1
zlepšit	1
zvolit	1
mládě	1
skrytý	1
jádro	1
primitivní	1
bedna	1
povstání	1
panika	1
pouštět	1
uspořádat	1
nabitý	1
originál	1
porod	1
hospoda	1
spor	1
minimální	1
umělý	1
zapadat	1
pokyn	1
včela	1
náušnice	1
zaútočit	1
metro	1
přednáška	1
klasik	1
směšně	1
odpustit	1
drzý	1
vzdálený	1
nápoj	1
atmosféra	1
porážka	1
příznak	1
naslouchat	1
nanejvýš	1
šach	1
fyzický	1
vychovávat	1
hokej	1
úředník	1
zimní	1
sleva	1
udeřit	1
zbývající	1
upozornění	1
rozpočet	1
strašit	1
osvobození	1
senzace	1
cenný	1
rozvést	1
pytlík	1
pochod	1
závěs	1
automaticky	1
obnovit	1
občerstvení	1
pěst	1
ohlásit	1
potrestat	1
levný	1
průchod	1
pokraj	1
občanský	1
natáhnout	1
lebka	1
val	1
zvítězit	1
pohodlně	1
vystopovat	1
šťáva	1
nadání	1
závazek	1
anonymní	1
velvyslanec	1
zřídka	1
infekce	1
aktivita	1
skromný	1
výstup	1
komedie	1
zvedat	1
chirurg	1
umožnit	1
jednička	1
tabule	1
kuchařka	1
sucho	1
obdržet	1
přijímat	1
maximum	1
objednávka	1
prohrát	1
trojka	1
injekce	1
pravděpodobný	1
zpravodajství	1
parlament	1
normál	1
cukroví	1
smrtelně	1
shánět	1
naznačit	1
důsledek	1
přeložit	1
čepice	1
žal	1
hvězdný	1
biskup	1
rámus	1
pohřební	1
komentář	1
pohodlný	1
stěhovat	1
rum	1
panství	1
profil	1
skutek	1
odkaz	1
postupovat	1
moucha	1
radar	1
kočičí	1
jedinečný	1
léčení	1
plavky	1
generální	1
opuštěný	1
impérium	1
zastavení	1
logický	1
filmový	1
tolerovat	1
kulturní	1
gravitace	1
čistit	1
zapojit	1
pochybovat	1
pohlavní	1
sňatek	1
jaderný	1
komplikace	1
lampa	1
mateřský	1
prodavač	1
divadelní	1
stavební	1
zvýšení	1
víceméně	1
správní	1
ústředí	1
mužstvo	1
mimořádně	1
samec	1
studie	1
milá	1
utopit	1
podlaží	1
zavést	1
krvavý	1
přísloví	1
koníček	1
ujet	1
vyskočit	1
trávník	1
hedvábí	1
zkušební	1
navštěvovat	1
poctivě	1
pouhý	1
zahlédnout	1
mýtus	1
krabička	1
vypovídat	1
federace	1
svěží	1
spolek	1
vana	1
sbírat	1
záchranný	1
mluvčí	1
oční	1
železo	1
unie	1
příšerný	1
operovat	1
kabel	1
vychovat	1
obilí	1
liga	1
obsadit	1
buben	1
vyučování	1
poctivý	1
zkažený	1
odlišný	1
pozoruhodný	1
aktuální	1
sukně	1
obráceně	1
rajče	1
dojemný	1
kov	1
vyznamenání	1
stáří	1
půlka	1
spatřit	1
zahynout	1
ledový	1
úprava	1
čerstvě	1
ukrýt	1
směs	1
specialita	1
ostří	1
obočí	1
odjezd	1
skvrna	1
chladný	1
premiéra	1
Island	1
přiletět	1
desetiletí	1
posvátný	1
chodník	1
prospět	1
galerie	1
jižně	1
plynout	1
vyloučit	1
scénář	1
nakreslit	1
přízemí	1
snaha	1
pata	1
sklon	1
vyjádření	1
hladový	1
devátý	1
evakuace	1
vizuální	1
sebevědomí	1
včerejšek	1
zajímavě	1
úsudek	1
spočítat	1
využití	1
ohrozit	1
beztak	1
šikovný	1
poznávací	1
vyletět	1
hořící	1
písmeno	1
okamžitý	1
pohroma	1
ulička	1
zpěvačka	1
záření	1
strop	1
automat	1
narušení	1
svatyně	1
schodiště	1
čelist	1
rosa	1
uložit	1
produkt	1
vykonat	1
zahrnovat	1
peří	1
mírně	1
upadnout	1
ručník	1
domek	1
skříňka	1
pojem	1
poctít	1
sir	1
překážka	1
odvolat	1
černoch	1
porozumění	1
potrava	1
zdržet	1
vyčerpaný	1
chybějící	1
výprava	1
žák	1
společenský	1
dodržet	1
ocenění	1
vyplatit	1
proměnit	1
časový	1
ostuda	1
rozloučení	1
každodenní	1
povolit	1
hladina	1
zaujmout	1
vous	1
překročit	1
částka	1
řezník	1
tep	1
svaz	1
postřeh	1
potravina	1
náležet	1
prudce	1
trestní	1
výmluva	1
zabavit	1
otřes	1
snížit	1
oprava	1
spustit	1
vyjet	1
uzel	1
předek	1
projížďka	1
příprava	1
desátý	1
kulička	1
komplex	1
hádka	1
darovat	1
hlasování	1
dospět	1
svobodně	1
nádech	1
odevzdat	1
pozdní	1
smrtelný	1
běda	1
italský	1
hřeben	1
posunout	1
diplom	1
průměrný	1
výjimka	1
uprchnout	1
dohnat	1
velkolepý	1
rvačka	1
bouřit	1
zpáteční	1
žhavý	1
troska	1
pohon	1
titulní	1
železnice	1
chytnout	1
oprávnění	1
přísný	1
blesk	1
robota	1
vyprávění	1
výplata	1
dárce	1
pomocník	1
subjekt	1
pot	1
konkurence	1
slovní	1
vesmírný	1
lupič	1
navázat	1
kvalita	1
ukončení	1
morálka	1
málokdy	1
obecně	1
technický	1
klást	1
odraz	1
princip	1
hmota	1
podávat	1
mráz	1
architekt	1
zvenku	1
knihkupectví	1
epidemie	1
zacházení	1
železný	1
filozofie	1
kandidát	1
získávat	1
záblesk	1
delikátní	1
zkoumat	1
hrudník	1
zahájit	1
medicína	1
fond	1
nastavit	1
rozšířit	1
strážný	1
plachta	1
legendární	1
spokojen	1
šatník	1
miláčku	1
rodiče	1
snažil se	1
titulky	1
sedm	1
nejbližší	1
učitelé	1
osm	1
hledám	1
naposledy	1
viď	1
stopy	1
city	1
zákony	1
vrazi	1
in	1
drogy	1
vám	1
sto	1
blížit se	1
blíží se	1
ptát	1
předpokládám	1
zbývá	1
vojáci	1
kdykoliv	1
něčí	1
aniž	1
končí	1
hodil	1
stará	1
starat	1
leží	1
objevil	1
slepit se	1
jednotky	1
zmírnit	1
tomu	1
měl	1
barbarský	1
sednout	1
služby	1
kdepak	1
jedině	1
kontakty	1
rad	1
dočkat	1
zneužít	1
nepřímý	1
plno	1
nervy	1
odpočinout	1
nuže	1
jež	1
činy	1
míří	1
spadl	1
trápil	1
býval	1
hosté	1
nechť	1
okolnosti	1
procesu	1
děda	1
známky	1
ničil	1
set	1
bouřka	1
schody	1
scény	1
věnoval	1
posily	1
dostatečně	1
uvádí	1
hraní	1
slzy	1
vstoupil	1
základy	1
ačkoliv	1
čtyřicet	1
následky	1
poradil	1
samotný	1
k dispozici	1
administrátor	1
nalevo	1
odkdy	1
poznámky	1
péro	1
řeší	1
hodlám	1
leda	1
zaprvé	1
listy	1
viďte	1
tragédie	1
nachází	1
houby	1
zato	1
nastane	1
šperky	1
přísahal	1
miliarda	1
dopravní	1
domnívá	1
teče	1
námitky	1
touží	1
nabízí	1
pásy	1
vyhovuje	1
teplý	1
brambory	1
nepochybně	1
živě	1
tvořil	1
tvoří	1
památky	1
propouštění	1
jenomže	1
technicky	1
srdíčko	1
údaje	1
překvapil	1
vydělává	1
daleký	1
párky	1
znalosti	1
objekty	1
přivítání	1
kosti	1
svítí	1
čestné	1
mnozí	1
mnohé	1
cože	1
dneska	1
děvčata	1
skončí	1
důkazy	1
blížit	1
zmizel	1
chytil	1
bílé	1
kočky	1
veselý	1
třicet	1
nenávidí	1
hračky	1
lékaři	1
slabé	1
studenti	1
pytle	1
legendy	1
klidné	1
české	1
vězni	1
dvěma	1
Czech	1
odhalil	1
plést	1
doučování	1
drmolit	1
odříkat	1
odporovací	1
vycházení	1
palba	1
nalezl	1
doposud	1
vím	1
slova	1
vyznačovat	1
dotýkat	1
hrneček	1
služební	1
kos	1
pást	1
vít	1
věnec	1
sláma	1
stoh	1
slavík	1
ptáček	1
vážka	1
klouzačka	1
koloběžka	1
skřítek	1
křepelka	1
káča	1
vlaštovka	1
pantofle	1
mlsný	1
hříbek	1
muchomůrka	1
kůra	1
lodička	1
loďka	1
oceli	1
ocel	1
dělí	1
udeřil	1
umožňuje	1
devatenáct	1
zhasnout	1
žíly	1
hormony	1
odmítnutí	1
různě	1
marně	1
formální	1
diskuze	1
uzavření	1
příspěvek	1
náhodný	1
loket	1
teploty	1
zřetel	1
příloha	1
nahrát	1
úlovek	1
hobby	1
Se	1
zdít	1
pouť	1
tok	1
jevit	1
jev	1
jevit se	1
hod	1
nález	1
zaskočit	1
básnit	1
příležitostně	1
definice	1
bratři	1
ženy	1
kolegové	1
si	1
ti	1
ho	1
kaplička	1
vinobraní	1
předehra	1
uhánět	1
plocha	1
vykonávat	1
tango	1
moderátor	1
předložit	1
konstrukce	1
jsme	1
tě	1
příručka	1
univerzální	1
jednotlivý	1
klíčový	1
stylistický	1
opřít	1
bezprostřední	1
vepřové	1
rozvít	1
rozvitý	1
těch	1
té	1
skončil	1
vlasy	1
myslel	1
ječmen	1
srst	1
lak	1
nehty	1
smím	1
ztratil	1
nechám	1
myslí	1
přichází	1
odvětví	1
úzký	1
postižený	1
ohledně	1
elektronický	1
katalog	1
seznámení	1
šroub	1
na první pohled	1
rozvíjet	1
schválení	1
použitý	1
zásuvky	1
pásmo	1
nájemní	1
honorář	1
sílit	1
narozený	1
zařízený	1
nebezpečný	1
kyselý	1
skopec	1
švestka	1
švestky	1
kadeřnictví	1
dohodnout	1
smetana	1
vzdalovat	1
hrudní	1
žito	1
detailně	1
otáčky	1
otáčka	1
pokusit	1
hledal	1
náročnost	1
písemně	1
kapusta	1
novotvar	1
vykonání	1
účinnost	1
hruška	1
věci	1
kuřata	1
jíš	1
tykev	1
dýně	1
teoretik	1
o tom	1
banky	1
blíže	1
kotouč	1
pil	1
máme	1
na stole	1
mém	1
monitor	1
říkal	1
svíčková	1
fotoaparát	1
válečník	1
dostal	1
chvilku	1
lihovina	1
nechat na pokoji	1
údržba	1
směřování	1
nemůžete	1
nevadí	1
krotit se	1
skrze	1
kazajka	1
mluví	1
lépe	1
bydlí	1
jedenáct	1
přepínat	1
přepnout	1
piva	1
města	1
špička	1
dne	1
čtvrtka	1
laktóza	1
jeden za druhým	1
cestuji	1
stavitel	1
věřím	1
z toho	1
ústava	1
referendum	1
cynický	1
běží	1
beru	1
nepřehledný	1
tamtéž	1
napodobit	1
útoky	1
bychom	1
ranní ptáče dál doskáče	1
orel	1
čtyři	1
zpuchřelý	1
investovat	1
pomoz mi	1
veselé vánoce	1
obdarovaný	1
šťastný nový rok	1
držitel	1
jejíž	1
uvolněný	1
náraz	1
jí	1
stěžovat si	1
stěžuje	1
vlhko	1
vlhký	1
ošidit	1
ošidil	1
ji	1
dobré ráno	1
naposled	1
lidé	1
bál	1
balon	1
bankovnictví	1
kauza	1
seznámit se	1
léčivo	1
přestup	1
narychlo	1
akorát	1
krb	1
shodný	1
volby	1
promítat	1
ceněný	1
tvorba	1
hmat	1
zabývat se	1
stavit se	1
moct	1
my	1
všechen	1
lze	1
Praha	1
muset	1
zem	1
např.	1
Kč	1
říct	1
km	1
nacházet	1
dle	1
cm	1
obec	1
cca	1
tzv.	1
všecek	1
Evropa	1
USA	1
tři	1
sebe	1
mm	1
přitom	1
atd.	1
milion	1
případně	1
umožňovat	1
EU	1
video	1
peníz	1
apod.	1
následně	1
přičemž	1
tj.	1
výrazně	1
prostřednictvím	1
spíš	1
kg	1
Jiří	1
bývat	1
možno	1
náš	1
Brno	1
poskytovat	1
Josef	1
Pavel	1
převážně	1
Česko	1
minimálně	1
pohov	1
prdel	1
kojit	1
otěhotnět	1
jemná	1
kříže	1
shrnout	1
napínavý	1
respektive	1
říkám	1
nebyl	1
jsi	1
o čem	1
s kým	1
na jedno použití	1
čárka	1
Čech	1
studuje	1
mluvím	1
sportovkyně	1
sportovec	1
má	1
kina	1
rozumí	1
děla	1
dělá	1
učí	1
roky	1
vína	1
aut	1
domů	1
Švédsko	1
řepa	1
ono	1
zajíc	1
vrána	1
veverka	1
tramvaj	1
taxík	1
restauraci	1
Německo	1
hledá	1
chata	1
hadice	1
hity	1
hory	1
zaražený	1
poplácání po zádech	1
fňukat	1
rivalita	1
doporučený	1
profese	1
tečky	1
tečka	1
zavináč	1
číšník	1
uklízečka	1
sleď	1
pozor	1
brzo	1
bydliště	1
vidím	1
kluci	1
hrnčíř	1
hrnec	1
pečení	1
makaróny	1
uložit pokutu	1
sonda	1
potkal	1
porcelán	1
místnosti	1
kolem dokola	1
v každém případě	1
chtěl	1
patrona	1
autoritativní	1
stručný	1
organizace práce	1
aféra	1
snadné	1
šeredný	1
ojediněle	1
programátor	1
výkal	1
jsem	1
mohu	1
jest	1
aspoň	1
mohl by	1
rouška	1
je mi líto	1
ospalý	1
dopravovat	1
chystat	1
cokoli	1
jedenkrát	1
aspekt	1
ječet	1
kočár	1
asociace	1
bezprostředně	1
chybí	1
provázet	1
odpoutat se	1
odpočívá	1
mé	1
moje	1
mého	1
zvolat	1
ovládán	1
sourozenci	1
spasit	1
zeptat	1
vejtaha	1
zaměstnaný	1
prodeje	1
nerad	1
oblékat	1
stoupnout	1
šátek	1
tobě	1
opouštím	1
vole	1
nabít	1
roucho	1
obchodní dům	1
prší	1
kamarádka	1
hořký	1
dělám	1
oblačno	1
zataženo	1
vyšší	1
nejvyšší	1
svetr	1
tisknout	1
nejsem	1
namítání	1
navazovat	1
substance	1
hrál	1
údiv	1
rozzlobit	1
blbý	1
jmenuji se	1
kdykoli	1
komoda	1
klávesnice	1
rozejít	1
podívat	1
oba	1
šunka	1
kompetentní	1
