που	6
ούτε	5
ευθεία	5
να	5
και	4
αμάξι	4
παρελθόν	3
θέα	3
σήμερα	3
μόλις	3
έρχομαι	3
στο	3
αίμα	3
προσοχή	3
με	2
διαφορετικός	2
υπάρχει	2
κατευθείαν	2
αλλεργικός	2
βγάζω	2
τάξη	2
αφού	2
μήπως	2
από	2
έτσι	2
καρδιά	2
ψάρι	2
παρακάτω	2
χώρος	2
ευκαιρία	2
αν	2
αφεντικό	2
κανείς	2
τέτοιος	2
ξεχνώ	2
περιεχόμενο	2
δεν	2
για	2
σπάνια	2
μα	2
αναφέρομαι	2
φυλακή	2
ενδιαφέρον	2
Θεός	2
χρειάζεται	2
βαρετό	2
Τετάρτη	2
περιοχή	2
του	2
συμβαίνει	2
ορεκτικά	2
φαγητό	2
χωρίς	2
θαρρώ	2
επιστρέφω	2
τα	2
σχεδόν	2
πόλη	2
χώρα	2
σημασία	2
τιμή	2
περίπτωση	2
φως	2
χάλι	2
ρούχα	2
καταφέρνω	2
στραβά	2
κυριολεκτικά	2
εξωτερικό	2
επίτηδες	2
ανά	2
Ελλάδα	2
απόλυτο	2
τρύπα	2
μέλλον	2
βιβλιοθήκη	2
δείπνο	2
γραφείο	2
πηγαίνω	2
χαρά	1
διάφορος	1
δάσος	1
υποχρεωμένος	1
χαιρετίζω	1
διάθεση	1
βαριέμαι	1
ντυμένος	1
έρημος	1
προϊόν	1
προϊόντα	1
όποτε	1
μέλος	1
ακόμα και	1
σορτς	1
διαρκώς	1
πλεονέκτημα	1
κεφάλαιο	1
άγρια	1
χαλαρός	1
συρτός	1
περιέργεια	1
πλησιάζω	1
ρωτώ	1
ανήσυχος	1
ετοιμάζομαι	1
σπουδαίος	1
ομίχλη	1
διάλεξη	1
καύσωνας	1
εμπρός	1
συγχρόνως	1
ήπιος	1
κουνούπι	1
αφότου	1
άγιος	1
κάρβουνο	1
διασχίζω	1
κάπως	1
υποθέτω	1
ιατρική	1
λερωμένος	1
ανιψιός	1
αντίθεση	1
ώσπου	1
βενζίνη	1
ώστε	1
ημερήσιος	1
ημερήσια	1
σκιά	1
νηστεία	1
μακάρι	1
καλάθι	1
ντροπαλός	1
βορβορώδης	1
ανήκω	1
ψυγείο	1
μελέτη	1
παιδιά	1
ηλιθιος	1
πείνα	1
λύση	1
προσελκύω	1
πια	1
εμάς	1
κιόλας	1
προέλευση	1
ταυτόχρονα	1
ιδρυτής	1
εκλογές	1
εθνικότητα	1
ούτε καν	1
ακόμη και αν	1
πάνω από	1
τυχαίος	1
τυχαίο	1
τυχαία	1
άνεργος	1
αμφιβάλλω	1
έντονος	1
πάνω κάτω	1
ενώ	1
αν και	1
είτε	1
άρα	1
ωστόσο	1
άμα	1
εάν	1
δηλαδή	1
καθώς	1
προτού	1
ας	1
όποιος	1
άκρη	1
σχεδιάζω	1
συνήθεια	1
ρήμα	1
πάθος	1
Ελληνικά	1
γνωριμία	1
καθρέφτης	1
σχετικός	1
σχετικά	1
ξύλινος	1
ξύλινο	1
μανάρι	1
θυρίδα	1
καμπάνα	1
λαδί	1
αντιμετωπίζω	1
αντιμετώπιση	1
πιστεύω	1
αρχίζω	1
θυμάμαι	1
γίνομαι	1
πάω	1
σκέφτομαι	1
υπάρχω	1
εγώ	1
δικαίωμα	1
ξεναγός	1
επαγγελματίας	1
επαγγελματικός	1
αερόστατο	1
κράτηση	1
σύστημα	1
χρεώνω	1
γεγονός	1
πορεία	1
πολύ	1
συνομιλία	1
περιεκτικότητα	1
πρόσφατα	1
σκάκι	1
σκοπεύω	1
κινούμαι	1
βουτάω	1
θα	1
μου	1
το	1
φήμη	1
σπανίως	1
ανάλογα	1
παρεμπιπτόντως	1
ονομάζω	1
υπέροχος	1
καλόκαρδος	1
ορατότητα	1
κλείνω	1
εξαιτίας	1
χατίρι	1
τους	1
όντως	1
κατάδυση	1
μυαλό	1
όλα	1
βιβλίο	1
μολύβι	1
χαρτί	1
για να	1
γράφω	1
κάθε	1
περνώ	1
βροχή	1
αύριο	1
ανάπτυξη	1
τείνω	1
αγνός	1
φίλος	1
κανονίζω	1
μαζί	1
άρτος	1
Πάλι	1
χρειάζομαι	1
νοιάζει	1
αγοραστής	1
αισιόδοξος	1
αλεπού	1
αιτιολογία	1
διάστημα	1
αισθάνομαι	1
πολιτική	1
Αθήνα	1
μεγάλος	1
άλλος	1
εκεί	1
αίσθηση	1
συγκεντρωμένος	1
μεσάνυχτα	1
άλογο	1
μνημείο	1
για λίγο	1
εφαρμογή	1
καμπίνα	1
επιστροφή	1
ημερολόγιο	1
πολιτισμός	1
φροντίζω	1
πρωί	1
βαρετός	1
ενδιαφέρων	1
λέγομαι	1
τίποτα	1
ποσό	1
πόσο	1
διαβίωση	1
κάλος	1
καλός	1
μερικές φορές	1
όμως	1
πεινασμένος	1
ένσταση	1
διαθέσιμος	1
ξαφνικά	1
φυσικά	1
ξανά	1
ηλίθιος	1
αφιερώνω	1
μαθαίνω	1
διαβάζω	1
από την αρχή	1
μάθημα	1
κείμενο	1
αίθουσα	1
σου	1
αύξηση	1
Αραβικά	1
Κινέζικα	1
ευτυχισμένος	1
θαυμάζω	1
τι	1
μια	1
ένα	1
σε	1
σκάφος	1
σημαντικός	1
προσφέρω	1
αυτό	1
μαχαίρι	1
χρησιμοποιώ	1
διασκέδαση	1
πλάκα	1
ρε	1
πεινάω	1
αριθμομηχανή	1
σόμπα	1
επικροτώ	1
πρέπει	1
ορίζω	1
πεθαίνω	1
φαίνομαι	1
συμβαίνω	1
μέσο	1
τέλος	1
θέση	1
όπλο	1
ομάδα	1
σχέση	1
ψέμα	1
γεμάτος	1
συνοικία	1
ήσυχος	1
επαρχία	1
δύναμη	1
υπόθεση	1
τύχη	1
ποτό	1
χρήμα	1
γη	1
σχέδιο	1
γονέας	1
χάρη	1
αρχή	1
φωτιά	1
σειρά	1
πόλεμος	1
συμφωνία	1
επιλογή	1
άδεια	1
γνώμη	1
πλευρά	1
κομμάτι	1
σημείο	1
πραγματικότητα	1
ανάγκη	1
αλλεργία	1
πρόβλημα	1
φασαρία	1
ίδιος	1
είμαι	1
ότι	1
χόμπι	1
εδώ και	1
πύλη	1
τριγύρω	1
φάση	1
μίγμα	1
μείγμα	1
συνδεδεμένος	1
ομπρέλα	1
αρχαίος	1
πρόκειται	1
τονίζω	1
άστατος	1
προβολή	1
διαδρομή	1
αμέσως	1
ζήτημα	1
εξήγηση	1
άδικο	1
παρόλο	1
δικαιολογία	1
πλήττω	1
αφόρητα	1
εμβόλιο	1
σκόπιμα	1
ζούγκλα	1
στυλ	1
μίξη	1
παλιότερα	1
παν	1
κατά	1
διάρκεια	1
πίσω	1
αργός	1
απολύτως	1
εξαφανιστεί	1
τώρα	1
χαρακτηριστικό	1
βίδα	1
αεροπλάνο	1
οδός	1
πριν	1
υπό	1
διευθυντής	1
αρχείο	1
δεύτερη	1
πέσει	1
μηλιά	1
μπρος	1
λίγο	1
Αγγλία	1
αξία	1
αγωνία	1
πλήρως	1
εκτός	1
γραμματέας	1
κατηγορώ	1
πάλι	1
ελκυστική	1
ελκυστικός	1
τύπος	1
πρόθυμος	1
πάσο	1
επαφή	1
χοντρός	1
δοκιμή	1
λεπτά	1
κινητό τηλέφωνο	1
αποφασίζω	1
καταφέρω	1
αίτηση	1
παραμύθι	1
είσοδος	1
τζάμπα	1
δυνατότητα	1
περιφρονητικά	1
είναι	1
Ευρώπη	1
ήπειρος	1
δεν είναι	1
Αγάπη	1
παντρεμένος	1
σύζυγος	1
καθαρός	1
βρόμικος	1
εξίσου	1
περίπου	1
γυναίκες	1
λιγότερα	1
σιωπή	1
χάνω	1
κερδίζω	1
παράσταση	1
όρθιος	1
αντί	1
άραγε	1
λόγια	1
τεμπέλης	1
συμβουλή	1
πράσινος	1
πράσινο	1
τοίχος	1
δημόσια	1
δημόσιο	1
ανοιχτή	1
κοινό	1
μένω	1
περιμένω	1
επιμένω	1
λεμόνι	1
πορτοκάλι	1
μήλο	1
άσβεστος	1
φούστα	1
φόρεμα	1
εξασκημένος	1
αγελάδα	1
πουλί	1
ποντίκι	1
ζώο	1
τρένο	1
νταλίκα	1
αυτοκίνητο	1
ποδήλατο	1
λεωφορείο	1
ψάχνω	1
βάρκα	1
πλοίο	1
ουσιαστικό	1
ατμομηχανή	1
εισιτήριο	1
σπίτι	1
κυβερνήτης	1
μεγαλούπολη	1
διαμέρισμα	1
δρόμος	1
αεροδρόμιο	1
γέφυρα	1
ξενοδοχείο	1
εστιατόριο	1
φάρμα	1
σχολείο	1
τροχιά	1
χρήση	1
προσωπικός	1
δεδομένο	1
συνεργάτης	1
αποδέχομαι	1
σκεπάζω	1
χωρώ	1
πέραν	1
αντέχω	1
κόλπος	1
απέραντος	1
περιβάλλον	1
ισορροπία	1
στόχος	1
αναρωτιέμαι	1
στρώνω	1
ντουλάπα	1
απόψε	1
τρελός	1
ατύχημα	1
Χρήστος	1
έδρα	1
επιχείρηση	1
διάλεκτος	1
ανταλλαγή	1
βαθμολογία	1
πρωταθλητής	1
πρωτάθλημα	1
εξασκούμαι	1
Ιησούς	1
άρρωστος	1
μάτι	1
ηχώ	1
τρομερά	1
έγκυος	1
επισκέπτομαι	1
συναντιέμαι	1
δωμάτιο	1
πανεπιστήμιο	1
σύλλογος	1
μπαρ	1
πάρκο	1
χαμός	1
ρεπό	1
κατασκήνωση	1
κατάστημα	1
θέατρο	1
αλήθεια	1
ραντεβού	1
βδομάδα	1
μαγαζί	1
περήφανος	1
υποχρέωση	1
πτώμα	1
ανήκει	1
Ιανουάριος	1
Φεβρουάριος	1
Μάρτιος	1
Μάρτης	1
Απρίλιος	1
Αύγουστος	1
Σεπτέμβριος	1
Οκτώβριος	1
Νοέμβριος	1
δευτέρα	1
τρίτη	1
Τρίτη	1
Πέμπτη	1
Παρασκευή	1
Σάββατο	1
Κυριακή	1
πλούσια	1
ήλιος	1
βόλτα	1
τριάντα	1
κόλαση	1
νοσοκομείο	1
εκκλησία	1
μπλούζα	1
κτίριο	1
καφές	1
κρασί	1
μπύρα	1
νερό	1
γάλα	1
βιογραφικό	1
εμπειρία	1
αναφορά	1
αυτοπροσώπως	1
βιασύνη	1
πρωινό	1
σπουδές	1
πωλητής	1
είστε	1
Ηνωμένες Πολιτείες	1
ενωμένος	1
απουσία	1
βοήθεια	1
διψάω	1
πράγμα	1
κόμμα	1
ήμουν	1
κάνω	1
θέλω	1
έξυπνα	1
παλεύω	1
πλαστός	1
μην	1
βαθμός	1
καμία	1
ακούω	1
γείτονας	1
αγόρι	1
αγορά	1
λουκάνικο	1
ελαφρός	1
ψωμί	1
ελαιόλαδο	1
τυρί	1
μεζέδες	1
τουλάχιστον	1
πιάτο	1
πλύνω	1
ορεκτικό	1
συνταγή	1
κανονικό	1
δράση	1
κάνει	1
κούκλα	1
προτιμώ	1
ήδη	1
σύντομα	1
καλημέρα	1
κάτι	1
ταιριάζει	1
