eĉ	80
kvankam	77
krom	74
jam	70
ajn	69
kvazaŭ	63
po	62
plu	62
ja	62
nu	57
ankaŭ	56
dum	55
jen	54
je	53
do	50
ankoraŭ	50
da	47
tuj	46
por	45
se	45
antaŭ	45
ol	44
laŭ	44
de	44
ia	43
per	40
kiu	40
el	39
nur	38
kiom	36
iam	35
kaj	35
al	35
kiam	35
ambaŭ	35
tiam	34
sen	34
sur	34
nun	33
ve	33
ĵus	32
tial	32
ĉu	32
post	30
ĉar	30
en	30
ke	29
ie	29
malgraŭ	29
anstataŭ	29
for	29
iom	29
apud	29
sub	28
ju	28
iel	27
aŭ	27
des	27
baldaŭ	27
ho	27
kontraŭ	26
nek	25
sed	24
agi	23
iu	23
mem	23
kun	23
saluton	23
ci	22
si	22
kial	22
ek	22
he	21
tiu	21
ien	19
trans	19
morgaŭ	18
tiom	18
io	17
vi	17
tiel	17
ronĝuloj	16
plus	16
mi	16
patro	15
konigi	15
ies	15
gefratoj	15
ha	15
li	14
ial	14
du	14
unu	14
pluraj	14
strato	13
sin	13
ekde	13
bonvolu	13
aliro	13
bis	12
minus	12
la	12
cent	12
aparta	12
teni	12
taksi	12
kiel	12
pro	12
naŭ	11
ni	11
gepatroj	11
boj	11
ne	11
kion	11
nul	10
jes	10
moluskoj	10
dankon	10
preter	10
ok	10
tiri	10
pardonu	10
ĉirkaŭ	10
nepre	10
kia	10
vojo	10
dormosako	9
fako	9
Alpoj	9
bestoj	9
al sub	9
estas	9
konduki	9
aĥ	9
sinteno	9
cis	9
gamo	9
fi	9
hej	9
kio	9
rilata	9
kies	9
koncerne	9
ekster	8
laŭroj	8
post kiam	8
notoj	8
sep	8
fungoj	8
geavoj	8
kelkaj	8
dek	8
ses	8
ba	8
postmorgaŭ	8
regi	8
ktp	8
malantaŭ	8
ŝvebi	8
damoj	8
trafi	8
daŭre	8
gratulon	8
pri	8
ero	7
algoj	7
mil	7
molestado	7
ties	7
ege	7
pomujo	7
transpreni	7
mu	7
pli	7
igi	7
pinto	7
meti	7
de post	7
eco	7
foje	7
de sur	7
verŝajne	7
apogi	7
preni	7
iom post iom	7
tia	7
be	7
viro	6
eble	6
vico	6
tamen	6
tavolo	6
mirinda	6
gekuzoj	6
ŝalti	6
kurso	6
viŝi	6
TTT	6
ĉirkaŭaĵo	6
robo	6
ŝŝ	6
neniam	6
faruno	6
de sub	6
precipe	6
trakti	6
kraboj	6
kapabla	6
krano	6
io ajn	6
fare de	6
nafto	6
krado	6
leĝera	6
entrepreno	6
tien	6
kvar	6
realigi	6
mito	6
antaŭe	6
kapo	6
koko	6
ĉe	6
trotuaro	6
esti	6
kiuj	6
cetere	6
regado	6
plej	6
kaduka	6
kafo	6
iuj	6
krome	6
povo	6
propra	6
etendi	6
abunda	6
ŝanĝi	6
domo	6
ĉio	6
Tenas	5
flavaj paĝoj	5
iama	5
kioma	5
ampleksa	5
Bahamoj	5
ĝis	5
Skotlando	5
kamparano	5
plantoj	5
fekunda	5
timiga	5
arabo	5
radioamatoro	5
ujo	5
certa	5
siavice	5
Adam	5
taŭga	5
emo	5
flugo	5
super	5
ĉiel	5
Marŝaloj	5
Franca Gujano	5
atendi	5
unuopa	5
cervo	5
nenia	5
ĝuste	5
peco	5
afabla	5
multe	5
justa	5
neniu	5
neniel	5
okupiĝi	5
hm	5
ĉerpi	5
peranto	5
koro	5
zono	5
homaro	5
kialo	5
almenaŭ	5
evidente	5
pere	5
geamantoj	5
vigla	5
cerbo	5
rondo	5
por ke	5
antaŭ ol	5
finfine	5
bangastoj	5
temo	5
kato	5
stango	5
fakulo	5
fuŝi	5
nura	5
elteni	5
plie	5
klavaro	5
vojaĝo	5
kie	5
ree	5
timo	5
Faris	5
ŝerco	5
entute	5
homoj	5
koto	5
estu	5
kompreneble	5
loko	5
fiera	5
mendi	5
ĉagreni	5
ho ve	5
manĝaĵo	5
Ĉashundoj	4
placo	4
bone	4
cikadoj	4
kredeble	4
donaco	4
foriri	4
ekzameno	4
kompato	4
devas	4
forno	4
certigi	4
multaj	4
dinosaŭroj	4
disde	4
ĉi tie	4
nenion	4
postuli	4
Salomonoj	4
bulgaro	4
Komoroj	4
aro	4
kavo	4
Ŝildo	4
pene	4
kolo	4
ŝablono	4
eldoni	4
kajero	4
kvanto	4
kien	4
sama	4
ondo	4
akra	4
fervora	4
agordo	4
sidanta	4
unuavice	4
pluvo	4
parte	4
tegmento	4
pago	4
inter	4
rabo	4
kuriero	4
flegi	4
aliflanke	4
tio	4
trafa	4
temas pri	4
fido	4
inda	4
tiel kiel	4
pugo	4
kalsono	4
venko	4
vivu	4
trajto	4
reen	4
kapto	4
vane	4
proksima	4
hela	4
gasti	4
lasi	4
aminda	4
aĉa	4
ema	4
inkluzive	4
rikolto	4
morta	4
fono	4
tre	4
tiuj	4
impresa	4
tima	4
koni	4
aperi	4
kulo	4
skatolo	4
tra	4
kruta	4
mi amas vin	4
bedaŭrinde	4
kutime	4
tabulo	4
agado	4
posteno	4
ekzistas	4
tuko	4
mirinde	4
bonan tagon	4
fari	4
klini	4
lerta	4
rimedo	4
amema	4
ĉiam	4
ŝtupo	4
elŝuti	4
minaco	4
ombrelo	3
soifi	3
talpo	3
amiko	3
globo	3
bulo	3
alparoli	3
kapablo	3
ebena	3
nia	3
sia	3
video	3
palmoj	3
travivi	3
tago	3
ekaŭdatoj	3
animstato	3
necesi	3
ĉi-lasta	3
faro	3
birdoj	3
vermoj	3
febro	3
fia	3
fiasko	3
bedaŭri	3
fluo	3
fondo	3
rekono	3
foto	3
trapasi	3
ŝajne	3
forigi	3
ŝatata	3
akiri	3
Nur	3
ĉies	3
pigra	3
averto	3
pli da	3
kontraŭstari	3
malsupren	3
bo	3
dormema	3
sorto	3
fajfi	3
hararo	3
rezigni	3
plado	3
oni	3
fratino	3
grilo	3
teko	3
proksime	3
premo	3
atingi	3
graso	3
folio	3
rekta	3
ĉiom	3
ĉial	3
sino	3
migdalo	3
doma	3
ne plu	3
rava	3
maco	3
kadre de	3
esperanto	3
baro	3
salti	3
homa	3
Sin	3
enkonduki	3
rubo	3
bovlo	3
sekeco	3
apogo	3
alvoko	3
devigita	3
prilabori	3
obtuza	3
al trans	3
bela	3
seka	3
neniom	3
testo	3
imago	3
fraŭlino	3
hezite	3
knabo	3
Penas	3
nomo	3
kalo	3
rakonto	3
indulga	3
farigi	3
ventro	3
laktuko	3
karavano	3
supre	3
ekzemple	3
tro	3
prava	3
estonteco	3
agrabla	3
fasado	3
amato	3
seniluziigita	3
furoro	3
Eŭropo	3
devo	3
objekto	3
jara	3
servo	3
nenio	3
kantado	3
venonta	3
kara	3
pilolo	3
necesas	3
iu ajn	3
rampuloj	3
elparolo	3
sekva	3
kelka	3
kerno	3
kesto	3
pordo	3
vida	3
fakte	3
graveda	3
prelego	3
trankvile	3
nordo	3
konata	3
eblo	3
pere de	3
latva	3
datumoj	3
movado	3
pepado	3
proksimume	3
kordo	3
laŭbezone	3
forto	3
serio	3
cetera	3
okazo	3
memorigi	3
skolto	3
tajpi	3
kariero	3
subteni	3
likvo	3
estado	3
kunveno	3
kuracado	3
ŝtopilo	3
celi	3
terura	3
parolado	3
ago	3
konsentite	3
nome	3
preĝejo	3
klarigi	3
agadi	3
aliri	3
regno	3
alporti	3
antaŭeco	3
aganto	3
taŭgi	3
unuo	3
vido	3
diskonigi	3
cela	3
kore	3
alta	3
mateno	3
munti	3
alŝuti	3
amo	3
ekrano	3
disponebla	3
gapi	3
fadeno	3
prezo	3
pato	3
antikva	3
rimedoj	3
lima	3
neo	3
forta	3
turni	3
ejo	3
rabado	3
laŭvice	3
kontroli	3
pinglo	3
enspezo	3
postulo	3
mastrumado	3
aliĝi	3
neatendita	3
reveni	3
kune	3
ekesto	3
siatempe	3
voĉo	3
unu la alian	3
deĉifri	3
taso	3
sciigo	3
interalie	3
disigi	3
farita	3
interparoli	3
tritiko	3
ŝovi	3
pinta	3
bonvenon	3
kune kun	3
maniko	3
botelo	3
ŝtofo	3
meze	3
preskaŭ	3
famo	3
elkore	3
enigi	3
angoro	3
ampolo	3
salajro	3
ligita	3
unueca	3
konkuri	3
spuri	3
trompa	3
frenezulo	3
militestro	3
premi	3
fulmo	3
kunsido	3
miri	3
disvastiĝi	3
ŝiri	3
rimo	3
inverse	3
mentono	3
rando	3
tuta	3
dolore	3
enhavo	3
partie	3
elreviĝo	3
enkonduko	3
enspezi	3
spaco	3
provlegi	3
rekte	3
genio	3
ĉi	3
vetero	3
fajna	3
sata	3
obskura	3
spiti	3
estonto	3
lego	3
veturi	3
bulteno	3
plenumita	3
fino	3
fiulo	3
se nur	3
flago	3
kuri	3
akvo	3
submeti	3
fundo	3
hazarde	3
galo	3
pravigi	3
reciproka	3
kapro	3
diveni	3
grundo	3
milito	3
ordinare	3
sinsekva	3
hejmo	3
fosilo	3
venki	3
fakturo	3
etoso	3
tie	3
Vivas	3
antaŭen	3
peli	3
voko	3
nenie	3
same	3
ekiri	3
naskiĝtago	3
kian	3
celo	3
stiri	3
povas	3
renkonti	3
dankema	3
bezoni	3
malsanulejo	3
bonan matenon	3
tiom multe	3
ĉie	3
larmi	3
flustri	3
papilio	3
senco	3
nei	3
enretigi	3
esprimi	3
kruda	3
gvati	3
gvidi	3
kolekti	3
aviadilo	3
kaŝi	3
afero	3
ĉia	3
parenteze	3
rekoni	3
havi	3
esperante	3
bruo	3
konduto	3
aĉulo	3
estonta	3
lernado	3
fulmotondro	3
memo	3
samkiel	3
senĝena	3
recenzo	3
peno	3
spuro	3
ŝrumpi	3
bonfara	3
nutrado	3
penado	3
devus	3
kuranta	3
nescio	3
kompatinda	3
partio	3
plimulto	3
montri	3
prave	3
ŝarĝo	3
kruro	3
trempi	3
ŝnuro	3
pilko	3
ununura	3
surpriziĝi	3
Verde	3
pruvo	3
pasinta	3
kino	3
altiri	3
substreki	3
kiun	3
ĉiuj	3
lingvo	3
alia	3
gambo	3
konfido	3
strio	3
aranĝo	3
kuraĝigi	3
veka	3
dungi	3
ĉaro	3
ĝusta	3
glaciaĵo	2
plezure	2
streĉa	2
fremda	2
Time	2
terni	2
tiama	2
estinta	2
malsupre de	2
buleto	2
demeti	2
perlabori	2
DNA	2
fora	2
ripozo	2
severe	2
ebla	2
brunalgoj	2
vigle	2
atente	2
plej ofte	2
aŭda	2
dekstra	2
denaska	2
novaĵo	2
registri	2
kunlaboranto	2
volvi	2
arkaika	2
avido	2
ŝoseo	2
faktoro	2
fatala	2
fanto	2
farado	2
akcepti	2
tremo	2
muntado	2
kromo	2
feko	2
fiakro	2
kanajlo	2
fiksa	2
poezia	2
vagadi	2
plenumi	2
floko	2
veni	2
ŝafo	2
paroli	2
singularo	2
buklo	2
luiganto	2
distingiĝi	2
de kiam	2
imperativo	2
duondormi	2
formulo	2
Belorusujo	2
foro	2
frajo	2
kontado	2
kota	2
valorigi	2
atentigi	2
forviŝi	2
starigi	2
amase	2
scivoli	2
faldo	2
presilo	2
roso	2
larmoj	2
anstataŭigi	2
aparte de	2
radio	2
He	2
denove	2
vivo	2
frotgumo	2
tapeto	2
norma	2
signo	2
purigi	2
rivereto	2
germana	2
amuziĝi	2
morgaŭa	2
gisado	2
gluto	2
kompleksa	2
pritrakti	2
muskoj	2
alpreni	2
grado	2
grafo	2
granda	2
grapolo	2
kora	2
groto	2
babilema	2
blokado	2
bloko	2
Ion	2
pulovero	2
elsendo	2
spino	2
perfekte	2
nombro	2
vero	2
vera	2
vesperto	2
pezo	2
klimato	2
pripenso	2
pridemandi	2
jodo	2
itinero	2
tritika	2
rilato	2
haro	2
eluzi	2
rozo	2
kuracisto	2
finita	2
humuro	2
batalo	2
kalkulo	2
enketo	2
uzo	2
poŝo	2
ajna	2
kolibro	2
verki	2
skribi	2
decidi	2
duopo	2
kunteksto	2
elpensi	2
forrabi	2
de nun	2
matene	2
rezulto	2
poto	2
multo	2
felo	2
aero	2
densa	2
streĉita	2
krispa	2
tondi	2
konversacio	2
nenies	2
idaro	2
pova	2
enketi	2
regule	2
malproksime de	2
hirta	2
anstataŭi	2
timigo	2
formado	2
ŝarĝi	2
halti	2
dancanto	2
al antaŭ	2
de antaŭ	2
Dio	2
hororo	2
lin	2
humora	2
estrarano	2
dando	2
ene de	2
konstato	2
principe	2
kajaŭ	2
duope	2
ĉu ne	2
malafabla	2
Portas	2
flava	2
blanka	2
nigra	2
griza	2
nova	2
deklivo	2
vendota	2
sciante	2
fini	2
konto	2
plenumo	2
gastigi	2
vazo	2
vazaro	2
manĝilaro	2
apatia	2
eminenta	2
medio	2
neparhufuloj	2
repagi	2
glata	2
paniki	2
senmove	2
indukta	2
adicii	2
dika	2
historio	2
fronte al	2
lanco	2
modesta	2
rako	2
iĝi	2
ferdeko	2
borso	2
embarase	2
honto	2
ekscii	2
frato	2
ludanto	2
pordeto	2
fojo	2
plibonigi	2
potenco	2
plekti	2
skadro	2
movo	2
maŝo	2
komuna	2
ĉefrolulo	2
fekundeco	2
bonkore	2
feriado	2
amatino	2
marto	2
kafejo	2
endormiĝi	2
gardisto	2
baki	2
ricevilo	2
elporti	2
diservo	2
altvalora	2
peca	2
nomata	2
progreso	2
jupo	2
ŝlosilo	2
tono	2
persono	2
mondo	2
kabano	2
kablo	2
loĝi	2
hejma	2
lipharoj	2
ili	2
kampanjo	2
kamparo	2
gazeto	2
vundo	2
partopreni	2
plurfoje	2
aĝa	2
kapturna	2
konko	2
singarde	2
lojala	2
monaĥo	2
maizo	2
kono	2
ĝisfunde	2
sinsekve	2
iam ajn	2
kiam ajn	2
ĉi-foje	2
malbonhumora	2
karoto	2
kartono	2
kasko	2
kaso	2
hodiaŭa	2
hodiaŭ	2
fiero	2
kajuto	2
kava	2
mastrumi	2
makulita	2
amata	2
aligi	2
legenda	2
hundo	2
oportune	2
ankoraŭ ne	2
Tea	2
pi	2
pantalono	2
cento	2
malavara	2
alie	2
klako	2
klaso	2
ganto	2
grade	2
alloga	2
vulpo	2
kremaĵo	2
malsata	2
ĉeesti	2
osto	2
kolbaso	2
solo	2
tablo	2
trompo	2
vin	2
kvartalo	2
plago	2
gajni	2
frunto	2
devigi	2
sento	2
samideano	2
ene	2
jene	2
konkorda	2
posto	2
kontraŭa	2
priskribi	2
kuplo	2
korbo	2
skribita	2
muzo	2
korno	2
korpa	2
ŝi	2
korsaro	2
gajno	2
nomado	2
krono	2
arbaro	2
komunikado	2
moro	2
egale	2
verko	2
rigida	2
stupo	2
eĉ se	2
salato	2
bapti	2
barilo	2
plue	2
kubuto	2
kuglo	2
kunbatalanto	2
somero	2
fandi	2
rememoro	2
spite	2
ŝablona	2
ĉi tiu	2
metado	2
esplori	2
ferii	2
flughaveno	2
interesi	2
petveturi	2
vidindaĵo	2
vizitanto	2
okaze de	2
lasta	2
sufiĉa	2
verŝi	2
zorgi	2
zorgo	2
grava	2
kuro	2
aĵo	2
domaĉo	2
kuirado	2
misa	2
parolema	2
revidi	2
absolute	2
falo	2
mardo	2
plejparte	2
sekve	2
ĉefe	2
ferio	2
foriĝi	2
elpreni	2
edukado	2
petola	2
bieno	2
ronde	2
restarigi	2
rulseĝo	2
legolibro	2
ledaĵisto	2
noto	2
raporto	2
fosi	2
lumo	2
peza	2
ordo	2
profesio	2
estro	2
ŝtono	2
mova	2
portalo	2
utila	2
sismo	2
deteni	2
transdoni	2
pereo	2
reĝo	2
nepo	2
matĉo	2
neĝero	2
kredinda	2
fuŝe	2
eviti	2
eksa	2
farenda	2
ingo	2
kandelingo	2
planado	2
stablo	2
laca	2
estiminda	2
tolo	2
gaja	2
suko	2
lama	2
alnomo	2
sovaĝa	2
ĝojega	2
proksime de	2
formo	2
logi	2
viva	2
valoro	2
fiksrigardi	2
malvasta	2
merkato	2
sekcio	2
minimume	2
okazigi	2
bonhumora	2
lavi	2
aprobo	2
kortegano	2
Iris	2
taga	2
senpage	2
fermiĝi	2
batalema	2
velo	2
abundo	2
leĝa	2
nombra	2
orda	2
agordi	2
deklami	2
gastiganto	2
difektita	2
kontraste	2
kunvenejo	2
najlo	2
liano	2
prezento	2
novigo	2
malplej	2
seĝo	2
ligo	2
ekzameni	2
diable	2
redukti	2
ĉelo	2
konsternita	2
traktaĵo	2
havo	2
mano	2
serĉi	2
tranĉo	2
kapti	2
amuzo	2
probable	2
haltu	2
respektive	2
kinejo	2
plena de	2
delico	2
baptano	2
organa	2
kunigi	2
lanterno	2
tiel ke	2
persekuti	2
rasismo	2
esprimo	2
sterkaĵo	2
aktivulo	2
plato	2
programero	2
logo	2
juro	2
konscio	2
kontenta	2
verdire	2
vitro	2
amaso	2
saĝa	2
multjara	2
elcento	2
strangulo	2
programaro	2
ruli	2
vidado	2
devige	2
alkroĉi	2
kaŝita	2
kelnero	2
iomete	2
vigli	2
luksa	2
moknomo	2
malhelpi	2
speco	2
ŝanceliĝi	2
deveno	2
plumo	2
pizo	2
frue	2
kaŝe	2
pasto	2
traktado	2
negro	2
dungo	2
trafiki	2
fermilo	2
laŭleĝa	2
plenaĝa	2
ruza	2
scienculo	2
atenci	2
kuniĝo	2
disvendi	2
devio	2
ekkoni	2
alvoki	2
planto	2
ampleksi	2
saniga	2
telero	2
gasto	2
flari	2
salo	2
daŭra	2
troe	2
negoci	2
kultivado	2
bremsi	2
ekstere	2
porti	2
diligenta	2
trudo	2
vestaĵo	2
interŝanĝo	2
supra	2
vasta	2
virta	2
zorgado	2
ĝoja	2
ina	2
bato	2
spekti	2
popolo	2
prezenti	2
eltiri	2
marko	2
neutila	2
retiriĝi	2
sukcesi	2
patrujo	2
mensa	2
senĝene	2
trarigardo	2
mia	2
necesejo	2
migrado	2
apoga	2
media	2
bubo	2
ĝin	2
piedo	2
unufoje	2
ie ajn	2
Mola	2
sinonimo	2
disvastigi	2
letere	2
pravo	2
moda	2
modo	2
sciigi	2
renversi	2
mono	2
plano	2
puno	2
monujo	2
distri	2
morto	2
instruado	2
bildo	2
homamaso	2
mustardo	2
al mi	2
brako	2
oro	2
bezonata	2
mallaborema	2
erudiciulo	2
strikta	2
gardi	2
limo	2
kunpremita	2
gliti	2
balai	2
putri	2
ĉikani	2
nepra	2
singarda	2
muso	2
garni	2
sperto	2
albano	2
neĝa	2
poste	2
tradicie	2
tiea	2
jarcento	2
restoracio	2
angulo	2
flegisto	2
kolono	2
sekura	2
neta	2
ulo	2
Diino	2
mordi	2
ŝargi	2
maltrafi	2
kompanio	2
nula	2
tranĉi	2
buko	2
olda	2
utili	2
varbi	2
antaŭulo	2
svati	2
palpi	2
malsupre	2
profunda	2
malliberejo	2
haroj	2
aŭskulti	2
pekanto	2
ĉefa	2
penso	2
subpremi	2
pimpa	2
ĉapo	2
pika	2
pluralo	2
energie	2
giĉeto	2
prilaborado	2
vaska	2
rezigni pri	2
kuŝi	2
ĉeestanto	2
puto	2
putra	2
rajdado	2
jare	2
ĉarego	2
intervjui	2
pretervole	2
varianto	2
ekstari	2
haltejo	2
arĝento	2
trabo	2
saliko	2
talio	2
metio	2
sabro	2
pli aŭ malpli	2
nebulo	2
ĝeno	2
multa	2
tirano	2
opo	2
aligita	2
intervjuo	2
kreinto	2
sanon	2
serpo	2
strigo	2
teksaĵo	2
plaĉo	2
konsterni	2
elfosi	2
tualeto	2
spado	2
serioze	2
irigi	2
eraro	2
favore	2
histo	2
jena	2
surprizita	2
plena	2
ŝerci	2
cepo	2
dume	2
bongusta	2
registaro	2
oferto	2
vipo	2
vidvo	2
ĉagreno	2
kraŝo	2
kelo	2
Esperanto	2
tikla	2
skribaĵo	2
Germanujo	2
vana	2
vidpunkto	2
vinagro	2
voki	2
aparte	2
VIII	2
privateco	2
ĉe vi	2
slango	2
koncerna	2
escepte	2
dorloti	2
vendado	2
senti	2
spezo	2
superi	2
loti	2
loto	2
ĉe ni	2
laŭdo	2
venena	2
fondaĵo	2
reto	2
ateliero	2
kana	2
aplikaĵo	2
figo	2
mieno	2
pretiĝi	2
min	2
legebla	2
recepto	2
ŝuldo	2
fiŝo	2
muŝo	2
Majo	2
indulge	2
el sub	2
geografie	2
omaĝo	2
opera	2
troa	2
katastrofa	2
kroma	2
kunveni	2
respondeco	2
memstara	2
tio estas	2
tuje	2
omaĝi	2
vartejo	2
pli ol	2
disvolvi	2
kiujn	2
tezo	2
panero	2
benita	2
situanta	2
iro	2
fine de	2
apliki	2
reiri	2
des pli	2
kodumulo	2
ŝatokupo	2
memfido	2
skribilo	2
devena	2
plejmulto	2
timi	2
supera	2
prenita	2
paŝi	2
resumi	2
ĉantaĝo	2
pensiga	2
samtempe	2
skolo	2
deklaro	2
ŝtalo	2
aperturo	2
kankro	2
interna	2
kongrua	2
ekscitita	2
rango	2
murdo	2
jaraĝa	2
kolegaro	2
Pena	2
odoro	2
trilo	2
esto	2
homeco	2
edziĝo	2
kunkudri	2
franca lingvo	2
aktuale	2
ringo	2
skeĉo	2
lakso	2
dubo	2
golfo	2
breĉo	2
bakalaŭro	2
aŭdebla	2
suspiri	2
akurata	2
volupto	2
kanapo	2
iel ajn	2
subtaksi	2
ŝpini	2
trajno	2
boato	2
fina	2
floro	2
formularo	2
frajto	2
sentaŭgulo	2
teda	2
estonte	2
lado	2
atentu	2
pano	2
enua	2
ŝtipo	2
sole	2
roko	2
broso	2
ŝpari	2
etapo	2
ŝtormo	2
laŭdire	2
ĉiuokaze	2
hida	2
oleo	2
vento	2
antaŭvidi	2
Lua	2
pafilo	2
deprimo	2
genuo	2
plafono	2
same kiel	2
travivaĵo	2
nekredeble	2
supraĵo	2
konstati	2
familiano	2
akurate	2
pri kiu	2
jeso	2
laŭplaĉe	2
dankemo	2
froti	2
ĉiufoje	2
pelvo	2
postaĵo	2
magazino	2
fungo	2
burĝono	2
vermuto	2
akuŝistino	2
regali	2
ne gravas	2
bonan nokton	2
kerna	2
montrilo	2
pasigi	2
detrui	2
kopto	2
eligi	2
ellasi	2
opalo	2
kvereli	2
apenaŭ	2
Romo	2
pitoreska	2
plendi	2
manĝo	2
domaĝo	2
lundo	2
efektive	2
interese	2
kelkfoje	2
magazeno	2
malmulte	2
ekonomiko	2
surprize	2
kateno	2
fariĝi	2
mezlernejo	2
mi ne scias	2
mortinta	2
prujno	2
kvasto	2
reĝado	2
parolanta	2
sopiri	2
prezidanto	2
sperti	2
veturo	2
lernanto	2
okazaĵo	2
depende de	2
nutraĵo	2
Britujo	2
staranta	2
relo	2
fandiĝi	2
majstroverko	2
anstataŭe	2
amori	2
ekzercado	2
estiel	2
malabunda	2
memfida	2
malŝparo	2
gusto	2
akuzativo	2
blovo	2
misia	2
misio	2
lito	2
strebi	2
pasintjare	2
estimata	2
okazi	2
kameno	2
substantivo	2
adjektivo	2
zumado	2
laŭta	2
fuŝa	2
danki	2
vidi	2
dormi	2
balanci	2
radiko	2
legi	2
malkaŝi	2
danko	2
stadiono	2
Plenas	2
trovita	2
solena	2
venontjare	2
menso	2
surda	2
konvena	2
bani	2
raportado	2
pento	2
perono	2
sendube	2
serĉilo	2
ĝi	2
gesinjoroj	2
tedaĵo	2
seruro	2
ekkono	2
malbenita	2
verkado	2
ĉeso	2
troo	2
pli malpli	2
stulta	2
ritmo	2
kano	2
buŝo	2
subite	2
unueco	2
ala	2
komuniko	2
cerbumi	2
retumilo	2
konkurso	2
ĉio ĉi	2
enuo	2
rimarki	2
bonege	2
profiti	2
kortumo	2
fermita	2
malpli ol	2
besto	2
flanke	2
sobre	2
denova	2
mezuri	2
etiko	2
paŝti	2
peni	2
reta	2
rilate	2
konsolo	2
ludo	2
ama	2
pagenda	2
bonaĵo	2
herbo	2
komunio	2
nedisigebla	2
proksimulo	2
teamo	2
trompi	2
endanĝerigita	2
fali	1
spageto	1
iri	1
pluvegi	1
malstreĉa	1
varmegsanga	1
kolringo	1
intime	1
lifto	1
seniluziiĝo	1
fajfo	1
eono	1
cerba	1
dubinda	1
malsatega	1
veturado	1
kolere	1
duuma	1
nokta	1
hartufo	1
islamano	1
kristano	1
ateisto	1
amikoj	1
falanta	1
Loza	1
skrupulo	1
restrikti	1
malvastigi	1
spirala	1
globeto	1
subtrahi	1
instigi	1
de kie	1
kandelo	1
tiele	1
iele	1
banko	1
deponaĵo	1
buroo	1
libro	1
kanibalo	1
antropofago	1
sonorigi	1
bruegi	1
reagi	1
flanko	1
lerte	1
portanto	1
ripoztago	1
unu el	1
buterpano	1
demande	1
frostigita	1
kalsoneto	1
abiturienta	1
prikanti	1
registra	1
brileti	1
fajrejo	1
pantoflo	1
finiĝinta	1
amuzilo	1
generi	1
imuna	1
honeste	1
aŭto	1
urbo	1
virino	1
vekiĝo	1
detranĉi	1
registriĝi	1
printempo	1
ĉirkaŭe	1
nutri	1
provadi	1
barakti	1
tumulto	1
fortimigi	1
marodi	1
eskadro	1
eskalo	1
eskorto	1
ŝin	1
establo	1
etato	1
kuregi	1
etna	1
etno	1
etruska	1
etrusko	1
inciteti	1
konsekri	1
Mira	1
senkulpigo	1
dano	1
faco	1
montra	1
fado	1
kadukulejo	1
koreo	1
mise	1
seksalloga	1
lulado	1
nereala	1
fajra	1
medito	1
fajrostango	1
fakta	1
faktoto	1
falango	1
falso	1
fama	1
Ona	1
fantoma	1
doloro	1
ventego	1
tegolo	1
farmado	1
farmo	1
farmopago	1
kontanta	1
simpatia	1
mediti	1
lakta	1
malvenki	1
uzebla	1
felta	1
sapei	1
punktokomo	1
fetora	1
kompati	1
kondolenci	1
figura	1
disvastigado	1
leĝere	1
financado	1
financa	1
financo	1
fingrado	1
fingrujo	1
firmvaro	1
disŝuti	1
transsalti	1
flagrado	1
malgraŭ ke	1
flara	1
flata	1
apude	1
Sena	1
forkapti	1
flustrado	1
elpaŝo	1
florpoto	1
sveni	1
fluto	1
infekto	1
fojnamaso	1
Rusujo	1
fasko	1
fasketo	1
bukli	1
samklasano	1
espero	1
perdigi	1
vere	1
klasika muziko	1
demamigi	1
superflugo	1
renoviĝo	1
ĝis kiam	1
forma	1
dormeti	1
formulado	1
modeste	1
forpaso	1
sendado	1
elirigi	1
fortuna	1
fortuno	1
foruzo	1
trembrili	1
rekreado	1
timigita	1
fotografa	1
aroko	1
frajtado	1
gladi	1
dosiero	1
ĉiu	1
reliefigi	1
elpensinto	1
panteono	1
buterlakto	1
laŭtparolilo	1
sonĝo	1
imagebla	1
amaĵistino	1
arbo	1
konvinkiĝi	1
elpeti	1
organizado	1
specifi	1
senposedigi	1
subdividi	1
onia	1
substitui	1
maldeca	1
frontono	1
dek ok	1
surfaco	1
mortigito	1
mortigi	1
verdeta	1
tapetpapero	1
superŝuti	1
baleto	1
fatalo	1
disdoni	1
ruĝa brasiko	1
tondri	1
suspekti	1
tigobrasiko	1
veo	1
blonda	1
bruna	1
defii	1
klerulo	1
futbalo	1
futo	1
rektilo	1
faligi	1
detektivo	1
ĝenerale	1
furiozi	1
almozpeti	1
liniilo	1
celerio	1
apio	1
gloro	1
tubercelerio	1
pomo	1
galono	1
galopo	1
ganaano	1
garda	1
gardostaranto	1
garnado	1
faringo	1
minimumigi	1
gelato	1
muziko	1
matena	1
amuzi	1
poemo	1
gipso	1
giso	1
Amo	1
glano	1
purpura	1
fuŝita	1
enŝoviĝi	1
elŝovi	1
mamuloj	1
glazuro	1
atuto	1
globa	1
glora	1
komputilo	1
gluo	1
enpensiĝo	1
komplika	1
vivaĵo	1
pritraktata	1
resono	1
etendita	1
pliiĝo	1
ĉarlatano	1
gluteo	1
tordiĝi	1
kurbiĝadi	1
deflugi	1
flugi	1
kunpreni	1
mortpuno	1
gojo	1
graco	1
granato	1
pleje	1
moruo	1
tekruĉo	1
survoje	1
stako	1
medicine	1
groso	1
vojaĝema	1
demandema	1
gruzo	1
gurdo	1
delikto	1
enuiga	1
sese	1
malmulta	1
ŝalo	1
elsendi	1
ridigi	1
podetale	1
parkerigi	1
konsciigi	1
frenezaĵo	1
fileo	1
mobilizi	1
orpluvo	1
hako	1
halo	1
kaŝa	1
manko	1
programita	1
Pipon	1
numero	1
grupano	1
transverŝi	1
per kiu	1
travestii	1
alivesti	1
trempiĝi	1
mergiĝi	1
klimatizi	1
najli	1
alnajli	1
polvo	1
ludilo	1
halto	1
hamako	1
Hanojo	1
Hanso	1
pridemando	1
pisi	1
gradigi	1
multobligi	1
obligi	1
viaj	1
kuŝejo	1
klorido	1
tereno	1
irejo	1
brasiko	1
distanca	1
kunulino	1
kamaradino	1
trolabori	1
hardado	1
hontinda	1
vivemo	1
svelta	1
pruno	1
donacanto	1
manĝanto	1
tetano	1
presejo	1
intima	1
kvalito	1
bonvoli	1
kolorblinda	1
gravi	1
harpo	1
malfrui	1
verdalgoj	1
laborejo	1
garaĝo	1
humoro	1
plej ŝatata	1
hejmama	1
hejmlando	1
hejtado	1
hekatombo	1
denso	1
kokido	1
ŝprucigi	1
diversigi	1
fotilo	1
helpa	1
helpanto	1
helpanta	1
henado	1
henao	1
ekzekuti	1
Vato	1
ofendiĝi	1
malpleniĝi	1
Tarifa	1
herco	1
heroo	1
herso	1
muŝbirdo	1
ĉiutage	1
tage	1
hiato	1
lesivejo	1
lavbutiko	1
tolaĵo	1
krii	1
batalanto	1
malpaci	1
batado	1
sekvanta	1
tristeco	1
kriadi	1
blekegi	1
vizii	1
malhavi	1
vidiĝi	1
hidro	1
deprima	1
engluto	1
supozo	1
kuracilo	1
atenda	1
pirato	1
ofte	1
elturniĝi	1
forĵeti	1
elpeli	1
bonan apetiton	1
atestilo	1
sume	1
alpreno	1
preno	1
muteco	1
mastrumo	1
flava kupro	1
leĝo	1
improvizo	1
priŝteli	1
naŭzi	1
barbisto	1
stilo	1
vakso	1
vireca	1
matura	1
maldensa	1
kombilo	1
bukla	1
brila	1
centimetro	1
colo	1
haŭto	1
stakigi	1
avino	1
onklino	1
fiŝkano	1
hipnota	1
hipnoto	1
renkontiĝi	1
estono	1
malĝoja	1
juglando	1
Breda	1
bredi	1
dio	1
bontrovo	1
hipostazo	1
rediri	1
hobojo	1
terminoj	1
ekvivalento	1
gravedeco	1
ĵudo	1
antaŭeniri	1
intensiĝi	1
cikorio	1
sali	1
veterinaro	1
nudaĵo	1
duobligi	1
hufumo	1
mistifiki	1
humo	1
hundaro	1
kandidatiĝo	1
revivigi	1
tute ne	1
hura	1
hurdo	1
hurlado	1
huzo	1
tirkesto	1
lanĉo	1
eligaĵo	1
neologismo	1
glito	1
branĉo	1
obtuze	1
lui	1
ico	1
kunporti	1
idolo	1
verda	1
blua	1
ruĝa	1
eltrovo	1
neuzita	1
flako	1
elĵeto	1
ĵeto	1
ebli	1
studi	1
ilustra	1
imaga	1
Io	1
malbona	1
malrapide	1
akcento	1
organizi	1
unuforma	1
doktorino	1
internulejo	1
skua	1
partnereco	1
honti	1
ludi	1
provoke	1
vete	1
elspezi	1
Monto	1
sonori	1
fajfilo	1
kuirilo	1
laborilo	1
franĝo	1
domaĝe	1
sulko	1
ĉielarko	1
monsumo	1
enamiĝi	1
prenado	1
sago	1
respondeca	1
koloraĵo	1
maniulo	1
militi	1
prudento	1
Fiŝoj	1
kontante	1
muzea	1
fasoni	1
efemera	1
fiere	1
kruciĝo	1
rapidi	1
forflankiĝi	1
helpe de	1
elguti	1
blinde	1
dogano	1
importo	1
kliŝo	1
batilo	1
buĉi	1
tute certe	1
laboregi	1
vegetara	1
senfine	1
kontraŭe al	1
informa	1
nazumo	1
centa	1
suflori	1
lampiro	1
okulŝirmilo	1
danci	1
al vi	1
enkonduka	1
difino	1
flanki	1
emi	1
festeni	1
malrapidigi	1
malrapidiĝi	1
pretervidi	1
instanco	1
pudingo	1
miliardo	1
medikamento	1
preskribi	1
en la daŭro de	1
ĵetlanco	1
komplezi	1
piratado	1
fiaskinta	1
malsukcesinta	1
malpleno	1
repliki	1
alko	1
senteble	1
nesenteble	1
kiom da	1
ordigi	1
ordema	1
vojiro	1
tuja	1
grumblema	1
indukto	1
sola	1
solisto	1
abdiki	1
mansigno	1
kunigita	1
flati	1
montaro	1
sindonema	1
Luo	1
veneni	1
militista	1
iun	1
regna	1
difektiĝi	1
nuligita	1
partnero	1
realigebla	1
radiki	1
konvinki	1
juste	1
forpeli	1
utiligi	1
ŝanĝado	1
firmamento	1
manĝigi	1
beligi	1
enterigi	1
tombo	1
junularo	1
nomumi	1
ĉefrolulino	1
misaĵo	1
malpleje	1
laŭmoda	1
malaboni	1
invado	1
konkeri	1
vertikala	1
Peris	1
miriga	1
malo	1
aperigi	1
diferencigi	1
al kiu	1
legaĵo	1
gardistino	1
aktori	1
laŭvole	1
bildstrio	1
irakano	1
Irako	1
kuiri	1
mandato	1
sapujo	1
senigi	1
semajno	1
lumbriko	1
tagordo	1
vundeto	1
nepre ne	1
Istanbulo	1
itala	1
persona nomo	1
furora	1
magie	1
pripensi	1
izolado	1
ŝirmo	1
sekurigi	1
jahurto	1
maso	1
penvalora	1
via	1
jesa	1
jido	1
jogano	1
jogo	1
joro	1
abrupta	1
edziga	1
vela	1
huffero	1
ope	1
junto	1
ŝanco	1
kabalo	1
ĉiufoje kiam	1
kafro	1
kaldronkrusto	1
kaldrono	1
anima	1
landlimo	1
tien kaj reen	1
kalkula	1
anaso	1
kalva	1
kamarado	1
Aro	1
kampado	1
kampa	1
kampara	1
kamparana	1
kampo	1
malrapidi	1
maleolo	1
bofilo	1
meandri	1
meandro	1
revuo	1
elprovi	1
antaŭo	1
malantaŭo	1
senhejmulo	1
Anglo	1
kanona	1
kanonado	1
kanono	1
kantona	1
kanvaso	1
kloŝo	1
kapdoloro	1
kverko	1
kasisto	1
ridi	1
posttagmezo	1
antaŭtagmezo	1
al si	1
neevitebla	1
biskvito	1
kapono	1
kaptado	1
kapturno	1
estigi	1
oficiro	1
sultano	1
ŝofori	1
negliĝo	1
kapvorto	1
karafo	1
ĉi-okaze	1
karato	1
studaĵo	1
karbunkolo	1
karburado	1
sendependa	1
plenkreska	1
Lamas	1
ŝoveli	1
ŝovelilo	1
kiel multe	1
kardo	1
kargo	1
satiĝi	1
pritrakto	1
subpremo	1
atenco	1
trempita	1
karoo	1
edziĝinta	1
disiĝi	1
karto	1
tektono	1
abstraktaĵo	1
scivolema	1
tendenco	1
idearo	1
klerismo	1
lekcio	1
kodumi	1
kastrado	1
brakumo	1
umo	1
epoleto	1
katakombo	1
katalogo	1
katarakto	1
fajli	1
toro	1
informo	1
indikilo	1
unuhufuloj	1
prononco	1
kazaĥa	1
parolo	1
demisii	1
malhela	1
malluma	1
keglaro	1
perfidulo	1
edzino	1
emfazi	1
kiel vi fartas?	1
krianta	1
sekta	1
lunĉo	1
kreskanta	1
fruktoj	1
viando	1
migranto	1
perdi la vivon	1
cele al	1
Kalocsay	1
ktp.	1
kelta	1
Kenjo	1
tetaso	1
kepo	1
kero	1
kimro	1
akriĝo	1
kongruo	1
disponigi	1
kontoro	1
kontraŭvola	1
frizo	1
kiosko	1
kirko	1
kirlado	1
klabo	1
klafto	1
klakado	1
klano	1
nepreco	1
klara	1
klasa	1
triope	1
publika	1
reĝa	1
unika	1
reduktita	1
rajte	1
sofo	1
reago	1
fekaĵo	1
kloako	1
klubano	1
klubo	1
knaba	1
datita	1
nodo	1
gado	1
kodado	1
spektinda	1
bildrakonto	1
grandulo	1
dolorigi	1
dolori	1
Mota	1
kokoso	1
koksosto	1
bonŝance	1
unuanima	1
kolhararo	1
rekantaĵo	1
kolportado	1
kolumo	1
kolzo	1
animo	1
kombajno	1
precipa	1
aboni	1
valizo	1
hajlo	1
fontoplumo	1
kompakta	1
egaldistanca	1
brogi	1
komparado	1
komparo	1
enskribi	1
Svisio	1
Svislando	1
elvokado	1
vokado	1
eltrovi	1
kafujo	1
frandaĵo	1
rezisto	1
konanto	1
dato	1
konstanto	1
konsumado	1
kontakto	1
ŝanĝiĝema	1
skize	1
maldetale	1
kontrasto	1
kontraŭagado	1
brua	1
kontrola	1
konusa	1
latvino	1
konvojo	1
konzolo	1
korala	1
koralo	1
anso	1
pirforma	1
haltigita	1
favora	1
korka	1
arka	1
kornohava	1
korolo	1
ŝia	1
lia	1
korpuso	1
kortuŝanta	1
tuŝanta	1
kosta	1
kosto	1
kotona	1
delegito	1
konsilantaro	1
konsilanto	1
kozako	1
krajono	1
krako	1
Volvo	1
laŭlonge	1
ĉi-sube	1
laciĝo	1
vekhorloĝo	1
orienta	1
lazo	1
kronado	1
kronografo	1
kropo	1
krozanto	1
pasi	1
lastatempe	1
vintra ĝardeno	1
daŭrigi	1
studado	1
norde	1
norda	1
sabato	1
ĝis baldaŭ	1
patrolo	1
titolo	1
egala	1
egaleco	1
egali	1
ponto	1
sesio	1
komo	1
malstabiligi	1
selisto	1
abortigi	1
argano	1
aŭskultilo	1
toleremo	1
ligilo	1
eĥo	1
noti	1
krupo	1
kuklando	1
kulvualo	1
kuna	1
reklami	1
maniero	1
ekzisto	1
evolui	1
evoluado	1
foti	1
giganto	1
Havano	1
kundancanto	1
nestado	1
kunlaboro	1
kunlaborado	1
ligado	1
Barato	1
Berlino	1
ĉi tien	1
dorsosako	1
eksterlando	1
forveturi	1
gvidisto	1
Hungario	1
kubo	1
Kubo	1
motorciklo	1
Novjorko	1
Parizo	1
Pekino	1
transporto	1
bicikli	1
turismo	1
turisto	1
veturilo	1
vojaĝanto	1
espereble	1
respondo	1
kunrulo	1
preteksto	1
inundo	1
enue	1
kunulo	1
elĉerpita	1
frago	1
ofica	1
marĉo	1
elnaĝi	1
amasigi	1
kuplado	1
kupolo	1
kupono	1
kupra	1
skandala	1
kuraca	1
kuratoro	1
konektilo	1
infano	1
necesa	1
kurbo	1
nomi	1
kurda	1
memoro	1
sugesto	1
nuntempe	1
bedaŭrinda	1
ekdormi	1
eklabori	1
fidinda	1
geknaboj	1
probableco	1
hundaĉo	1
konstruaĵo	1
laborema	1
ludema	1
misaŭdi	1
pakaĵo	1
subaŭskulti	1
subaĉeti	1
damludo	1
duba	1
fikcia	1
rado	1
kruele	1
malsama	1
malsimila	1
kurta	1
kurza	1
fervori	1
balancado	1
Loto	1
alivorte	1
kaj tiel plu	1
silento	1
surprizo	1
adiaŭa	1
interveni	1
senspure	1
ellabori	1
scivola	1
bildkarto	1
ĝisnuna	1
venigi	1
onde	1
mucida	1
novaĵoj	1
kuvo	1
dimanĉe	1
monato	1
pastelo	1
klarigo	1
kondolenco	1
manki	1
malvarmo	1
malvarmeto	1
malimplici	1
praktiki	1
diverskonsista	1
kolego	1
peceto	1
senesperigi	1
ripeto	1
nomumo	1
kopii	1
varmo	1
kredo	1
urbestro	1
konstitui	1
serpenta	1
serpentuma	1
favorata	1
dogmaro	1
lernita	1
persiko	1
fazeolo	1
intermonto	1
plumaro	1
originala	1
volvaĵo	1
vicigi	1
atenti	1
baze de	1
fuŝkontakto	1
elvolvi	1
resti	1
kurzo	1
partikulare	1
partikulara	1
zigzagi	1
depreni	1
tranokto	1
tranokti	1
formanĝi	1
laŭeble	1
prizorgi	1
senbezona	1
Suno	1
kvarco	1
subkompreni	1
foja	1
termo	1
enpenetri	1
kiu ajn	1
loĝigi	1
plifortigi	1
renovigo	1
bonfarti	1
stokasto	1
luo	1
aganta	1
maŝinaro	1
trankviliĝi	1
ĉizi	1
donitaĵo	1
mareltena	1
labora	1
laboranta	1
laboranto	1
donanto	1
labordonanto	1
malkonsenti	1
ridado	1
ricevi	1
tinti	1
vorema	1
signalvorto	1
meĥanismo	1
ĝeneraligo	1
objekta	1
konkreta	1
posedo	1
miskalkuli	1
kalkuli	1
miskompreni	1
diverskolora	1
kuzino	1
rilati	1
malfavorata	1
korbopilko	1
naĝado	1
afekti	1
pakisto	1
amplekso	1
maĉi	1
murmuri	1
maltrankviligi	1
manskribo	1
televidi	1
trejnisto	1
brakumi	1
duobla	1
duopa	1
iradi	1
ilo	1
sonorilo	1
propraĵo	1
glavingo	1
laboro	1
labortablo	1
marmelado	1
lada	1
ladaĵo	1
lafo	1
lako	1
laktaĵo	1
fortranĉi	1
laktolo	1
bopatrino	1
aliulo	1
praavino	1
laktosuko	1
instalaĵo	1
lambastono	1
bastono	1
veko	1
krampi	1
konfeto	1
konsumiĝi	1
lamo	1
lana	1
atendado	1
vendejo	1
proksime al	1
arde	1
indici	1
landano	1
landgrafo	1
langvora	1
instruisto	1
lanugo	1
lanuga	1
laosa	1
larĝa	1
konsulto	1
kvitanci	1
malbone	1
laŭvica	1
petolo	1
tute	1
libervole	1
sopiro	1
surscenigo	1
koncerti	1
sorĉi	1
prezentiĝi	1
antaŭjuĝi	1
jono	1
Juno	1
juna	1
stakigebla	1
unuope	1
ĝojiga	1
heredaĵo	1
domanaro	1
ekzempla	1
urĝe	1
krada	1
lato	1
ligna	1
enŝalti	1
baroko	1
juveloj	1
ĥoro	1
malgaja	1
kondiĉo	1
kondiĉa	1
bonfarema	1
fundamente	1
varia	1
laŭtekste	1
vidante	1
negoca	1
June	1
sana	1
voli	1
drinki	1
tipografio	1
provaĵo	1
unuflanke	1
kvin	1
ekspono	1
negrava	1
dediĉita	1
okulvitro	1
trovi	1
maŝino	1
parolmaniero	1
brilo	1
kribri	1
soleca	1
konkuro	1
frizejo	1
antikvaĵo	1
deputito	1
rapidege	1
eminentulo	1
stilistiko	1
konflikti	1
folieto	1
kriplulo	1
ripozigi	1
transsendi	1
fuŝo	1
dungito	1
senkorpa	1
rifuzi	1
estingo	1
ataki	1
ĝenro	1
diro	1
operaciumo	1
tema	1
lavango	1
diboĉi	1
piki	1
interrilato	1
gastejo	1
paĝaro	1
ekstaza	1
malĝentila	1
monate	1
partopreninto	1
fondiĝi	1
Britio	1
malfrue	1
plugado	1
kreski	1
eltranĉo	1
incendio	1
fajrego	1
flanka	1
plendema	1
produktaĵo	1
Barona	1
longega	1
leda	1
legantaro	1
lekanto	1
lemo	1
faŭko	1
foko	1
baskula	1
fleksi	1
brokanto	1
komerca	1
disvolvo	1
komputado	1
proparolanto	1
ĵuri	1
prezentaĵo	1
reliefo	1
efektivigi	1
efektivigo	1
Pere	1
grandeco	1
spegulo	1
absurda	1
kuracarto	1
asocia	1
tuŝo	1
veto	1
embaraso	1
verketo	1
tabuleto	1
bigota	1
gaje	1
korekto	1
unuiĝo	1
kata	1
percepto	1
karesi	1
interkonsento	1
trairejo	1
laborado	1
likado	1
likanta	1
likva	1
almozulo	1
demandanto	1
likvoro	1
akademiano	1
intertrakti	1
rimeno	1
koncesio	1
kortuŝi	1
neĝi	1
sektoro	1
dekono	1
modulo	1
ĉarmi	1
juvelo	1
torento	1
ĝis nun	1
iniciato	1
personigo	1
multe da	1
kelke da	1
malkare	1
ŝteli	1
bofratino	1
bofrato	1
revoki	1
bonorda	1
difekti	1
plenplena	1
trompisto	1
fortega	1
sekve al	1
bontenado	1
disciplini	1
imposto	1
migri	1
grupa	1
legado	1
skribado	1
kabei	1
eliri	1
heredigi	1
akcentado	1
konstruo	1
laboraĵo	1
ekaperi	1
libervola	1
predo	1
vakuo	1
ĉirkaŭa	1
onin	1
pera	1
administra	1
ĵetilo	1
akurateco	1
kosti	1
malbongusta	1
grandioza	1
komposto	1
enpaĝigi	1
turniĝi	1
disvolviĝi	1
plenuma	1
ekstazo	1
kvarpieda	1
ĉefverko	1
boao	1
bogepatroj	1
prifajfi	1
facilmove	1
soriko	1
fiŝkaptilo	1
kompatema	1
aljuĝi	1
iufoje	1
kompaniano	1
amike	1
vojeto	1
Linukso	1
liro	1
listo	1
refortiĝi	1
valora	1
malsaĝe	1
kremo	1
kriego	1
densejo	1
fianĉamiko	1
nomlisto	1
taŭgeco	1
komence	1
plenigo	1
ĝissate	1
kurento	1
aŭskultantaro	1
lumturo	1
ordenita	1
frukti	1
eto	1
ŝirado	1
zorgema	1
faciligo	1
pentristo	1
varmiĝi	1
varmigi	1
litografo	1
litova	1
furzi	1
instigo	1
influebla	1
senpera	1
trafiko	1
liva	1
lobo	1
lodo	1
eksponi	1
streĉiteco	1
indigno	1
ploregi	1
enigaĵo	1
postveni	1
perspektivo	1
mediumo	1
torente	1
kapoto	1
disŝiri	1
peniga	1
homo	1
plorĝemi	1
problemo	1
substanco	1
varmumi	1
konsistiga	1
konsistigi	1
loĝantaro	1
abomeno	1
aprobanto	1
cetero	1
diskuri	1
katino	1
laborista	1
alianco	1
fortikaĵo	1
sendito	1
ekvidi	1
furioza	1
teruro	1
fortikigi	1
posttempa	1
rezervejo	1
moŝta	1
ĥolero	1
ŝranko	1
malfeliĉe	1
onidire	1
aspekto	1
daŭro	1
identigo	1
gvida	1
propozicio	1
subpropozicio	1
fortego	1
komprenema	1
apartigita	1
batalŝipo	1
murmureti	1
protokoli	1
kiom ajn	1
varie	1
malgrandaĵo	1
aparataro	1
idolano	1
povumo	1
izoleco	1
mallibera	1
longo	1
varmego	1
lordo	1
lotuso	1
briligi	1
tamburo	1
tricent	1
entreprenisto	1
elpensinta	1
konfesanto	1
memestimo	1
subkuŝi	1
benko	1
okupiĝo	1
ambicia	1
elpoenti	1
maltrafa	1
praa	1
pritraktado	1
pulsado	1
luphundo	1
lustro	1
stano	1
Luvro	1
komparebla	1
varo	1
parkumi	1
ĉapelo	1
tuj post	1
prepozicio	1
mago	1
majoro	1
harmonii	1
tuteca	1
laŭcele	1
efekti	1
armiloj	1
makroo	1
makula	1
klistero	1
akuto	1
reliefe	1
reliefa	1
mielo	1
kolera	1
subhaŭta	1
libristo	1
finstacio	1
ridego	1
banado	1
ekvilibra	1
honteme	1
konduta	1
ligŝnuro	1
malbari	1
kuŝujo	1
kondiĉi	1
impliki	1
servanto	1
verema	1
mallarĝa	1
devi	1
dormado	1
ĉeflitero	1
estraro	1
la mia	1
interligo	1
rimarko	1
salono	1
ŝarko	1
la via	1
ŝtato	1
abelo	1
forbruligi	1
malfermilo	1
flagri	1
kreskaĵo	1
elmontro	1
malŝpari	1
teruriĝi	1
ciferdisko	1
kontrolo	1
laste	1
malgajo	1
senhoma	1
kovrita	1
lavejo	1
kandidato	1
ruze	1
trovinto	1
subskribo	1
malŝarĝo	1
engaĝiĝo	1
cirkuli	1
elvoko	1
revelacii	1
helo	1
helpado	1
honta	1
fotografaĵo	1
dokumenta	1
identigilo	1
juĝisto	1
arbitracianto	1
universitato	1
biciklado	1
regiono	1
insidema	1
gardanto	1
plurfoja	1
belfigura	1
indico	1
societa	1
disfali	1
komandejo	1
precizigo	1
frakasi	1
furio	1
ĉefi	1
kajo	1
julio	1
humaneco	1
aserto	1
aplomba	1
societema	1
sinofero	1
novigi	1
per kio	1
efiko	1
konstruado	1
malkonstruado	1
kontrolisto	1
laborego	1
egoo	1
konatulo	1
dirite	1
dirita	1
tria	1
komando	1
negocisto	1
iniciati	1
praproceduro	1
disvolvado	1
elpendaĵo	1
loga	1
interagado	1
militistaro	1
disflugi	1
fermo	1
nuka	1
supermezura	1
termino	1
solvilo	1
subiĝi	1
organismo	1
sukerbeto	1
kontakti	1
kontrakti	1
interesato	1
sigeli	1
malfeliĉulo	1
sisteme	1
popolamaso	1
miksi	1
ŝuo	1
spico	1
aludi	1
para	1
pia	1
platformo	1
troi	1
kaŝado	1
atakema	1
diplomita	1
Esperantujo	1
Zamenhof	1
foriro	1
ekscito	1
estiĝi	1
pririgardi	1
ekspedi	1
jarmila	1
kadro	1
maldelikata	1
tirado	1
sentima	1
trudiĝi	1
ŝirpeco	1
ami	1
mantelo	1
kudri	1
regula	1
foraĵo	1
laŭte	1
postregiono	1
kompenso	1
liberigo	1
malaranĝi	1
alirejo	1
nutraĵoj	1
malfeliĉo	1
dividi	1
divano	1
takso	1
supreniro	1
eniro	1
firmaĵo	1
postmorta	1
pecetoj	1
piedbati	1
deponejo	1
malta	1
transa	1
herbejo	1
retroiri	1
senluma	1
bravulo	1
manao	1
polvero	1
formiko	1
pluki	1
deloki	1
bloveto	1
diamanto	1
mallumo	1
interesiĝanto	1
anticipa	1
oficeja	1
klaki	1
ĉirkaŭkolo	1
mastrumaĵo	1
manĝado	1
karakterizaĵo	1
Gema	1
meto	1
freŝdata	1
kompetento	1
mankohava	1
manlaboro	1
supro	1
superulo	1
rara	1
boto	1
fajro	1
ĝinzo	1
manumo	1
mapo	1
anticipe	1
borda	1
fare	1
pogromo	1
versaĵo	1
versi	1
markado	1
markolo	1
markoto	1
aĵoj	1
marno	1
distinginda	1
elvoki	1
okupata	1
ŝajniga	1
masa	1
pikilo	1
maskado	1
revenigi	1
mastro	1
mata	1
mato	1
elturmenti	1
prilaborita	1
matrono	1
ilaro	1
propagi	1
ekonomio	1
preterdistanci	1
senlime	1
rego	1
testado	1
ĉirkaŭfrazo	1
malaminda	1
pomadi	1
gnomo	1
melhundo	1
melodramo	1
membrano	1
mallongiga	1
vivteni	1
okulfrape	1
projekcio	1
kolapsi	1
senpere	1
mendanto	1
mendo	1
mentoro	1
merdo	1
lano	1
meso	1
frako	1
instruiteco	1
antaŭ nelonge	1
kompoto	1
medicino	1
naskiĝejo	1
transskribi	1
mezbona	1
amikeco	1
mezo	1
mezumo	1
mezurado	1
semajnoj	1
jubili	1
genia	1
citi	1
ĝojo	1
laŭdi	1
ĉasi	1
okazinta	1
eldonanto	1
aperinta	1
ornamado	1
dunaskitoj	1
migranta	1
mikrokosmo	1
programado	1
mikroskopa	1
miksado	1
miksa	1
mikso	1
milda	1
senbride	1
ananaso	1
minora	1
ridinda	1
glate	1
rikolti	1
soldato	1
nervoza	1
farinto	1
paganto	1
rolanto	1
laŭmezure	1
samtempe kiam	1
galope	1
mortinto	1
mortonto	1
kontrolanto	1
batita	1
streketo	1
manpremi	1
trompato	1
trompanto	1
minuskla	1
minuso	1
mirho	1
trarompo	1
rompo	1
sakstrato	1
multobliĝo	1
fiksi	1
elektita	1
are	1
asekuro	1
miro	1
returne	1
substance	1
komercisto	1
buĉisto	1
ŝtuparejo	1
fronte	1
bruego	1
oriente de	1
misformo	1
instrui	1
stipendiulo	1
manke de	1
kvaropo	1
kolombo	1
oportuneco	1
sonorado	1
eventuala	1
atributo	1
tenejo	1
apro	1
bero	1
arbusto	1
tagiĝo	1
transpreno	1
tedi	1
supoze ke	1
participo	1
poplo	1
plantido	1
dekliniĝo	1
responsulo	1
samnivele kun	1
mitralo	1
nee	1
jese	1
protokolo	1
nete	1
ŝajna	1
vivtenado	1
cele	1
rilate al	1
kompare kun	1
konekse kun	1
gastamo	1
fulme	1
mokao	1
skipestro	1
mensogulo	1
molkora	1
esprima	1
molusko	1
monda	1
mongola	1
profite al	1
grandigi	1
monopolo	1
monotona	1
honora	1
monstra	1
monstro	1
monta	1
Pinto	1
gaji	1
gajigi	1
morala	1
moralo	1
komunumo	1
morna	1
konsiderante	1
laiko	1
bataleto	1
funebra	1
mosto	1
motora	1
motoro	1
vagono	1
kriegado	1
edziniĝi	1
malfido	1
konfuzita	1
foldi	1
kurba	1
ĵurnalo	1
Maria	1
kolektivo	1
stadio	1
tavola	1
gravmiena	1
murmurado	1
muska	1
supre de	1
musmato	1
gago	1
mutulo	1
rigora	1
fervoro	1
narkota	1
elgliti	1
armeo	1
elĉerpi	1
aldone	1
volapukaĵo	1
volapukisto	1
volapuko	1
naskanto	1
navo	1
VI	1
neado	1
antaŭtage	1
Lombardoj	1
nea	1
kunvenigi	1
kudro	1
ioma	1
XX	1
decidiĝo	1
motivi	1
bezono	1
ĉielo	1
senforteco	1
stangeto	1
rato	1
kabineto	1
ŝtata	1
ludkartoj	1
solidara	1
senarbigo	1
detruita	1
batata	1
daŭri	1
certege	1
avarulo	1
bonvolemo	1
turmentita	1
subskribi	1
kategorio	1
cin	1
fila	1
aventuristo	1
duno	1
malkvieta	1
mita	1
ekzilita	1
obeigi	1
civitana	1
konduktanto	1
ludado	1
sperte	1
sceneja	1
siblado	1
noveco	1
remi	1
aranĝi	1
vidigi	1
sidi	1
ŝoviĝi	1
kirliĝi	1
stari	1
naĝi	1
fulgo	1
balotado	1
brulstampi	1
fundamentismo	1
deveni	1
egoismo	1
civito	1
ebenaĵo	1
pioĉo	1
paŝo	1
fotelo	1
adoranto	1
papereto	1
brilego	1
frosta	1
ĉikano	1
vendistino	1
erarmesaĝo	1
printilo	1
ĉiu ajn	1
malpuraĵo	1
klereco	1
neto	1
antaŭsenti	1
dusignifa	1
nebulkorno	1
stagna	1
ĵeti	1
oscedi	1
rasti	1
streĉi	1
rakonti	1
glui	1
farbi	1
paki	1
baldaŭe	1
fondinto	1
afiŝo	1
prove	1
saĝo	1
diri	1
agnoskita	1
konfesi	1
retropaŝi	1
Granda	1
pedelo	1
likvigi	1
frakasiĝi	1
nego	1
kontantaĵo	1
diablaĵo	1
oldulo	1
vizaĝo	1
vintro	1
ekveturi	1
kontrolado	1
urbego	1
frateto	1
fermi	1
frukta	1
malstreĉiĝi	1
specialeco	1
nektaro	1
bando	1
ŝtopado	1
malproksimeco	1
kvietiĝi	1
profesie	1
naĝanto	1
senakva	1
ŝvita	1
karuselo	1
nepara	1
Neptuno	1
nerva	1
nervo	1
de tempo al tempo	1
koncerto	1
registrita letero	1
suĉilo	1
komune	1
sensenca	1
nikso	1
babilado	1
beleco	1
komenclitero	1
ripari	1
marmora	1
prepari	1
puŝi	1
tertremo	1
leki	1
suĉi	1
luli	1
jako	1
kompleto	1
bankalsono	1
kufo	1
kaskedo	1
butono	1
enplekti	1
nimbo	1
dimanĉo	1
virŝafo	1
stacidomo	1
des pli ke	1
funebra ceremonio	1
normo	1
kompreni	1
Novo	1
nuancado	1
malebligi	1
transirejo	1
sukero	1
racio	1
nuda	1
facilanime	1
nuna	1
nuno	1
majstro	1
kanabo	1
odo	1
ekzemplo	1
ofta	1
oka	1
okopo	1
oktavo	1
okulglobo	1
aŭtoritatulo	1
okuma	1
vundita	1
okzalo	1
serĝento	1
Miras	1
leveti	1
malfidelulo	1
opa	1
oposumo	1
amikino	1
mallonge	1
nelonge	1
malnova	1
antikveco	1
empirio	1
ŝovpordo	1
viveco	1
universitatano	1
orakolo	1
superega	1
malamike	1
perei	1
froste	1
kunmetaĵo	1
librotenisto	1
supreniri	1
kajto	1
elteriĝi	1
makulo	1
ploro	1
organo	1
orgojla	1
nutra	1
frenezo	1
snufi	1
tuŝado	1
Farado	1
flarado	1
blindeco	1
blinda	1
orta	1
malkonstrui	1
ŝtrumpo	1
susuri	1
sube	1
malsupreniri	1
geedziĝo	1
alproksimiĝo	1
malutila	1
kunligo	1
asigno	1
klopodi	1
anstataŭo	1
inflamo	1
ovblanko	1
interreto	1
pado	1
supren	1
pajla	1
pako	1
mokinda	1
elprovita	1
sinuso	1
supozeble	1
kromedzino	1
palato	1
ektremi	1
palavro	1
konsekvenca	1
direkte al	1
palto	1
Panamo	1
puŝo	1
vastigi	1
duaranga	1
gingivo	1
farmobieno	1
moŝtulo	1
publikulino	1
papa	1
parabolo	1
parada	1
paragrafo	1
malprofite al	1
certe	1
pardono	1
paso	1
matrico	1
simpatianto	1
solvi	1
damnita	1
idiomo	1
seksumi	1
lerni	1
pastoralo	1
humure	1
baniĝi	1
kovri	1
raporti	1
patoso	1
patra	1
patronado	1
patrono	1
flosaĵo	1
peĉo	1
interplekti	1
ilustrita	1
pelado	1
atentigo	1
sondado	1
forpasinta	1
pelta	1
pelto	1
akuta	1
tutmonde	1
pendolo	1
fabo	1
plata	1
afekcia	1
kunagado	1
malbeni	1
kuspi	1
kuspe	1
libera	1
perlamoto	1
perlo	1
septembro	1
submetado	1
flanken	1
zorgi por	1
modistino	1
kanaleto	1
persona	1
persvado	1
antaŭaverta	1
anonca	1
penetri	1
ekveturo	1
pintumo	1
riparita	1
baseno	1
ŝirmi	1
sinjoro	1
pikanta	1
piko	1
afliktita	1
timeme	1
sennuba	1
antaŭiĝi	1
pipo	1
antaŭparolo	1
fuĝo	1
pipso	1
refaldi	1
antaŭtempa	1
plaĉa	1
forlogi	1
Anas	1
ĵusa	1
facilmova	1
enfermita	1
subfosi	1
trua	1
televidilo	1
specife	1
enlasi	1
dommastro	1
uloj	1
plej bone	1
distanco	1
bonŝanca	1
montrante	1
koncernato	1
ligi	1
ĉirkaŭbaro	1
plumpa	1
prononci	1
pluva	1
rolulo	1
korinklino	1
poltrona	1
iafoje	1
kolekta	1
sarki	1
dono	1
portugalo	1
sepulti	1
makzelo	1
alproprigi	1
proprigi	1
allogi	1
prefere	1
hinda	1
taŭge	1
decideme	1
sindone	1
seninterese	1
frenezi	1
prefere ol	1
malstreĉo	1
propagandilo	1
ruligi	1
vetkuri	1
provi	1
rajti	1
pri tio	1
arogante	1
impone	1
svingo	1
malpaca	1
paflinio	1
forrabo	1
postula	1
bonkora	1
pensante	1
prodo	1
prefero	1
forŝovo	1
ŝovo	1
superflua	1
senriproĉe	1
ruzulo	1
orientiĝi pri	1
prokrastado	1
Lira	1
mallaŭdi	1
frostema	1
sensencaĵo	1
pudoro	1
pudora	1
zorgoj	1
sidejo	1
konsenti	1
pusado	1
enaŭtigi	1
enaŭtiĝi	1
tanisto	1
kuriozeco	1
rajda	1
mallaŭdo	1
rampa	1
maljunulo	1
Ia	1
sandviĉo	1
regato	1
regnano	1
naska	1
rekruto	1
relajso	1
horora filmo	1
remado	1
rentulo	1
diraĵo	1
fortika	1
apogado	1
forĝisto	1
dekreto	1
nevenkebla	1
porto	1
kortega	1
venĝi	1
ortografia	1
retmoroj	1
torĉo	1
latitudo	1
longitudo	1
revado	1
talero	1
alte	1
malalte	1
lume	1
luma	1
dike	1
polica	1
ponteto	1
vekto	1
laki	1
ŝelo	1
senelirejo	1
bari	1
brano	1
memorkapablo	1
maltrans	1
riparado	1
rismo	1
risortaro	1
rojo	1
rombo	1
Liono	1
tordi	1
rostro	1
rufa	1
senhejma	1
ĝirafo	1
aŭte	1
nelegebla	1
ekpaŝi	1
grandaĝa	1
kaŭri	1
segi	1
kudrilo	1
ermita	1
promeno	1
ĉifono	1
false	1
falĉilo	1
bobelo	1
deĵori	1
sagaca	1
Saharo	1
vestaĵoj	1
negoco	1
fiŝosto	1
saluto	1
tuŝi	1
agema	1
timema	1
travivebla	1
terkulturisto	1
atleto	1
sankta	1
arlekeno	1
savado	1
rulo	1
selakto	1
flirti	1
drato	1
ronki	1
genui	1
breĉi	1
kurbigita	1
kurbigi	1
lunarko	1
kaviĝi	1
posteuloj	1
digna	1
kompromisi	1
superruzi	1
mastra	1
eltondi	1
donacinto	1
portugala	1
pli-malpli	1
fuĝi	1
malgrasa	1
aŭroro	1
palankeno	1
pezaĵo	1
rampulo	1
siblo	1
gluti	1
turno	1
fie	1
adiaŭi	1
cirko	1
famulo	1
rekonstrui	1
renovigi	1
modeli	1
funebri	1
nokte	1
liga	1
tondilo	1
suspiro	1
acera	1
malvenko	1
venkita	1
ŝvitiga	1
rifo	1
skvamoj	1
manplato	1
temi pri	1
konsola	1
paga	1
komponaĵo	1
altigi	1
membreco	1
sensa	1
senta	1
tragika	1
embarasita	1
malaperi	1
aserti	1
streki	1
suka	1
ŝanĝa	1
sentumo	1
luno	1
luna	1
dancado	1
amasa	1
sepultado	1
servuta	1
tralasi	1
kromseĝo	1
apogseĝo	1
sevrugo	1
krevo	1
faldseĝo	1
ferdekseĝo	1
klapseĝo	1
pufseĝo	1
frekventi	1
silabo	1
stumpo	1
sinakuzo	1
estontece	1
akvi	1
trompe	1
karno	1
karcero	1
singultado	1
sinjora	1
rega	1
komuna bono	1
kolero	1
obsedi	1
rampaĵo	1
ĉien	1
nenien	1
nenial	1
skarlata	1
pliigi	1
kortuŝa	1
konsterne	1
piedirado	1
grando	1
papago	1
bleki	1
litkovrilo	1
eliro	1
skoltado	1
afranko	1
refoje	1
skrofolo	1
skuado	1
skuo	1
dancejo	1
dancisto	1
obsedo	1
emocio	1
emocioj	1
ŝviti	1
skvama	1
slabo	1
masiva	1
fera	1
panoramo	1
slupo	1
dokumentita	1
sobra	1
bonkonduta	1
diketa	1
supraĵe	1
interpreti	1
sojlo	1
soko	1
sombra	1
nacieco	1
soraba	1
sorĉa	1
intuicio	1
senpene	1
percepti	1
aktiveco	1
fajnigi	1
cifero	1
ciferecigi	1
veti	1
sterki	1
sterko	1
trako	1
rada	1
aerumi	1
hejti	1
idilio	1
firmao	1
ŝpruci	1
plenŝtopi	1
malpeza	1
orientita	1
kunligi	1
raso	1
kotizo	1
cendo	1
panei	1
bano	1
staĝanto	1
stanco	1
disduiĝo	1
herede	1
sentebla	1
perforto	1
vartistino	1
brulanta	1
heroa	1
estetika	1
estanteco	1
statuo	1
statika	1
rebonigi	1
stranga	1
enmiksi	1
kontentiga	1
legante	1
silentema	1
manĝante	1
ridante	1
sekvonta	1
spaceto	1
eldono	1
scivolo	1
radikvorto	1
kuirita	1
permesata	1
stuporo	1
uzata	1
aliĝilo	1
kvoto	1
almozo	1
sanga	1
perfido	1
kaleŝo	1
argilo	1
minejo	1
amelo	1
ĉerko	1
melki	1
ruzi	1
turko	1
vartisto	1
saŭcujo	1
ŝpareme	1
zorge	1
ritma	1
subtaso	1
tenanto	1
bezona	1
sufoka	1
per tio	1
panjo	1
tenisejo	1
bifsteko	1
freŝe	1
troigi	1
piro	1
laksiga	1
kalio	1
kompense	1
supozata	1
simple	1
racieco	1
surfo	1
reglamento	1
kazo	1
svatado	1
sonĝa	1
kulturo	1
demandosigno	1
certi	1
ekumena	1
fero	1
protekti	1
efika	1
amikiĝi	1
principo	1
ledo	1
implikiĝi	1
aŭdaca	1
infero	1
malĝentile	1
manlibro	1
leporo	1
ĝangalo	1
bojado	1
ĉirkaŭpreni	1
tabo	1
tranĉilo	1
buŝego	1
tajgo	1
kuracata	1
vizio	1
vuali	1
aŭkcio	1
tataro	1
tego	1
foiro	1
acidi	1
petroselo	1
forpreno	1
prilaboro	1
tensoro	1
tenta	1
geniulo	1
konfesia	1
konfesio	1
tenujo	1
tera	1
filozofio	1
timono	1
aŭtomato	1
Torao	1
trulo	1
oficiala	1
formala	1
pacienco	1
Riba	1
skribo	1
parola	1
ekzemplero	1
ebligi	1
gravaĵo	1
translokado	1
paperujo	1
elstara	1
alilanda	1
subakvigi	1
invita	1
gepatra	1
Celis	1
dombloko	1
akcipitro	1
edro	1
kuraco	1
barko	1
tufo	1
tulo	1
unga	1
averaĝo	1
hardita	1
uragana	1
Uralo	1
bovo	1
klipo	1
uzado	1
vaksa	1
konstante	1
konstanta	1
sablo	1
vanta	1
varmarko	1
vartado	1
veluro	1
venka	1
ventra	1
longe	1
vergo	1
determini	1
verto	1
verva	1
vianda	1
viburno	1
Plata	1
mankas klapo en lia kapo	1
malsaĝa kiel ŝtipo	1
religio	1
vila	1
vilo	1
pravigebla	1
krudaĵo	1
mueli	1
sciuro	1
luti	1
instrukcio	1
meĉo	1
sentoj	1
kleriga	1
trejniĝi	1
violo	1
metodologio	1
virga	1
replenigi	1
vitra	1
vivanta	1
zoo	1
invadi	1
palpo	1
areo	1
lami	1
artifiko	1
vola	1
volo	1
Vulgato	1
vulturo	1
filmi	1
geamikoj	1
zorgato	1
gramatiko	1
kaĉo	1
rekonebla	1
kolokvo	1
rabisto	1
benzinejo	1
ŝildo	1
penti	1
enui	1
mane	1
uzanto	1
ekzisti	1
krom se	1
monaĥino	1
fratulino	1
prognozi	1
galimatio	1
dorlotita	1
facila	1
vaganto	1
sude	1
humura	1
harmonie	1
vulgara	1
sato	1
malsato	1
malofta	1
Tan	1
Vale	1
oferi	1
ĥemiaĵoj	1
premio	1
atendebla	1
furiozo	1
aĝo	1
ŝoko	1
aparato	1
provizora	1
supervivi	1
epoko	1
kia ajn	1
IV	1
ulno	1
rompita	1
ordono	1
pli bona	1
aranĝaĵo	1
unio	1
unuvoĉa	1
fortigo	1
plifortigo	1
praktiko	1
kreiva	1
nulo	1
entombigi	1
imperiestra	1
klopodo	1
bredisto	1
ignori	1
minaci	1
unu al la alia	1
okula	1
petrolo	1
trompiĝi	1
provizado	1
rena	1
koleriĝi	1
fruigi	1
malfruigi	1
tempo	1
vespermanĝo	1
antaŭvidita	1
indo	1
subtenilo	1
antaŭ ne longe	1
efike	1
spiro	1
ĉi tio	1
reĝlando	1
resaniĝi	1
resaniĝo	1
mallaŭta	1
iom da	1
labortempo	1
flano	1
kolofono	1
gluaĵo	1
sinteza	1
prioritata	1
artikulo	1
relativa	1
hospitalo	1
malantaŭe	1
mankateno	1
male	1
progresinta	1
progresi	1
dormeto	1
ilin	1
Lima	1
notario	1
truo	1
polemiko	1
bosko	1
ĝustigi	1
ĝusti	1
ekspluati	1
boleti	1
al ili	1
private	1
ĉevrono	1
mare	1
omleto	1
absorbita	1
linio	1
aktuala	1
apliko	1
ordoni	1
televido	1
kadukulo	1
pramo	1
kisi	1
laborposteno	1
perverse	1
konsekvence	1
altrangulo	1
difekto	1
agrable	1
scene	1
kvalita	1
pendola	1
rekto	1
marde	1
serĉe	1
timega	1
ĉeĥa	1
spirita	1
malutilo	1
peze	1
gaso	1
lupa	1
bileto	1
rebati	1
ebleco	1
koverto	1
area	1
Fortune	1
malmola	1
muskola	1
senvole	1
koti	1
mallongigita	1
biero	1
nuligi	1
decido	1
teniĝi	1
restado	1
kompletigo	1
gesto	1
streĉo	1
palma	1
impulsi	1
Etna	1
viktimo	1
paciento	1
sekretario	1
pastoro	1
burko	1
aventure	1
sane	1
neelteneble	1
drogi	1
humiliĝo	1
ekscitiĝi	1
kontrabandita	1
manio	1
rubando	1
fandiĝo	1
mastrino	1
prokrasto	1
ĝentilulo	1
pufo	1
protektanto	1
gravulo	1
deadmoni	1
ĉiopova	1
ĉiea	1
fere	1
Ban	1
rolo	1
stop	1
Pi	1
aperta	1
ventolilo	1
ventumilo	1
Anno	1
valoraĵo	1
tualeti	1
improviza	1
elektantaro	1
renkonto	1
enmanigi	1
nerompebla	1
paradokso	1
kontraŭeco	1
unue	1
libere	1
priparoli	1
subĉemizo	1
karta	1
parole	1
ŝajnigi	1
afusto	1
antaŭnomo	1
populara	1
fleksii	1
dia	1
gvidanto	1
noble	1
simbolo	1
revido	1
cirka	1
purigo	1
kredema	1
sidigi	1
sidiĝi	1
longa	1
intertempe	1
ergo	1
sesdeka	1
plugebla	1
aŭtonomeco	1
krucisto	1
muelejo	1
kapa	1
akno	1
decide	1
iom-post-ioma	1
komercaĵo	1
bati	1
sklavo	1
ŝako	1
balbuti	1
runa	1
Helena	1
leginda	1
honorinda	1
anstataŭigebla	1
viŝebla	1
trinkebla	1
lernigi	1
muzikanto	1
muzikisto	1
pacisto	1
frizisto	1
antaŭvideble	1
Borso	1
oportuna	1
festeno	1
ordinara	1
pergamena	1
pergameno	1
redakti	1
leciono	1
vomo	1
vomi	1
bona	1
franda	1
plaŭdi	1
karesa	1
eksigi	1
jam de	1
irado	1
kateni	1
Anna	1
duoble	1
rekomenco	1
serpente	1
pretendo	1
malbrue	1
akcio	1
judo	1
valuto	1
pruntepreni	1
skota	1
havenurbo	1
prokuristo	1
kuristo	1
scivole	1
dankinde	1
tutaĵo	1
plenblovita	1
dometo	1
pajlero	1
ciro	1
menciita	1
nobla	1
konduktilo	1
kondukti	1
kondukto	1
ecoj	1
cirkvito	1
plumba	1
rentumo	1
kunmetita	1
foresto	1
kambio	1
pro tio	1
inter si	1
diabeto	1
skulpti	1
antaŭenigi	1
torso	1
kalviĝi	1
defio	1
en ordo	1
gento	1
laŭdeve	1
akuzisto	1
regulo	1
nombri	1
deprimita	1
ŝarĝita	1
kavaliro	1
plantejo	1
adultulo	1
adulto	1
buĉejo	1
disponaĵo	1
disponigo	1
mondfama	1
uskleco	1
okulumo	1
okulo	1
antaŭtago	1
tiel ĉi	1
kolapso	1
romano	1
Gruo	1
diveno	1
fumo	1
densa fumo	1
priskribo	1
dekoracii	1
konservi	1
Moravio	1
bazaro	1
skismo	1
pugni	1
konserva	1
malpermeso	1
petoli	1
koboldo	1
bridi	1
degliti	1
kulero	1
sintezo	1
metiistoj	1
metiisto	1
fonto	1
fondi	1
kontraŭatako	1
Merkuro	1
aveno	1
floka	1
kirmeso	1
firme	1
strategia	1
ŝerce	1
escepta	1
dekstren	1
dekstre	1
kontraŭveneno	1
kontraŭstaranto	1
eĉ pli	1
gvidlibro	1
estanta	1
loza	1
helpo	1
traduko	1
papero	1
frandi	1
acero	1
aglo	1
paliso	1
kontribui	1
bonvole	1
vitreca	1
argumento	1
insulti	1
apelacii	1
aplikiĝi	1
izoli	1
komenci	1
Levi	1
movi	1
naski	1
minaca	1
furaĝo	1
ridgaso	1
Mirada	1
rondaĵo	1
ŝipi	1
aviadisto	1
aviado	1
foldo	1
kunmeto	1
dekoble	1
dekoblo	1
laŭmezura	1
elturni	1
volframo	1
ekhavi	1
galjono	1
ŝtuparo	1
persvadi	1
jarmilo	1
petveturo	1
peto	1
lukto	1
grenejo	1
integriĝo	1
bonan posttagmezon	1
skarabo	1
sentema	1
miraklo	1
lernejo	1
ornamaĵo	1
retadreso	1
kulpa	1
pala	1
teksi	1
neperforto	1
vaporo	1
kariertabelo	1
karbono	1
bovaro	1
grego	1
pasintaĵo	1
interŝanĝe de	1
paĉjo	1
altira	1
bremsa	1
faka	1
pluso	1
orelo	1
pinarbo	1
betulo	1
kaŝtanujo	1
rusto	1
plumbo	1
fagoto	1
tornistro	1
taksuso	1
pavo	1
fondita	1
laŭreato	1
koturno	1
invitita	1
alaŭdo	1
garolo	1
mastri	1
premado	1
luita	1
ribelo	1
fundamento	1
multfoje	1
citita	1
mahagono	1
timinda	1
humiliga	1
memorteni	1
rapide	1
bilda	1
reformanto	1
publikigaĵo	1
puni	1
stirejo	1
ĝis la revido	1
koloro	1
erare	1
parenco	1
sojla	1
marŝi	1
premiero	1
uzante	1
terminalo	1
tiu ĉi	1
miksaĵo	1
uzaĵo	1
pasie	1
pokalo	1
superfluo	1
floranta	1
abolo	1
batato	1
ĉarlatanaĵo	1
ŝanĝo	1
vespo	1
raŭpo	1
telfero	1
ŝuti	1
krepuska	1
kando	1
akuŝi	1
rondvojaĝo	1
sekvi	1
sukceno	1
UK	1
mitologia	1
horora	1
koloso	1
pacema	1
brakseĝo	1
preĝo	1
veŝto	1
pego	1
pigo	1
kodo	1
adolta	1
hakisto	1
kulpo	1
sinki	1
kraŝi	1
kompromiti	1
izolismo	1
tesalono	1
babili	1
kaj ankaŭ	1
peri	1
alineo	1
emfazo	1
signifo	1
podio	1
ĵongli	1
mistika	1
meditado	1
elfosado	1
direkto	1
enamiĝinta	1
spektaklo	1
nekredebla	1
regento	1
klerigo	1
permesita	1
salujo	1
cigarujo	1
molaĉa	1
trinkujo	1
civitano	1
Ĉinujo	1
ĉambro	1
kosmo	1
vando	1
pulvoro	1
dramo	1
litera	1
muro	1
malpliiĝo	1
pagano	1
famigi	1
famiĝi	1
ekstremo	1
ekstrema	1
kovro	1
lando	1
sablero	1
monero	1
egido	1
malsimpatia	1
maŭismo	1
rezignacii	1
metilernanto	1
adventismo	1
diismo	1
realigo	1
norvega	1
vendi	1
lukso	1
nacia	1
putino	1
bibliotekisto	1
filio	1
strikte	1
triki	1
vesto	1
fonduso	1
vizi	1
Vizo	1
amuza	1
sunumi	1
vestejo	1
angla lingvo	1
krio	1
torturisto	1
ofico	1
horaro	1
malobeado	1
kohereco	1
spiri	1
dissendi	1
sanigi	1
amegi	1
kvaronjaro	1
trimestra	1
memvola	1
memvole	1
suno	1
mortanta	1
Ijob	1
gracia	1
momente	1
senŝeligi	1
hufo	1
leontodo	1
plenblovi	1
vinko	1
fiŝado	1
anĉovo	1
teksilo	1
ŝtopo	1
infaneco	1
hungaro	1
membriĝi	1
ĉiĉerono	1
plifruigi	1
atendo	1
Ea	1
Salmon	1
vizitanta	1
viziti	1
hipopotamo	1
svarmo	1
miliono	1
advokato	1
bono	1
lukri	1
gajni monon	1
Monako	1
punco	1
punĉo	1
kobajo	1
ŝtelo	1
stelo	1
cervoskarabo	1
bordo	1
visko	1
cimbalo	1
karulo	1
velŝipo	1
rodo	1
risurco	1
homologa	1
kutimi	1
ortodoksa	1
nigrulo	1
diapazono	1
pedanto	1
amanta	1
mamo	1
eki	1
heligi	1
lumigi	1
naturo	1
distraĵo	1
vundito	1
sekundo	1
duo	1
duon	1
krokodili	1
lumigita	1
dekstrume	1
paroĥo	1
svage	1
suferi	1
napo	1
marmoto	1
kastoro	1
barita	1
putrinta	1
faluno	1
tioma	1
riĉa	1
latiso	1
plej verŝajne	1
fiksita	1
brulo	1
surtera	1
sekureco	1
pri kio	1
stomako	1
diablo	1
havanto	1
Mario	1
algluiĝema	1
inside	1
timigi	1
malvarmega	1
returni	1
dikfingro	1
mencio	1
susuro	1
kolerema	1
kirlo	1
kirliĝo	1
familio	1
glaciiĝi	1
tuj kiam	1
Tero	1
preteco	1
eksperto	1
ekzerco	1
unua	1
siaj	1
lastatempa	1
korespondo	1
korespondado	1
konekto	1
po du	1
po unu	1
kiraso	1
kontrakto	1
reprezento	1
plonĝo	1
perforte	1
brue	1
havaĵo	1
plando	1
Bravo	1
princo	1
boneco	1
algebro	1
parto	1
tiel nomata	1
konsisto	1
enteno	1
malprefero	1
favoro	1
malvolo	1
inkluzivo	1
inkludo	1
tosto	1
terglobo	1
pro tio ke	1
karikaturo	1
civilizacio	1
alio	1
diluvo	1
pasanta	1
cifera	1
cifereca	1
hide	1
alvenanta	1
privata vivo	1
amuze	1
de tie	1
fantomo	1
reĝeco	1
komplemento	1
registrejo	1
pasporta	1
paradigmo	1
ĉarma	1
trudi	1
aĉetado	1
elirante	1
feste	1
mortigo	1
bapto	1
vaflo	1
disponi	1
malfermi	1
trae	1
anoncita	1
parenca	1
akcelilo	1
akceli	1
akre	1
jubilanta	1
beata	1
donace	1
kontenteco	1
gimnastiko	1
Akademio	1
dumviva	1
milvo	1
malbonulo	1
ŝtona	1
kulto	1
tributo	1
sinkretisma	1
servado	1
dudek kvin	1
januaro	1
komodo	1
komizo	1
evoluo	1
bitumo	1
drako	1
karoa	1
ĉefkuiristo	1
cimo	1
kerubo	1
direkte	1
teksa	1
degelo	1
ĉevalo	1
trimonata	1
kanto	1
valo	1
sinagogo	1
bluzo	1
virto	1
vojaĝemo	1
feĉo	1
nubo	1
truita	1
frosto	1
koncentrita	1
ĝia	1
korki	1
korko	1
malkorki	1
duko	1
bulko	1
Grasa	1
hipoteko	1
havigo	1
lumigo	1
pensiono	1
elkora	1
tutkore	1
palisaro	1
instruo	1
atentema	1
punkto	1
petardo	1
tatui	1
muskato	1
rizo	1
rostaĵo	1
enviciĝi	1
militanta	1
onta	1
sugesti	1
krakeno	1
lunde	1
apartenanta	1
Mensa	1
nebula	1
lumanta	1
brilanta	1
misproporcio	1
baloneto	1
sekalo	1
limige	1
esplorado	1
veziro	1
ŝtalejo	1
spiono	1
fameco	1
spirito	1
vaga	1
memorigo	1
humileco	1
humile	1
koncentro	1
hastema	1
strebo	1
hastemo	1
rubaĵo	1
uzi	1
maltimo	1
obstina	1
dissalti	1
konsento	1
efektiva	1
beno	1
nobela	1
Vera	1
Estime	1
respekte	1
kondukanta	1
aŭdilo	1
linii	1
utileco	1
pejzaĝo	1
gorĝo	1
envio	1
malestimo	1
dek naŭ	1
duŝi	1
konkordo	1
Boulton	1
suspekta	1
komploto	1
afiŝi	1
prizorganto	1
enteni	1
speguli	1
speguliĝi	1
malplimulto	1
komisaro	1
konuso	1
korneto	1
hejme	1
antaŭjuĝo	1
bita	1
funebra parolado	1
rajdo	1
diferenca	1
filtrilo	1
neĝbulo	1
kiel decas	1
liveraĵo	1
citaĵo	1
degeli	1
kanalo	1
pepi	1
kresto	1
seksardo	1
karulino	1
saluton ĉiuj	1
abunde	1
kanzono	1
murdi	1
geja	1
roza	1
atenteme	1
sekala	1
artefarita	1
rampi	1
kuira	1
kunmetado	1
despoto	1
dispono	1
bedo	1
mole	1
fajrero	1
dek du	1
peklaĵo	1
liverebla	1
studanto	1
studento	1
liverado	1
lampo	1
struto	1
entrepreni	1
fakuloj	1
flikaĵo	1
fliki	1
Lamis	1
dolaro	1
fusilo	1
penda	1
Malajzio	1
rubejo	1
konflikto	1
konvencio	1
najbara	1
periodo	1
pagi	1
tualetsapo	1
kunmeti	1
erudicio	1
elĉerpiĝo	1
atendadi	1
marbordo	1
plektaĵo	1
lotado	1
kurbiĝi	1
transpasi	1
malbobeni	1
rajdantino	1
bone konata	1
altkvalita	1
tiom kiom	1
ĝuiga	1
ĉirkaŭi	1
belega	1
ne estas	1
malforto	1
dianto	1
de la	1
falĉisto	1
falĉi	1
trili	1
kluzo	1
varmiga	1
vagi	1
tiriĝi	1
mola	1
Amado	1
vole	1
venĝo	1
konfidenco	1
agrablaĵo	1
ŝaŭmo	1
aromo	1
azilo	1
koncerno	1
virtuala realo	1
hejta	1
hejto	1
fiagi	1
armilo	1
estingi	1
konfidi	1
kolharoj	1
vangharoj	1
senprokraste	1
alpaŝo	1
alpaŝi	1
reprezentita	1
reprezenta	1
notlibro	1
venkinto	1
devigo	1
migdala	1
loĝejo	1
dresi	1
pluvego	1
murdisto	1
muelisto	1
lavujo	1
dispecigita	1
sendia	1
altreni	1
itala lingvo	1
evidentiĝi	1
postsigno	1
ĝibo	1
sodakvo	1
kvarantenigi	1
kvaranteni	1
pentrado	1
Mendo	1
preferinda	1
atendovico	1
nokto	1
varoj	1
surmeti	1
ne dankinde	1
trombono	1
bluaĵo	1
ribo	1
premita	1
neatendite	1
kavigi	1
nigra-blanka	1
teksti	1
sterniĝi	1
furzo	1
prunte	1
muko	1
pundo	1
maldekstrulo	1
maldekstra	1
tikli	1
kitelo	1
rendevuo	1
inspirado	1
cirkonstanco	1
kiel eble plej baldaŭ	1
tere	1
ĉagrenita	1
logika	1
eltondaĵo	1
faldita	1
komunikilo	1
virgulino	1
incita	1
inciti	1
kuzo	1
knari	1
antaŭa	1
akuŝejo	1
perfidi	1
bonstata	1
konsterniĝi	1
ĝuo	1
alirebla	1
ekzerci	1
akuŝo	1
Nombroj	1
bolanta	1
ravi	1
ĝis revido	1
pli poste	1
malaktiva	1
pruvita	1
bonega	1
manuskripto	1
kortego	1
netransitiva	1
ataŝeo	1
terkulturado	1
liberiĝi de	1
motivo	1
memori	1
rememori	1
langeto	1
lango	1
refreŝigi	1
anatomia	1
kapitulaci	1
komisio	1
enamiĝinto	1
konscie	1
proceduro	1
sukeraĵo	1
pisti	1
dispremi	1
malgranda	1
feliĉega	1
posta	1
necese	1
esperantismo	1
alfabete	1
retmesaĝo	1
skarpo	1
ĉefturo	1
prioritato	1
urĝa	1
ekzistanta	1
malfermita	1
Vorto	1
senpaneigi	1
elekti	1
genuoj	1
tenere	1
savo	1
ĉi tiam	1
kverelo	1
sofolito	1
lokita	1
deviga	1
altranga	1
pravigo	1
sako	1
garbo	1
forpasinto	1
elektro	1
ĉu vere	1
homama	1
plej parte	1
kongrui	1
friponi	1
akordi	1
parigi	1
politiko	1
informoj	1
besta	1
kaŭzo	1
ora	1
eltenebla	1
esplora	1
dunganto	1
sukceso	1
grandega	1
striko	1
diskriminacio	1
salvo	1
enketisto	1
ĉifi	1
laboristoj	1
decidiga	1
inundita	1
decidemo	1
postulado	1
dezirinda	1
okupita	1
aldonita	1
preterpasi	1
prokuro	1
pretigi	1
butero	1
bongusto	1
mirindaĵo	1
gejunuloj	1
lekcii	1
jori	1
ĝusteco	1
bonfaro	1
malbonfaro	1
flugilo	1
eldevigi	1
viraĉo	1
ĵaluzo	1
penige	1
apudiĝi	1
apudi	1
Alie	1
nepostulema	1
malvaste	1
decida	1
vespere	1
niaj	1
diboĉa	1
iam estis	1
vice	1
vica	1
disvolviĝo	1
vanteco	1
tio ĉi	1
roboto	1
treege	1
eltiraĵo	1
banano	1
damne	1
lernigo	1
konsilinda	1
abato	1
senĉese	1
lardo	1
falsita	1
komplico	1
ĉesi	1
malkovri	1
semi	1
prisemi	1
stoplejo	1
sinko	1
elspezo	1
antaŭpago	1
duono	1
presigi	1
kliniĝi	1
plui	1
tanĝi	1
sufiĉi	1
depresio	1
rezulte	1
fojon post fojo	1
etendiĝi	1
Islando	1
geedziĝi	1
aventuro	1
vorto	1
entuziasmiga	1
kalkuli je	1
sekve de	1
hoko	1
soleni	1
trafikilo	1
rivero	1
intereso	1
respondi	1
bendo	1
ĉio tio	1
fine	1
ameme	1
eksterordinara	1
post nelonge	1
impreso	1
forlasi	1
des malpli	1
aludo	1
papilia	1
aprila	1
termometro	1
kvara	1
anteno	1
etulino	1
antipodo	1
alklako	1
astronomia	1
lolo	1
sociale	1
sufiĉe	1
aparteco	1
repreni	1
koran dankon	1
kruela	1
portvino	1
esperantisto	1
radikalulo	1
gustumo	1
gustumi	1
scipovi	1
plori	1
navigi	1
kuntiri	1
Hispanio	1
poligloto	1
ruleto	1
discipline	1
deka	1
dudeka	1
reprezentado	1
klare	1
monbileto	1
postuloj	1
vante	1
maljunulejo	1
finlegi	1
krimromano	1
eterna	1
unikeco	1
logike	1
observi	1
ĉina	1
procesio	1
