बीच	7
मैं	7
प्राप्त	6
अपना	6
होगा	5
काम	5
कितना	5
करीब	4
रूप	4
अलावा	4
पीठ	4
जाना	4
था	4
पास	4
विशेष	4
भाग	4
कहां	4
यात्रा	4
हुए	3
कोई	3
मुताबिक	3
जानकारी	3
से	3
छुट्टी	3
देखें	3
बचना	3
अन्य	3
मोती	3
कहा	3
कि	3
न्याय	3
साजिश	3
तहसीलदार	3
डाला	3
भाषा	3
चाहिए	3
तरह	3
दोपहर	3
तथा	3
कई	3
हुआ	3
बात	3
समय	3
प्रकार	3
कभी	3
आदि	3
लोग	3
कार्य	3
लगा	3
यदि	3
सभी	3
जो	3
प्रति	3
ठीक	3
आज	3
बुरा	3
मिलना	3
होना	3
आना	3
नाम	3
सुरक्षित	3
में	3
है	3
फिर	3
जल्दी	3
अथवा	3
बदल	3
मुझे	3
ज़रूरी	3
प्रत्येक	3
व्यायाम	3
घंटा	2
विश्वास	2
नक्शा	2
दर्ज	2
निकाला	2
जहां	2
महाराज	2
सबूत	2
लेख	2
छूना	2
निकल	2
लकड़ी	2
जलना	2
कूदना	2
वही	2
रेखा	2
बर्बाद	2
बहुत	2
नियत	2
पड़ना	2
सेब	2
भोजन	2
आने	2
अनुसार	2
अध्यक्ष	2
वजह	2
स्थिति	2
सहायता	2
सामान्य	2
बोली	2
सिर	2
गर्दन	2
नौकरी	2
एवं	2
खाना	2
लिए	2
नहीं	2
अपने	2
कुछ	2
होता	2
दिया	2
निकालना	2
ज़रा	2
बाद	2
द्वारा	2
अधिक	2
बार	2
वहाँ	2
लिया	2
इसी	2
वर्ष	2
उदाहरण	2
विकास	2
दूसरे	2
अब	2
वाली	2
ऐसी	2
क्योंकि	2
सूरज	2
हो गया	2
क्षण	2
मिल	2
हूँ	2
पत्नी	2
साथ	2
रात	2
गंदा	2
होशियार	2
रहना	2
हमेशा	2
बाहर	2
लेना	2
जिंदगी	2
एकदम	2
आसमान	2
तुम्हारा	2
मेरे	2
मगर	2
कहीं	2
अंतर	2
गया	2
उपयोग	2
करना	2
क्या	2
आप	2
बाग	2
भारत	2
किस	2
घर	2
अलग	2
स्वतंत्रता	2
बाद में	2
अक्सर	2
इच्छा	2
देख	2
महत्त्वपूर्ण	2
शुरू	2
मज़ाक	2
सपना	2
आखिरकार	2
व्यक्ति	2
इसलिए	2
विभिन्न	2
तरीका	2
उन्हें	2
ऐसा	2
बारी	2
पार	2
उत्तर	2
आशा	2
पकड़	2
बजाय	2
बड़े	2
भूल	2
पूर्व	2
दौरान	2
उल्टी	2
सिद्धांत	2
पाना	2
वापस	2
हराना	2
तल	2
पीछे	2
तरफ़	2
दुर्घटना	2
समुद्र	2
अंगूठी	2
यथार्थ	2
हवा	2
मानो	2
खरीदना	2
शरीर	2
बंद करना	2
गिनना	2
नया	2
अंधेरा	2
दरवाज़ा	2
शाम	2
अभ्यास	2
विस्फोट	2
बुखार	2
डालना	2
योजना	2
छाता	1
हैरान	1
इसलिये	1
जबकि	1
मोटी	1
तगड़ी	1
दुबली	1
दुबला	1
लुक	1
जाती	1
गायब	1
नन्ही	1
नन्हा	1
कहाँ	1
अनुमान	1
चुपचाप	1
अधिकतर	1
ज्यादातर	1
दुखी	1
रेत	1
विज्ञान	1
पूरी	1
ग्रह	1
पार्टनर	1
घोटाला	1
भ्रष्ट	1
विभाग	1
टुकड़े	1
दस्तावेज	1
संकेत	1
सिपाही	1
रोकना	1
कूड़ादान	1
घाटी	1
स्नेह	1
शिला	1
पवन	1
निशा	1
पांव	1
प्रचार	1
समुद्र की लहर	1
लहर	1
कमज़ोर	1
भीगा	1
ऋषि	1
परियोजना	1
इशारा	1
चीनी	1
नाबालिग	1
वसूल	1
तनाव	1
ढीला	1
ठोस	1
सर्वोपरि	1
पंडित	1
देखने	1
तुरंत	1
होकर	1
झूला	1
वाक्य	1
पहुंचना	1
पहुंच	1
शोर	1
जलाना	1
थकना	1
ताकत	1
गुस्सा	1
सच	1
सच में	1
बाकी	1
बर्बाद करना	1
बर्बाद कर	1
हिलना	1
हिल	1
किस्मत	1
नस	1
मध्यस्थ	1
पहलवान	1
तांत्रिक	1
छीनना	1
नीयत	1
क्षमा	1
पडना	1
खेलकूद	1
की	1
जाने	1
भालू	1
बेशक	1
धीमी	1
दरअसल	1
दयालु	1
किनारे	1
इसमें	1
पहली बार	1
खाली	1
दिलाना	1
बनना	1
गढ़	1
अनपड़	1
रेट	1
बनाने	1
सदस्य	1
मुट्ठी	1
ओर	1
किताब	1
कुकर	1
विधि	1
छोड़कर	1
इसका	1
पाक	1
ट्रेनिंग	1
नाटक	1
निबंध	1
बॉस	1
संत	1
पता	1
बोला	1
भला	1
गेंद	1
सुरक्षा	1
युवराज	1
राय	1
दीपिका	1
बन	1
हजार	1
नीलामी	1
बदला	1
सफल	1
शौक	1
मानसून	1
पदक	1
बताना	1
अमीर	1
जवान	1
गरीब	1
माथा	1
आंख	1
जीभ	1
ओंठ	1
होंठ	1
ऊंट	1
मुंह	1
सर	1
चेहरा	1
गाल	1
भौंह	1
गरदन	1
गला	1
कंधा	1
वह	1
शावक	1
पलक	1
मूँछ	1
लार	1
पुतली	1
मसूड़ा	1
छाती	1
सीना	1
स्तन	1
नितंब	1
नितम्ब	1
कमर	1
लंड	1
जांघ	1
घुटना	1
अभिनेता	1
सजीव	1
पत्रकार	1
छत्तीसगढ़	1
नही	1
इससे	1
क्लिपबोर्ड	1
कबड्डी	1
प्रतिभा	1
जहाँ	1
सहूलियत	1
डांटना	1
नींव	1
आत्मा	1
सत्य	1
तत्वमीमांसा	1
ख़ुश	1
बदतमीज़	1
दुसरे	1
धीरे धीरे	1
टूटना	1
तालमेल	1
चूक	1
माशूका	1
कुरेद	1
संबंध	1
अनाचार	1
करवाना	1
करवा	1
गाजर	1
दूसरा	1
क्यूंकि	1
सिंह	1
परंतु	1
स्थान	1
लेकर	1
अंश	1
पाठ	1
अर्पण	1
पुकारना	1
सर्वनाम	1
स्थायी	1
अस्थायी	1
उल्टा पुल्टा	1
उलटा पुलटा	1
खेलना	1
मित्र	1
कंप्यूटर	1
चिड़िया	1
मुकुट	1
दलिया	1
होगी	1
ना	1
पत्ता	1
गुंडा	1
अर्चना	1
अमृत	1
वाणी	1
जटिल	1
मैदान	1
अवसर	1
प्रज्ञ	1
लोक	1
सभा	1
ईदगाह	1
मालूम	1
मुझको	1
पैसा	1
मतलब	1
जहाज	1
खतरनाक	1
सारे	1
करके	1
कौनसा	1
महीना	1
के लिये	1
प्यारा	1
प्यारी	1
महंगा	1
ज़्यादा	1
सवाल	1
सक्षम	1
चलना	1
बुद्धिमान	1
पक्का	1
बेहतर	1
कुछ कुछ	1
अंडा	1
जरूर	1
इंतज़ार	1
अफसोस	1
लिंग	1
दरी	1
आज तक	1
रिश्तेदार	1
नगर	1
आग	1
तन	1
उमंग	1
तो	1
हफ़्ता	1
कॉल	1
मेरा	1
गाना	1
उदाहरण के लिए	1
जैसे कि	1
जैसे	1
दिखता	1
किया	1
मुमकिन	1
चुनना	1
कला	1
शायद	1
तबीयत	1
वृत्त	1
अजीब	1
अनुरोध	1
कौन	1
आपका	1
हम	1
थोड़ा	1
तोड़ा	1
काना	1
अस्तित्व	1
इसे	1
के	1
गिरना	1
ज़रूरत	1
जितना	1
किसी	1
भी	1
लड़का	1
कुआँ	1
आवाज़	1
को	1
आदमी	1
करने	1
तुलना	1
मासूमियत	1
पर	1
दो	1
कब	1
कितने	1
किसने	1
लिखना	1
चलो	1
सज्जा	1
उबालना	1
कटनी	1
जैसे की	1
किधर	1
पसंदीदा	1
अभी	1
अड्डा	1
हैं	1
हालांकि	1
जुड़वा	1
रहने	1
आश्चर्य	1
पक्षी	1
प्रथा	1
तृप्त	1
कागज	1
की वजह से	1
समस्या	1
पसली	1
चाहे	1
वैसे तो	1
फिर भी	1
जो कोई	1
मंगवाना	1
हारना	1
धक्का देना	1
छोड़	1
पड़ोस	1
गले मिलना	1
आज़ादी	1
उच्चारण करना	1
स्वतंत्रता दिवस	1
दोस्ती	1
भेजा	1
भेज	1
मना	1
जानू	1
ध्यान देना	1
काबिलियत	1
रहा	1
लाल	1
अभी भी	1
लिफ़ाफ़ा	1
लिफाफा	1
समझ	1
समझा	1
मौक़ा	1
डूबना	1
सीधा सादा	1
हर कहीं	1
कुचलना	1
उलटा	1
खर्च करना	1
आवश्यक	1
जोड़ना	1
बगल में	1
गैरकानूनी	1
पैदा होना	1
तक	1
साथ में	1
मस्त	1
यार	1
पागल	1
ग़लत	1
धोना	1
मजदूर	1
व्यवस्था	1
मज़दूरी	1
जरूरतमंद	1
मिटाना	1
मिटा	1
झुग्गी	1
सफलता	1
मोटे तौर पर	1
काग़ज़	1
कागज़	1
मामा	1
पाया	1
बिना	1
पूरी तरह से	1
बिलकुल	1
वाला	1
देखभाल करना	1
फिलहाल	1
फौरन	1
खास तौर पर	1
जोर से	1
ख़ुशी से	1
प्यार से	1
बिरादरी	1
तहज़ीब	1
हकीकत	1
कहना	1
धीरज	1
सराबोर	1
मसलन	1
मेहनती	1
सरल	1
यौगिक	1
के बाद	1
प्यास	1
पी	1
अजनबी	1
असंभव	1
आख़िरकार	1
अपनी	1
परी	1
थे	1
उनके	1
थी	1
दिन	1
लेकिन	1
इसके	1
खिलाफ	1
यहाँ	1
दोनों	1
उन्होंने	1
भरसक	1
कोशिश	1
सम्पर्क	1
दिलचस्पी	1
कामयाबी	1
तैयारी	1
निगाह	1
उनकी	1
स्वतंत्र	1
देश	1
वाहन	1
भरा	1
भरी	1
मुह	1
थोड़ी देर	1
बात कर	1
भविष्य	1
बुला	1
तरीक़ा	1
ऐसे	1
हाथ	1
मैंने	1
तुम	1
उथल पुथल	1
बदलाव	1
निशानी	1
निशान	1
भिनभिना	1
काँटे	1
प्रकाश	1
निभा	1
आया	1
उनका	1
लिये	1
तीन	1
परन्तु	1
ख़र्च	1
खर्च	1
घंटी	1
भुल	1
आगे	1
किन्तु	1
किंतु	1
मात्रा	1
ने	1
असली	1
नंगा	1
चोदना	1
चोद	1
ज़ुकाम	1
जिससे	1
मादरचोद	1
प्रतिक्रिया	1
शेर	1
हमला	1
लगातार	1
शक्तिहीन	1
देखभाल	1
महान	1
नक़्शा	1
लगभग	1
ली	1
विशेषण	1
खोज	1
सहमत	1
मदद	1
हरा	1
बिस्तर	1
नाव	1
हड्डी	1
मिस्त्री	1
रोपना	1
सार्वभौमिक	1
स्पष्ट	1
स्तर	1
रोग	1
आर्थिक	1
प्रभावशाली	1
साँस	1
खांसी	1
नजर	1
शुभ	1
दिल	1
निश्चित	1
सुधार	1
ख़ुद	1
वादा	1
वास्तव	1
अतिरिक्त	1
सामाजिक	1
भीतर	1
वर्ग	1
यकीन	1
प्रवेश	1
ख्वाब	1
जरूरत	1
गुजारा	1
गुजार	1
सांस	1
तभी	1
देर से	1
परसों	1
सामने	1
विचार	1
अभी तक	1
बढ़ना	1
स्वर	1
जन्म	1
मनोरंजक	1
दुश्मन	1
भावना	1
खोजना	1
अनुभव	1
काला	1
स्वीकारना	1
स्वीकार	1
हालाँकि	1
ठंडा	1
प्राप्त करना	1
लालसा करना	1
लालसा	1
दुष्टता	1
अनर्थ	1
हमेशा के लिए	1
समुंदर	1
में से	1
मुफ़्त	1
ज़िम्मेदार	1
माफ़	1
दुर्भाग्य	1
अँगुठी	1
हित	1
विषय	1
बोलना	1
समझाना	1
सुनना	1
देखना	1
सोचना	1
लापरवाही	1
सलाह	1
चिंता	1
भग्य	1
भाग्य	1
मज़ाक़	1
हिस्सा	1
ज़ाहिर	1
जिसने	1
अर्थ	1
मुख्य	1
इमारत	1
जलता	1
कलाकार	1
फव्वारा	1
मुरदा	1
शौहर	1
सादा	1
कातिल	1
झुकना	1
झुकता	1
अंधा	1
रक्त	1
लहू	1
दिमाग	1
तोड़ना	1
निर्धन	1
धोखा	1
सस्ता	1
घड़ी	1
जैसा	1
उठाना	1
ले जाना	1
पकड़ना	1
कपड़ा	1
पकाना	1
कोना	1
गिनती	1
भीड़	1
रोना	1
वक्र	1
काटना	1
नज़दीक	1
कृपया	1
अत्यंत	1
जरूरी	1
मग्न	1
मशीन	1
ठंड	1
सर्दी	1
उद्योग	1
तर्क	1
गुनहगार	1
इंजन	1
नृत्य करना	1
नृत्य	1
तारीख	1
बहरा	1
गहरा	1
खोदना	1
मैला	1
बिंदु	1
पोशाक	1
चलाना	1
दवा	1
सूखा	1
दूर	1
थका	1
ताक़त	1
शक्ति	1
कसरत	1
महँगा	1
रोशनी	1
संदेश	1
निरिक्षण	1
जाँच	1
वितरण	1
समतल	1
कल	1
वन	1
जंगल	1
उड़ना	1
काँटा	1
कांटा	1
मसल	1
मसला	1
कार्यक्रम	1
अनुसूची	1
रोज़नामचा	1
दैनंदिनी	1
अधिकांश	1
अनमोल	1
समझौता	1
हिसाब	1
जगह	1
प्रकट	1
नमस्ते	1
अनीश्वरवादी	1
ढेर	1
दलदल	1
चींटी	1
रौब	1
संचय	1
काश	1
अचानक	1
किनारा	1
धार	1
ऊर्जा	1
मनुष्य	1
कर	1
तरफ	1
नदी	1
व्यवसाय	1
खोलना	1
धातु	1
खाद्य	1
स्वरूप	1
पहले	1
पहले से	1
समान	1
साबुन	1
द्वार	1
नाली	1
हालत	1
दर्द	1
असाधारण	1
साधारण	1
पृथ्वी	1
ऊपर	1
आकाश	1
खेल	1
बगीचा	1
चांद	1
सफेद	1
डॉट	1
सितारा	1
शुक्रवार	1
वेटर	1
खड़ा	1
टोपी	1
गरम	1
खुशनुमा	1
सुन	1
अत्यन्त	1
सिखाना	1
सीधे	1
मानसिक	1
युवा	1
कुत्ता	1
पार्क	1
वसंत	1
बसंत	1
सितम्बर	1
बीस	1
उथला	1
पिघल	1
पिघलना	1
चुंबन	1
शादी	1
पैर	1
जनवरी	1
पहला	1
स्वस्थ	1
छोटा	1
औरत	1
पहनना	1
नाप	1
कान	1
तंग	1
स्कर्ट	1
पांच	1
नाश्ता	1
दोबारा	1
फिर से	1
रत	1
नहा	1
राजा	1
अफ़सोस	1
गोली	1
पहाड़	1
मज़बूत	1
मन	1
साथी	1
स्वागत	1
चावल	1
छुट्टी का दिन	1
शनिवार	1
रविवार	1
परिस्थिति	1
शब्द	1
सरकार	1
लड़ाई	1
रानी	1
दोहराना	1
नियम	1
लागू	1
बुलाना	1
तैरना	1
समंदर	1
प्रसिद्ध	1
नीला	1
भगवान	1
के बदले	1
माता-पिता	1
जोर	1
प्यार करना	1
रसोई	1
मांस	1
खिड़की	1
क़ीमती	1
संतरा	1
देना	1
ग्लास	1
ताऊ	1
ताई	1
दादा	1
नाना	1
नानी	1
बहन	1
खुश	1
याद	1
मिलकर	1
मटका	1
बर्तन	1
मिर्च	1
भूनना	1
उबाल	1
चिकनी	1
मिश्रण	1
बहना	1
ढकना	1
दाल	1
दही	1
ढक्कन	1
लोई	1
कमी	1
कम्प्यूटर	1
ड्यूटी	1
चुन	1
ध्यान	1
