da	2
to	2
sam	2
po	2
dan	2
bilo	2
rad	2
ih	2
većina	2
svibanj	2
sjeverni	2
znanost	2
poredak	2
površina	2
zauzet	2
jedinica	2
posebno	2
iza	2
centar	2
energija	2
položaj	2
sasvim	2
rješenje	2
održati	2
rezultat	2
proces	2
razdoblje	2
očekivati	2
posljedica	2
učenik	2
iskustvo	2
ukupno	2
osnovan	2
niti	2
sjedište	2
tvrtka	2
smatrati	2
umjesto	2
razlog	2
naziv	2
oba	2
osnovati	2
uspjeh	2
barem	2
pogled	2
javan	2
ponekad	2
svećenik	2
pored	2
današnji	2
gotovo	2
zatim	2
sustav	2
uglavnom	2
je	2
naime	2
voda	2
jedino	2
tijekom	2
vjerojatno	2
predstavu	2
misli	2
ja	2
neka	2
se	2
iznad	2
ipak	2
odnos	2
trenutak	2
otac	2
gdje	2
sin	2
majka	2
Hrvatska	2
posao	2
još	2
sir	2
danas	2
do	2
prije	2
biti	2
kao	2
njegov	2
raditi	2
nego	2
listopad	2
rujan	2
studeni	2
joj	2
tamo	2
sve	2
trenutno	2
će	1
radu	1
ograničeno	1
početni	1
čarolija	1
zemljište	1
kao što	1
čin	1
isključen	1
samouprava	1
nebo	1
bilo koji	1
obrazac	1
uzrok	1
poklopac	1
farma	1
crtanje	1
napustiti	1
u blizini	1
baza	1
rez	1
ublažavati	1
uobičajen	1
neposredan	1
poza	1
ukratko	1
odlučiti	1
zauzeti	1
zajednički	1
povjeriti	1
toplina	1
donijeti	1
kutija	1
izjednačiti	1
poseban	1
sadržaj	1
podučavati	1
konačan	1
proizvesti	1
držati	1
interes	1
dostignuti	1
ležati	1
uzorak	1
obavijest	1
vjerovatan	1
vjerovatno	1
nagao	1
naglo	1
porast	1
subjekt	1
slog	1
prisutan	1
prisutno	1
materijal	1
razlomak	1
utrka	1
dokazati	1
ulov	1
radost	1
posjet	1
svijetao	1
milijuna	1
fini	1
nevolja	1
žica	1
grudnjak	1
troškovi	1
protok	1
znatiželja	1
znatiželjan	1
fer	1
prikupiti	1
kontrola	1
drugo	1
razbiti	1
razmjer	1
promatrati	1
nacija	1
orgulje	1
uspon	1
svjež	1
eksperiment	1
pojedinac	1
podignuti	1
riješiti	1
metal	1
da li	1
gurati	1
kuharica	1
razmotriti	1
kopija	1
kopije	1
svitati	1
industrija	1
pobijediti	1
uzbuditi	1
sudski	1
praksa	1
zaseban	1
sjetva	1
opskrba	1
naznačiti	1
predvidjeti	1
pogađati	1
posjetiti	1
neophodan	1
neopasan	1
pranje	1
gomila	1
kukuruz	1
usporedba	1
ovisiti	1
trljati	1
prizor	1
ući	1
poslati	1
ispis	1
odijelo	1
priključak	1
podjela	1
naklonost	1
povezivanje	1
akord	1
udio	1
tata	1
naplatiti	1
segment	1
instant	1
naseliti	1
domet	1
prijedlog	1
kvocijent	1
otopina	1
zahvaliti	1
unaprijed	1
sufiks	1
smokva	1
ogroman	1
čelik	1
raspravljati	1
vještina	1
sličan	1
dovesti	1
konop	1
pobjeda	1
ukupan	1
dvostruk	1
događaj	1
konkretan	1
kupanje	1
pojam	1
nasuprot	1
urediti	1
utvrditi	1
svojstvo	1
stupac	1
zahtijevati	1
priprema	1
množina	1
ljutnja	1
tvrdnja	1
ručak	1
patiti	1
opasnost	1
prosuditi	1
svatko	1
ljut	1
savjetovati	1
časopis	1
pretplatiti	1
maknuti	1
treperiti	1
šumski	1
drugačiji	1
tup	1
oštriti	1
sito	1
kočiti	1
rešetka	1
osvetiti	1
odraz	1
roniti	1
pozlatiti	1
modar	1
svjetionik	1
anoniman	1
pritvor	1
privesti	1
otkupnina	1
računar	1
slagati	1
pokriti	1
banja	1
sjećanja	1
servirati	1
grebati	1
poprskati	1
blatan	1
lokva	1
rastrgati	1
rascijepiti	1
šapa	1
grk	1
nagon	1
kormilo	1
govorim	1
skoro	1
pastir	1
patlidžan	1
svakakav	1
sumnjiv	1
čast	1
zaslon	1
predak	1
prskati	1
nekoga	1
kome	1
ponešto	1
iznimka	1
uzeti	1
bis	1
jednina	1
divota	1
roba	1
ukinuti	1
ujutro	1
kalup	1
mirovina	1
klanac	1
javnost	1
oduvijek	1
kućanstvo	1
mašta	1
očito	1
kleti	1
ovuda	1
kud	1
kuda	1
svagda	1
svejedno	1
dokaz	1
užasan	1
itko	1
usput	1
usred	1
davno	1
pandža	1
prijetiti	1
namjerno	1
sići	1
zanimanje	1
zanimati	1
uvala	1
alge	1
ambicioznost	1
angažirati	1
bar	1
lokal	1
luksuz	1
temelju	1
nimalo	1
novost	1
stav	1
valjda	1
ovoj	1
popiti	1
kiosk	1
suviše	1
želite	1
utrnuo	1
ispočetka	1
tome	1
naokolo	1
podaci	1
vježba	1
uostalom	1
uzalud	1
omladina	1
spadati	1
spasti	1
odsad	1
svjestan	1
medo	1
medovina	1
obraz	1
dodaci	1
sklon	1
izdaleka	1
vječno	1
krilo	1
Švedska	1
lokacija	1
biljke	1
Kako ste	1
smatra	1
gol	1
Po	1
ovo	1
sajam	1
dobar dan	1
djeca	1
nalazimo	1
krava	1
start	1
vruće	1
greške	1
ustanak	1
odnosi	1
odnose	1
obitelji	1
dobro jutro	1
ključ	1
jutro	1
lak	1
noć	1
turist	1
večer	1
kćerka	1
sestra	1
Sjedinjene Države	1
Japan	1
hvala	1
dolazak	1
tajnica	1
tajnik	1
sekretar	1
Austrija	1
sutra	1
doručak	1
kruh	1
riža	1
mlijeko	1
bijelo	1
kolodvor	1
kolo	1
šunka	1
maslac	1
mobitel	1
trošiti	1
kako si	1
besplatan	1
besplatno	1
na	1
su	1
od	1
za	1
godine	1
koji	1
iz	1
te	1
ili	1
kategorija	1
sebe	1
godina	1
taj	1
on	1
hrvatski	1
velik	1
svoj	1
imati	1
prvi	1
grad	1
što	1
drugi	1
sav	1
oni	1
nakon	1
jedan	1
sa	1
mnogo	1
ne	1
dio	1
ovaj	1
prema	1
ali	1
oko	1
vrijeme	1
nov	1
zbog	1
dva	1
kako	1
moći	1
područje	1
stoljeće	1
zemlja	1
jezik	1
samo	1
pod	1
mjesto	1
kod	1
država	1
tako	1
ime	1
nalaziti	1
uz	1
između	1
htjeti	1
općina	1
povijest	1
pa	1
kada	1
neki	1
broj	1
dok	1
poznat	1
Zagreb	1
datoteka	1
crkva	1
rata	1
život	1
također	1
stanovništvo	1
kraj	1
čovjek	1
američki	1
no	1
jer	1
otok	1
rat	1
izvor	1
mina	1
svijet	1
poveznica	1
škola	1
ostali	1
već	1
vanjski	1
nekoliko	1
kasno	1
često	1
film	1
mnogi	1
SV	1
tri	1
vlast	1
naselje	1
km	1
de	1
svjetski	1
postojati	1
vrlo	1
Hrvat	1
kralj	1
stanovnik	1
tada	1
postati	1
iako	1
rijeka	1
klub	1
republika	1
među	1
smrt	1
sad	1
predsjednik	1
bez	1
protiv	1
kroz	1
glavni	1
slika	1
djelati	1
put	1
Njemačka	1
popis	1
tijelo	1
snaga	1
oblik	1
nagrada	1
Francuska	1
doba	1
kad	1
preko	1
malo	1
Bosna	1
ako	1
društvo	1
vojska	1
pjesma	1
mali	1
narod	1
koristiti	1
polje	1
obitelj	1
poslije	1
osim	1
travanj	1
siječanj	1
početak	1
pri	1
srpanj	1
član	1
odnosno	1
dobiti	1
desno	1
puta	1
Ivan	1
činiti	1
vrsta	1
kultura	1
riječ	1
kolovoz	1
lipanj	1
strana	1
osoba	1
ožujak	1
prostor	1
st	1
knjiga	1
prosinac	1
Europa	1
njihov	1
mjesec	1
veljača	1
tu	1
sastav	1
morati	1
selo	1
njemački	1
djelo	1
različit	1
nazivati	1
ni	1
postajati	1
tek	1
vlada	1
Srbin	1
živjeti	1
način	1
pomoć	1
razvoj	1
srpski	1
Italija	1
grupa	1
Hercegovina	1
glumac	1
stranica	1
carstvo	1
žena	1
dolaziti	1
služben	1
četiri	1
međutim	1
isti	1
zajedno	1
govoriti	1
umjetnost	1
čak	1
luka	1
sunce	1
nad	1
car	1
sila	1
skupina	1
dobro	1
početi	1
književnik	1
francuski	1
svaki	1
uvijek	1
stranka	1
kuća	1
poput	1
književnost	1
star	1
svet	1
igra	1
utjecaj	1
županija	1
nemati	1
milijun	1
zajednica	1
početkom	1
jednom	1
spomenik	1
njega	1
politički	1
more	1
vidjeti	1
životopis	1
jezero	1
npr	1
savez	1
primjer	1
promjena	1
prav	1
ostati	1
vojni	1
zakon	1
obala	1
doći	1
jedini	1
ponovno	1
daleko	1
glumica	1
temperatura	1
Josip	1
prvo	1
rimski	1
engleski	1
tim	1
zvijezda	1
pet	1
bog	1
pred	1
napad	1
veliko	1
unutar	1
Marija	1
granica	1
političar	1
tj	1
nešto	1
sveučilište	1
brzina	1
trebati	1
talijanski	1
središte	1
pisati	1
obično	1
sastojati	1
značiti	1
počinjati	1
priča	1
pisac	1
borba	1
uloga	1
nastati	1
onaj	1
pravo	1
Pariz	1
li	1
potom	1
pjesnik	1
spominjati	1
Jugoslavija	1
ruski	1
napisati	1
gospodarstvo	1
pokret	1
potpuno	1
masa	1
budući	1
krajem	1
pleme	1
John	1
isto	1
sada	1
roditi	1
Ivana	1
Split	1
zato	1
dobar	1
niz	1
roman	1
album	1
osobito	1
lijevo	1
metar	1
uključivati	1
dati	1
voditi	1
umrijeti	1
nogometaš	1
red	1
ubrzo	1
mm	1
muzej	1
rođenje	1
Ante	1
papa	1
zemljopis	1
Stjepan	1
čiji	1
upravo	1
obrazovanje	1
stoga	1
jug	1
sjever	1
moguć	1
slikar	1
zraka	1
iznositi	1
skladatelj	1
prilikom	1
djelovati	1
dobivati	1
nacionalan	1
dijete	1
nogometni	1
davati	1
itd	1
odmah	1
osvojiti	1
većinom	1
šport	1
ti	1
stran	1
str	1
predstavljati	1
razlika	1
šest	1
ispod	1
podatak	1
zapravo	1
izvan	1
filmski	1
stanje	1
svjetlost	1
Srbija	1
blizina	1
ovdje	1
York	1
teško	1
Nikola	1
pripadati	1
redatelj	1
istok	1
završiti	1
literatura	1
general	1
br	1
sadržati	1
glazba	1
istraživanje	1
Robert	1
bolest	1
izabrati	1
al	1
cm	1
brojan	1
Sarajevo	1
britanski	1
jako	1
onda	1
san	1
objaviti	1
znamenitost	1
zapad	1
službeno	1
Rijeka	1
www	1
udruga	1
Vladimir	1
unatoč	1
padati	1
brzo	1
vojnik	1
vrijednost	1
možda	1
sedam	1
obuhvaćati	1
tisuća	1
uspjeti	1
posljednji	1
puno	1
Beograd	1
znatno	1
uprava	1
nastajati	1
dugo	1
kilometar	1
slučaj	1
povjesničar	1
veoma	1
zgrada	1
vladavina	1
profesor	1
brod	1
obzir	1
opet	1
tvar	1
dakle	1
prvenstvo	1
treći	1
boja	1
enciklopedija	1
Petra	1
planet	1
status	1
ujedno	1
mi	1
toliko	1
obrana	1
grčki	1
ponovo	1
park	1
priroda	1
dom	1
zlo	1
donji	1
nikada	1
vratiti	1
sljedeći	1
teorija	1
bitka	1
vrh	1
Rusija	1
mir	1
indijanac	1
kulturno	1
pjevač	1
srednji	1
autor	1
TV	1
izdanje	1
vrata	1
bivši	1
izbor	1
rano	1
rock	1
Krist	1
vijećati	1
europski	1
zvati	1
reći	1
cilj	1
model	1
zahvaljivati	1
relativno	1
spomen	1
dovoljno	1
London	1
održavati	1
nikad	1
smisao	1
cijel	1
musliman	1
vođa	1
čelo	1
započeti	1
mijenjati	1
organizacija	1
naslov	1
biskup	1
španjolski	1
Rim	1
pjevačica	1
James	1
struja	1
kup	1
pak	1
politika	1
filozof	1
klima	1
ljubav	1
ispred	1
južan	1
otkriti	1
pitanje	1
element	1
teritorij	1
udaljenost	1
vi	1
godišnje	1
mogućnost	1
natjecanje	1
problem	1
gibanje	1
blizu	1
isključivo	1
sat	1
vijeće	1
međunarodni	1
program	1
stvar	1
župa	1
premda	1
djelovanje	1
grb	1
narodni	1
samostan	1
proizvodnja	1
promet	1
označavati	1
deset	1
gurnuti	1
naš	1
projekt	1
željeti	1
članak	1
znati	1
zaštita	1
suradnja	1
potreban	1
ukoliko	1
dr.	1
kuna	1
proizvod	1
mlad	1
koliko	1
informacija	1
aktivnost	1
usluga	1
zašto	1
sklop	1
tko	1
posto	1
naravno	1
kazati	1
kvaliteta	1
ništa	1
korištenje	1
KN	1
ministarstvo	1
uvjet	1
odbor	1
radi	1
zdravlje	1
baš	1
roditelj	1
sklad	1
upravljanje	1
tj.	1
pomoći	1
npr.	1
postupak	1
temelj	1
sredstvo	1
jednostavno	1
netko	1
korisnik	1
okvir	1
razina	1
tržište	1
minuta	1
građanin	1
okoliš	1
donositi	1
provoditi	1
subota	1
lako	1
važan	1
nuditi	1
hrana	1
potreba	1
uopće	1
prilika	1
znanje	1
rok	1
invaliditet	1
sigurno	1
stavak	1
pružati	1
EU	1
tema	1
pronaći	1
dosta	1
sl.	1
napraviti	1
svakako	1
uspješno	1
naći	1
učiniti	1
itd.	1
ići	1
nitko	1
Isus	1
sukladno	1
tjedan	1
omogućivati	1
svrha	1
oprema	1
račun	1
par	1
trajati	1
potpunost	1
jasno	1
osiguranje	1
organizirati	1
poslovanje	1
moj	1
koža	1
srce	1
petak	1
radnik	1
pristup	1
lokalan	1
misliti	1
ugovor	1
osigurati	1
vjera	1
prošli	1
euro	1
podrška	1
sigurnost	1
izrada	1
predstavnik	1
zahtjev	1
odnositi	1
održavanje	1
unija	1
zaista	1
pomagati	1
trošak	1
pokazivati	1
smjeti	1
nedjelja	1
obavljati	1
iznimno	1
izuzetno	1
pola	1
tražiti	1
odgovarati	1
dvorana	1
stalno	1
omogućiti	1
branitelj	1
ovisno	1
sezona	1
omogućavati	1
diljem	1
izgledati	1
zrak	1
pristojan	1
iskren	1
glup	1
laku noć	1
liječnik	1
nemoj	1
ispite	1
ispit	1
cuti	1
neko vrijeme	1
neko	1
nam	1
Dobar dan	1
jabuka	1
crna	1
ženska	1
zelena	1
