engedelmeskedik	187
szívesen	81
álmos	71
vélemény	51
mindenképpen	49
kutya	38
lakás	25
olimpia	21
szia	20
talán	20
úszni	18
éhes	15
alma	15
valami	15
hogy vagy	15
szép	14
szívesség	13
köszönöm	13
inkább	13
lesz	12
macska	12
magyar	11
sikerült	11
nekem	10
mert	10
kedves	9
milyen	9
tessék	9
lehetőség	9
kell	9
hogy vagy?	9
meg	8
eszik	8
játszik	8
egész	8
lap	8
elmegy	8
mellett	8
akkor	8
elnézést	8
tegnap	8
holnap	8
szomorú	8
szeretlek	8
üdvözlet	7
volt	7
egyszer	7
hogy	7
előadás	7
nem tudom	7
minden	7
elfoglalt	7
ló	7
munka	7
csinos	7
mégsem	7
mégis	7
cél	7
még mindig	7
menni	7
fáj	7
még	7
fasz	7
éppen	7
lelkiismeret	6
ezért	6
csomag	6
szó	6
hogyan	6
hallgat	6
sajnos	6
meleg	6
befejez	6
szerint	6
ember	6
autó	6
így	6
bolt	6
eredmény	6
egyedül	6
egyébként	6
dal	6
segít	5
érdekes	5
vagy	5
tesz	5
különböző	5
egy	5
reggel	5
ablak	5
ápolónő	5
az	5
egészség	5
szabad	5
jó	5
szól	5
tűnik	5
visz	5
tányér	5
boríték	5
ahogy	5
néha	5
messze	5
tanár	5
mint	5
úgy	5
lehet	5
egészséges	5
mostanában	5
szex	5
ház	5
kitartás	5
udvarias	5
szorgalmas	5
mindig	5
különleges	5
élet	5
imád	5
enni	5
ügyes	5
alkalmaz	5
apa	5
miután	5
óta	5
boldog	5
nem	4
út	4
eszembe jutott	4
engem	4
udvar	4
beszél	4
egyelőre	4
ért	4
együtt	4
lámpa	4
is	4
otthon	4
megy	4
emlék	4
fog	4
hanem	4
hiányzik	4
asztal	4
neked	4
elégedett	4
találkozni	4
jó étvágyat	4
miért	4
van	4
persze	4
ölelés	4
gyönyörű	4
kér	4
tenni	4
már	4
póráz	4
kuka	4
ül	4
pedig	4
iskola	4
szerez	4
általában	4
igaz	4
vajon	4
tanul	4
ennek	4
foglalkozik	4
körülbelül	4
csalódott	4
tanfolyam	4
szeret	4
utazás	4
üdv	4
jó reggelt	4
közel	4
ad	4
biztos	4
én is	4
szerintem	4
beteg	4
kivéve	4
kíváncsi	4
előző	4
meghalt	4
puszi	4
miatt	3
amikor	3
gazdag	3
borravaló	3
biztonságos	3
kezd	3
érdemes	3
határozott	3
isten	3
ellenőriz	3
fontos	3
hiába	3
küld	3
talál	3
esemény	3
adó	3
fing	3
sapka	3
áldozat	3
fiatalság	3
olvas	3
dog	3
sportol	3
levél	3
tele	3
tagad	3
férj	3
felkel	3
geci	3
ez	3
nincs	3
végleges	3
ugyanaz	3
akác	3
tulajdonképpen	3
akármit	3
hajó	3
rendkívüli	3
túl	3
magam	3
tűz	3
tud	3
telefonál	3
készül	3
megjegyez	3
fél	3
másik	3
maximum	3
szimpatikus	3
anya	3
csoport	3
elfogad	3
probléma	3
véletlenül	3
tetszik	3
elég	3
köt	3
ha	3
lehetséges	3
ágy	3
kedv	3
búcsú	3
bárcsak	3
érint	3
irigy	3
barát	3
oktatás	3
egyszerre	3
szeretni	3
tartani	3
dupla	3
eddig	3
azon	3
vérkép	3
rosszul	3
majdnem	3
pincér	3
férfi	3
szálloda	3
óra	3
fent	3
rendelkezik	3
megoldás	3
főleg	3
tavaly	3
bíró	3
borzalmas	3
cég	3
énekel	3
ilyen	3
ír	3
zöld	3
aztán	3
kap	3
vár	3
előre	3
kés	3
sekélyes	3
megtalál	3
szállás	3
sajt	3
tart	3
lett	3
haza	3
nő	3
diák	3
semmi	3
este	3
jár	3
pina	3
kék	3
igazol	3
büdös	3
dolog	3
okoz	3
hülyeség	3
azóta	3
nevetséges	3
meglepetés	3
viszket	3
zaklat	3
kártya	3
számla	3
letartóztat	3
család	3
most	3
amúgy	3
reklám	3
vissza	3
mese	3
figyelmes	3
tényleg	3
eltéved	3
pazarol	3
hajszol	3
elfogyott	3
tanulás	3
csúnya	3
kész	3
tovább	3
segítőkész	3
alkalmatlan	3
így van	3
drága	3
csak	3
viselkedik	3
barátság	3
vizsga	3
egyetem	3
viszont	3
se	3
közben	3
csap	3
hat	3
később	3
kabát	3
éhes vagyok	3
kérem	3
gyakorlatilag	3
ezzel	3
különbség	3
alacsony	3
sokáig	3
vége	3
itt	3
nehéz	3
akar	3
virágzik	3
nincs kedvem	3
kedvenc	3
büszke	3
pult	3
remélem	3
sértő	3
morcos	3
amiért	3
csinál	3
kegyetlen	3
megfelel	3
szoba	3
szemtelen	3
barátnő	3
szúr	3
elvesz	3
folt	3
távol	3
profi	3
szerződés	3
hasonló	3
mikor	3
szerelem	3
óvatos	3
mozog	3
másnap	3
arc	3
baba	3
eladó	3
elfelejt	3
élő	3
kizárt	3
rendelés	3
hiba	3
lángos	3
túró	3
kötelező	3
fel	3
ebéd	3
vízálló	3
tehát	3
érdekel	3
leül	3
fekete	3
alakul	3
időben	3
illik	3
süt a nap	3
kétlem	3
erre	3
működik	3
valószínűleg	3
könyvelő	3
ennyi	3
néhány	3
hol	3
általános	3
próba	2
csésze	2
ahol	2
edény	2
közös	2
illat	2
adakozik	2
azt hiszem	2
agy	2
áll	2
udvarol	2
nem érdekel	2
félni	2
szemben	2
dió	2
teszt	2
pokol	2
német nyelv	2
kalandos	2
valóra válik	2
úton	2
járvány	2
ápoló	2
várakozik	2
boldog születésnapot	2
számít	2
alkot	2
idő	2
végez	2
mennyi	2
jutalom	2
öröm	2
társaság	2
kapcsolat	2
pohár	2
hölgy	2
izé	2
veszteség	2
nyereség	2
bizonyít	2
tisztelet	2
katasztrófa	2
állami	2
ecet	2
feldolgoz	2
javít	2
spórol	2
ing	2
pályázat	2
győz	2
elmagyaráz	2
magyaráz	2
nem baj	2
ketten	2
bánásmód	2
viselkedés	2
roller	2
rak	2
lemond	2
üres	2
sajnál	2
különösen	2
kép	2
zavarba hoz	2
kifogás	2
felelős	2
felelősség	2
mérges	2
virsli	2
rúg	2
forgat	2
pihen	2
akadály	2
hossz	2
keveset	2
boldogság	2
agyontapos	2
Én	2
kel	2
kurva	2
de	2
azért	2
bogrács	2
kád	2
lép	2
születésnap	2
magad	2
panasz	2
eltűnt	2
szuper	2
szerencse	2
egy pár	2
előrejelzés	2
ezelőtt	2
elvisz	2
gyerek	2
bosszús	2
jog	2
hangulat	2
ismerős	2
műszak	2
élvezet	2
menjünk	2
kiejt	2
áthúz	2
elhagy	2
összeállít	2
elolvas	2
aranyos	2
élmény	2
hanyag	2
városnézés	2
csend	2
egész idő alatt	2
tenyér	2
kilátás	2
megjelöl	2
kórház	2
tervez	2
amit	2
mindjárt	2
pihenés	2
hét	2
vicces	2
túlságosan	2
egyeztet	2
torna	2
sárga	2
árul	2
négyszemközt	2
kicsi	2
őszintén	2
életszínvonal	2
valóban	2
magas	2
nagykövetség	2
útlevél	2
művelt	2
gyakori	2
esernyő	2
mosoly	2
legszebb	2
osztrák	2
éves	2
gyökér	2
karc	2
előny	2
helyez	2
sekély	2
jobb	2
korábbi	2
kávézó	2
ahogyan	2
fizikailag	2
nos	2
fagyasztó	2
anyanyelv	2
politikai	2
nyelvtudás	2
felesleges	2
be	2
le	2
annyit	2
és	2
fizika	2
tükör	2
örül	2
találkozik	2
kacsa	2
néma	2
mögött	2
utána	2
kifli	2
sérülés	2
varr	2
cica	2
cím	2
életkor	2
tapasztalat	2
beszáll	2
orosz	2
mintha	2
nyilvánosan	2
éjszaka	2
szalonna	2
kert	2
árnyék	2
megye	2
hír	2
helyette	2
elmúlt	2
oda	2
bátor	2
olyan mint	2
bent	2
adag	2
gazda	2
király	2
zárkózott	2
hány	2
elfut	2
valahol	2
kenyér	2
tudat	2
mindannyian	2
színész	2
döntés	2
szükség	2
kábel	2
fázik	2
erdő	2
kirak	2
nehéz kérdés	2
fejlődik	2
vidék	2
üzenet	2
felhív	2
kérdez	2
vendég	2
melyik	2
állvány	2
könnyezik	2
váladék	2
él	2
jelentkezés	2
örömmel	2
diploma	2
foglal	2
jelent	2
én	2
övé	2
ámbár	2
szekrény	2
addig	2
fest	2
ég	2
pontatlan	2
szem	2
sikeresen	2
mosókonyha	2
busz	2
puffad	2
előfordul	2
német	2
vőlegény	2
zeng	2
siker	2
fizetés	2
házimunka	2
folyékony	2
közeli	2
mennem kell	2
őket	2
sorrend	2
baszik	2
érettségi	2
betörő	2
megesik	2
hátul	2
állva	2
megjelenik	2
ráadásul	2
minél	2
ahhoz	2
albérlet	2
példa	2
való	2
sem	2
felirat	2
felsorol	2
fertőző	2
speciális	2
szar	2
támogatás	2
talp	2
üzlet	2
tele van	2
ár	2
bíróság	2
csúszós	2
édes	2
cigaretta	2
cipzár	2
énekes	2
érdeklődés	2
erős	2
csendes	2
észak	2
eszköz	2
étel	2
évforduló	2
dob	2
durva	2
fűszeres	2
egyetlen	2
íz	2
elbűvölő	2
elégedettség	2
azaz	2
hova	2
malac	2
rajt	2
róla	2
alszik	2
segítség	2
délután	2
származik	2
elem	2
alap	2
itthon	2
mennyire	2
bicikli	2
szomjas	2
munkaidő	2
parancsol	2
magabiztos	2
én sem	2
burgonya	2
felett	2
múzeum	2
reggeli	2
ének	2
rettenetes	2
forgalom	2
időpont	2
magasság	2
kezel	2
lakik	2
lakos	2
ma	2
után	2
nadrág	2
tisztességes	2
vásárol	2
öv	2
közel van	2
konkrét	2
unalmas	2
úr	2
szent	2
bizony	2
gyakran	2
bárhol	2
rajta	2
ceruza	2
tolni	2
megpróbál	2
vigyáz	2
kihallgat	2
majd	2
vékony	2
Budapest	2
lassan	2
érdekli	2
idegen	2
stressz	2
következő	2
számára	2
elment	2
érkezik	2
mód	2
minőség	2
bélyeg	2
tető	2
hang	2
képzés	2
sorban	2
hoz	2
fölött	2
rák	2
idegen nyelv	2
aki	2
veszély	2
szórakozás	2
arab	2
állás	2
telek	2
zavaros	2
lottó	2
zöldség	2
ugyan	2
megható	2
város	2
cseng	2
elöl	2
oszt	2
hangzik	2
kolbász	2
polgár	2
karfiol	2
megszúr	2
tészta	2
megöl	2
ugat	2
folytat	2
amíg	2
hívni	2
kemény	2
templom	2
szemét	2
igazolás	2
elfogult	2
vannak	2
magányos	2
harcolni	2
elvégez	2
elvisel	2
ugyanis	2
tél	2
langyos	2
sehogy	2
képest	2
bár	2
szánalmas	2
észrevesz	2
rendes	2
folyamatosan	2
részben	2
elméletileg	2
lopás	2
hülye	2
által	2
ajándék	2
megnyugtat	2
Duna	2
szeretettel	2
csitt	2
szagol	2
kidob	2
tutaj	2
pont	2
mekkora	2
ragad	2
útban	2
fellép	2
jó napot	2
állítólag	2
úgy gondolom	2
véleményem szerint	2
sajnálom	2
elégedetlen	2
vakáció	2
jelleg	2
környék	2
használt	2
rendben	2
sok szerencsét	2
rosszindulatú	2
többnyire	2
megígér	2
szokatlan	2
jelenleg	2
fajta	2
köszön	2
kihívás	2
köszönjük	2
szív	2
mozgás	2
nem szabad	2
hőség	2
helyett	2
tó	2
jelentkezik	2
fotóz	2
kelt	2
megérkezik	2
különben	2
ami	2
kivesz	2
pótol	2
izgul	2
bölcsességfog	2
fiatal	2
először	2
kiönt	2
borul	2
leginkább	2
bocsánat	2
egyértelmű	2
kor	2
egér	2
szabadság	2
cipő	2
rendez	2
hatás	2
parkoló	2
bél	2
időjárás	2
az elején	2
hős	2
szigorú	2
úgy van	2
hely	2
megromlik	2
egységes	2
téma	2
üzen	2
gyilkos	2
fésű	2
választ	2
beszállás	2
több	2
hirtelen	2
elkezd	2
madár	2
megsértődött	2
legyen szíves	2
egyedi	2
gyártás	2
egyensúly	2
azok	2
fölösleges	2
gyógyulás	2
Tamás	2
nagyon	2
emelet	2
utál	2
buta	2
konyha	2
vitatkozik	2
önök	2
kiszolgál	2
feltétlenül	2
eset	2
kefél	2
tartóztat	2
megtud	2
érzékeny	2
méz	2
nekimegy	2
ágyaz	2
soha	2
hobbi	2
keres	2
jövőre	2
ABC	2
megkér	2
lakodalom	2
birtokol	2
éhség	2
csapos	2
dühös	2
egyenes	2
böfög	2
ötlet	2
kalap	2
szóval	2
alkalom	2
repülőtér	2
punci	2
hajlamos	2
nevel	2
takarít	2
láb	2
tüsszent	2
esős	2
étvágy	2
enyém	2
járat	2
helyzet	2
ajtó	2
megágyaz	2
kitakarít	2
változás	2
olyan	2
havazik	2
virág	2
későn	2
mielőtt	2
lényeg	2
komoly	2
időszak	2
kellene	2
gyerünk	2
feltétel	2
vágy	2
megvan	2
kút	2
őriz	2
megfigyel	2
módszer	2
gépész	2
figyel	2
változtat	2
természetes	2
répa	2
megvet	2
hamar	2
büntet	1
fellélegzik	1
elfolyik	1
énekkar	1
érezd magad otthon	1
kócos	1
illet	1
leüt	1
kelt tészta	1
fánk	1
nedves	1
nagyobbít	1
hajol	1
idéz	1
raklap	1
lombkorona	1
fogy	1
korzó	1
más	1
ez minden	1
csenget	1
nyilatkozik	1
benzin	1
zsebpénz	1
közbiztonság	1
bűnözés	1
világ	1
szépség	1
megrendel	1
próbálkozik	1
barátkozik	1
csodálkozik	1
kínálkozik	1
mutatkozik	1
online	1
öngyilkos	1
támogat	1
becsomagol	1
mosogat	1
lyukas	1
nem igaz	1
pékség	1
szélsőséges	1
vallás	1
kellemetlenség	1
vers	1
szótag	1
sor	1
válság	1
belekezd	1
szemben lévő	1
riadt	1
hüvelykujj	1
hangszóró	1
ellenkezőleg	1
bármilyen	1
csillog	1
fénylik	1
sziasztok	1
valaki	1
keresztény	1
háborús	1
biztonságban	1
biciklizik	1
nem illik	1
súg	1
nemes	1
ezüst	1
kantár	1
ámul	1
műlovarnő	1
kezes	1
kiált	1
inger	1
leejt	1
rozsdás	1
maradék	1
kapcsolatban	1
hajlakk	1
hab	1
beérkező	1
vágás	1
szárítás	1
csináltat	1
eső	1
pokol tornáca	1
izgalmas	1
ezek	1
önállóság	1
marketing	1
ajak	1
általánosítás	1
ellentmondás	1
meder	1
hivatkozik	1
töltött	1
kötött	1
fejfájás	1
Ob	1
felébred	1
megy a hasa	1
hálás	1
viszony	1
például	1
gesztus	1
küldött	1
észrevétel	1
képviselő	1
valami készül	1
evez	1
abortusz	1
számít rá	1
mindenkinek	1
elárul	1
makacs	1
dacos	1
vége van	1
kiderül	1
öszvér	1
ragaszkodik	1
ellenőrizetlen	1
kivétel	1
káró	1
kőr	1
téved	1
megnyugszik	1
légy	1
jutalmaz	1
tévé	1
valamennyi	1
bűvös	1
tök	1
kerítés	1
megér	1
tízezer	1
társ	1
zsidó	1
meredek	1
hintázik	1
hintázás	1
egyenlő	1
tőke	1
befolyásolható	1
alkatrész	1
iható	1
városháza	1
menet	1
elkísér	1
összerezzen	1
finnyás	1
kényes	1
sereg	1
félgömb	1
védjegy	1
varázs	1
kedvezmény	1
fésül	1
felhajtás	1
mű	1
zenemű	1
kudarc	1
letisztul	1
kisugárzás	1
feltéve	1
érzék	1
elvonás	1
elvon	1
rovar	1
hiány	1
megalázó	1
a kocka el van vetve	1
perfekt	1
irányít	1
megszakít	1
munkaviszony	1
átvezet	1
átvisz	1
ezúttal	1
részére	1
megpróbálom	1
fotó	1
kiszabadít	1
beszédes	1
járni	1
tünet	1
csoki	1
őszinteség	1
természeti katasztrófa	1
futás	1
halad	1
szervez	1
változó	1
alapfok	1
könyörög	1
vadkecske	1
horgol	1
okos	1
gyerekesen	1
tévedés	1
feldolgozás	1
szeszes	1
szilárd	1
részemről	1
ment	1
magány	1
ellenőrzés	1
naplemente	1
legjobban	1
külföldön	1
könyvel	1
terem	1
teremt	1
nemzetközi	1
tehetséges	1
hajít	1
front	1
annak ellenére	1
rajzol	1
remek	1
hús	1
pulyka	1
ijesztő	1
szertartás	1
kettesben	1
kártyajáték	1
előkerül	1
házasságtörés	1
kiegyenlít	1
szimatol	1
szimat	1
emel	1
tüzet rak	1
szemkötő	1
költözés	1
keserű	1
savanyú	1
vízesés	1
regisztrál	1
helyettesít	1
helyettes	1
bújik	1
előbújik	1
árnyas	1
mivel	1
repülő	1
kíván	1
apropó	1
kakukk	1
hátrány	1
eldob	1
felszabadul	1
másol	1
hosszan tartó	1
elhunyt	1
csökkentés	1
rendelkező	1
jövedelem	1
tartózkodás	1
szemfedő	1
fok	1
mész	1
tandíj	1
programoz	1
program	1
írásbeli	1
válogatós	1
ellenség	1
hiszti	1
bármit	1
poloska	1
ács	1
késik	1
kifúj	1
hordó	1
kuss	1
tapsol	1
Idő	1
csendben	1
tanítás	1
éljen	1
döntetlen	1
elgázol	1
ölel	1
felszerelés	1
igyekszik	1
vízköpő	1
fazék	1
tál	1
kanna	1
apáca	1
megállapodás	1
erőfeszítés	1
békén hagy	1
szop	1
cselekmény	1
bedug	1
horkol	1
jó estét	1
jó éjszakát	1
akár	1
OK	1
érv	1
ácsorog	1
hősködés	1
evickél	1
cammog	1
szájsebész	1
szinkronizál	1
ragaszkodás	1
kárhozat	1
dühkitörés	1
megbont	1
rostál	1
rosta	1
dúc	1
cet	1
céh	1
bús	1
igyekezet	1
paráználkodás	1
szóösszetétel	1
esettanulmány	1
irattáska	1
megemészt	1
napszámos	1
kedély	1
áhítozik	1
hangtan	1
terjeszkedik	1
személyzet	1
csúnyán	1
imitál	1
jellem	1
sajnálattal	1
tárgytalan	1
minden évben	1
ellenszenves	1
bekezdés	1
szakmunkás	1
menza	1
lusta	1
elhoz	1
klub	1
kétely	1
bakterház	1
pattanás	1
összekever	1
összetéveszt	1
felcserél	1
kicserél	1
összecserél	1
pletykás	1
pletyka	1
kibeszél	1
rá	1
nép	1
önző	1
egyáltalán	1
kas	1
dölyfös	1
győztes	1
nyertes	1
muszáj	1
szüksége van	1
direkt	1
kosár	1
kerülőút	1
megvisel	1
megismerkedik	1
kamatoztat	1
kamat	1
elromlik	1
akárki	1
múlva	1
titokban	1
baj	1
hajókirándulás	1
megáll az eszem	1
kifogástalan	1
elhanyagol	1
bizonytalan	1
elveszít	1
összeköttetés	1
jelentőségteljes	1
tehetetlen	1
haszontalan	1
összezavar	1
bekapcsol	1
ennek ellenére	1
ellenére	1
réteg	1
szita	1
feladom	1
zsák	1
undorító	1
kevés	1
hív	1
zavart	1
korábban	1
érte megy	1
haldoklik	1
elcsesz	1
gyalog	1
látogat	1
meglátogat	1
elaltat	1
ipari	1
hanyagság	1
elsődleges	1
hajlandó	1
mindegy	1
törés	1
csönd	1
csendben van	1
és így tovább	1
kellék	1
zsinagóga	1
min	1
kedd	1
felmondás	1
padló	1
igaza van	1
zenekar	1
több mint	1
menstruáció	1
menny	1
házasság	1
hárs	1
indokolatlanul	1
Lett	1
átutazó	1
hányni	1
megromlott	1
ja	1
hétvége	1
pánt	1
abban a pillanatban	1
látnivaló	1
megakadályoz	1
adócsalás	1
táblázat	1
sóvárog	1
úszás	1
működés	1
kijavít	1
foglalkozás	1
nevet	1
nevetés	1
meghívás	1
kiállítás	1
gondolat	1
tanárnő	1
oroszlán	1
összekevert	1
kevert	1
vicc	1
micsoda	1
rizs	1
paradicsom	1
brokkoli	1
szenzációs	1
káromkodás	1
vas	1
megrepedt	1
felületes	1
rosszullét	1
költség	1
többlet	1
indok	1
szabó	1
gáz	1
kibaszott	1
kiábrándul	1
kifejezett	1
bohóckodik	1
ideges	1
gyufa	1
kártérítés	1
művelet	1
orvos	1
kiürít	1
vele	1
hangya	1
visszaszámlálás	1
kérdőív	1
postáz	1
esedékes	1
megbízhatatlan	1
hering	1
kaland	1
mocskos	1
pelenka	1
tű	1
bejön	1
felmegy	1
feljön	1
lemegy	1
nem nagy dolog	1
sorsolás	1
fent említett	1
előbb említett	1
élőben	1
mellékesen	1
ültet	1
fesztivál	1
báj	1
felenged	1
közvetítő	1
kolléga	1
tudás	1
láp	1
elmozdul	1
érthető	1
nagyváros	1
Tirol	1
ami azt illeti	1
az emberek	1
korrekt	1
munkáltató	1
munkaadó	1
vizsgálat	1
krokodil	1
közmondás	1
tapadós	1
szénsavas	1
fürdő	1
fürdőszoba	1
csók	1
szeretet	1
napszemüveg	1
zsúfolt	1
istálló	1
erotikus	1
test	1
gyerekkor	1
feketerigó	1
kovács	1
igazad van	1
angolul	1
nyáron	1
bizonyára	1
lakcím	1
megegyező	1
nagyobb	1
strandol	1
strand	1
vasárnap	1
légy szíves	1
biztosítás	1
sáv	1
végül	1
vég	1
tönkrement	1
valamiért	1
elviselhetetlen	1
elhízott	1
mostoha	1
titok	1
idősebb	1
gondoz	1
meditál	1
megjavít	1
felhős	1
sovány	1
kitalált	1
hozzányúl	1
hasznára	1
megkérdez	1
mutat	1
poén	1
buli	1
lépésről lépésre	1
ok	1
nyelvismeret	1
azonos	1
csupasz	1
magyarázkodik	1
grafit	1
fal	1
ám	1
biztosítást köt	1
mennyiség	1
meggyőz	1
jelző	1
szinonima	1
környezet	1
más szóval	1
errefelé	1
nem tetszik	1
villa	1
megfog	1
bír	1
kifordítva	1
túlbeszél	1
annyira	1
nagyon köszönöm	1
választás	1
előre is köszönöm	1
magával hoz	1
emlékeztet	1
ennyire	1
lötyög	1
rendesen	1
teljes gőzzel	1
teljes erővel	1
hozzáért	1
a legjobb	1
harkály	1
kétszeres	1
elragad	1
emlékszik	1
meglát	1
forrás	1
farok	1
más-más	1
között	1
kijelentés	1
beszédkészség	1
valahová	1
hosszú	1
szándékosan	1
készakarva	1
szánt szándékkal	1
összeszerel	1
önt	1
legfelső fiók	1
érdekelt	1
múltkor	1
lefagy	1
nem érdekelt	1
beüt	1
áfa	1
laza	1
stabil	1
megszeret	1
ekkor	1
halálvágy	1
március	1
rádió	1
majd meglátjuk	1
reménytelenség	1
levelez	1
szeretett	1
nem szeretett	1
tép	1
színez	1
kié	1
te	1
egészségedre	1
sütemény	1
hányan	1
kering	1
megszokik	1
fülledt	1
épület	1
beenged	1
elszalad	1
árnyékos	1
napos	1
legfeljebb	1
lefordít	1
semmiség	1
harapós	1
relatív	1
tisztáz	1
ott van	1
nyugtató	1
nyugtat	1
rendelő	1
fodrász	1
élelmiszerbolt	1
felad	1
kollégium	1
kinéz	1
sokáig tart	1
sötétedik	1
Magyarország	1
erkölcstan	1
Rák	1
akarat	1
akaraterő	1
iszony	1
részösszeg	1
megdönt	1
beállítás	1
láma	1
lemondás	1
jön	1
megbízás	1
egyik sem	1
törpe	1
krumpli	1
hű	1
egészen	1
leír	1
dudor	1
Balkán	1
húsos	1
fényképez	1
fakultatív	1
visszaút	1
gomb	1
felbuzdul	1
kis	1
datolya	1
az isten háta mögött	1
memória	1
emlékezet	1
legközelebb	1
űz	1
ragozás	1
vezetékes	1
mobiltelefon	1
kulcs	1
Úr	1
főnök	1
híres	1
óriás	1
taxi	1
gyáva	1
kihasznál	1
pad	1
név	1
tag	1
könyv	1
könyvtár	1
elzárkózik	1
kihány	1
ma este	1
láda	1
kifolyik	1
sajnálatos módon	1
kocog	1
szag	1
prűd	1
ismétlés	1
gyanít	1
inkonzisztens	1
lássuk	1
kapcsol	1
kajszi	1
siet	1
vezető	1
fagylalt	1
labdarúgás	1
kísérlet	1
futja	1
félsziget	1
Olaszország	1
bor	1
jégkrém	1
tenger	1
nyaral	1
luxus	1
tengerpart	1
Olasz	1
medence	1
második	1
lekérdezés	1
próbálkozás	1
bizalmas	1
igazán	1
beszédtéma	1
Nap	1
arany	1
ragadós	1
újra	1
Nyugat	1
pihentet	1
feltesz	1
rátámad	1
rendezetlen	1
műbőr	1
többet	1
szögletes	1
töltő	1
világos sör	1
szuka	1
dögevő	1
talány	1
garas	1
hál	1
jóllakott	1
köntös	1
könny	1
megmar	1
mérges gomba	1
mérgező	1
róka	1
pillangó	1
pók	1
FÁK	1
máj	1
kérődző	1
dongó	1
váltó	1
állapot	1
kurzus	1
bogarak	1
visel	1
klinika	1
elismétel	1
párt	1
magával visz	1
Tigris	1
leönt	1
fogad	1
utazni	1
térkép	1
csipet	1
csipetnyi	1
fül	1
egyben	1
hátizsák	1
eszébe jut	1
szám	1
zene	1
mestermű	1
album	1
remekmű	1
sebesség	1
Jézus	1
banán	1
csirke	1
nyugalom	1
undorodó	1
ijedt	1
sakk	1
gyalogáldozat	1
rebarbara	1
lóvé	1
tipp	1
hisz	1
vállalkozás	1
cserél	1
csapkod	1
össze-vissza	1
ordít	1
figyelmeztet	1
ledöbbent	1
lenni	1
Hattyú	1
beleértve	1
temet	1
elmúlik	1
hajnal	1
megengedhetetlen	1
eleven	1
féreg	1
foci	1
genny	1
éppen ezért	1
célszerű	1
kopek	1
nyugodt	1
értékes	1
fölényes	1
gyanús	1
költő	1
matrica	1
habár	1
visszajáró	1
vonatkoztat	1
megzavar	1
zavar	1
motorháztető	1
vasas	1
szállítás	1
könyvelés	1
koldus	1
megemel	1
egészségére	1
lelkes	1
jogosítvány	1
azután	1
őszülő	1
esküdtek	1
ismérv	1
következetes	1
megszokott	1
fűszer	1
tényező	1
adóköteles	1
fáradtan	1
évfolyam	1
kiábrándult	1
hajlam	1
minta	1
kalitka	1
ügyfél	1
neveletlen	1
reggelig	1
év	1
higgadt	1
higgadtság	1
reakció	1
műszaki	1
nyuszi	1
Nyúl	1
elölről	1
hátha	1
derék	1
elé	1
túl korai	1
rozoga	1
helyesel	1
meddő	1
kiengesztel	1
irtózatosan	1
beadvány	1
viszonzásul	1
viszonzás	1
lelkendezés	1
cókmók	1
holmi	1
zavaró	1
gyönyör	1
gondviselő	1
fácán	1
teniszpálya	1
hosszú távon	1
elszalaszt	1
villog	1
jövés-menés	1
megvizsgál	1
felleg	1
merre	1
ellentétes	1
kopj le	1
felhasználható	1
pletykál	1
ünnep	1
mázol	1
óva int	1
világos	1
szobor	1
többek között	1
lakk	1
lég	1
előnyben részesít	1
ezeket	1
tova	1
nagydarab	1
alighanem	1
napernyő	1
felszed	1
különféle	1
dübörög	1
csapda	1
szellemes	1
fitogtat	1
kísér	1
fojt	1
felmond	1
eléggé	1
gyakorlás	1
gyakorlat	1
furgon	1
rózsaszín	1
ugyanolyan színű	1
tavasszal	1
május	1
látszik	1
indián	1
szőr	1
szőrzet	1
játékos	1
történik	1
tartozás	1
közepén	1
gondolatjel	1
hányadik	1
iránt	1
fantasztikus	1
kimerült	1
szerencsés	1
jó hír	1
rohangál	1
mosás	1
mozi	1
borsó	1
sétál	1
fogni	1
halál	1
szemüveg	1
buzi	1
szobalány	1
szint	1
kipusztul	1
borosta	1
járatos	1
teker	1
folyik	1
edzett	1
köszörül	1
köszörüli	1
helyes	1
önbizalom	1
gyurma	1
pénz	1
feljelent	1
követel	1
ön	1
kínálat	1
nyitvatartás	1
körülmények	1
követelmény	1
kantin	1
étkezde	1
infrastruktúra	1
követ	1
cirógat	1
felborul	1
hibás	1
lefoglalt	1
előre lefoglal	1
a következő	1
gyakorló	1
amiről	1
Kígyó	1
komplikált	1
idegesítő	1
hazakísér	1
nélkülöz	1
óriási	1
manipulál	1
elhitet	1
átverés	1
minimálbér	1
lobbanékony	1
továbbá	1
egyrészt	1
harmónia	1
bánt	1
megbánt	1
hasonlít	1
esetlen	1
vigad	1
rátermettség	1
rátermett	1
kivitelezés	1
modor	1
engedetlen	1
vonás	1
szellem	1
sikerül	1
bán	1
sikere van	1
első látásra	1
beszélget	1
egyforma	1
mentalitás	1
túlsúlyos	1
mosolyog	1
jókedv	1
agyvelő	1
középiskola	1
névjegykártya	1
korosztály	1
pénzt keres	1
kiadás	1
ártatlanság	1
Szűz	1
liliom	1
elborul	1
körülnéz	1
rövidlátó	1
káposzta	1
távoli	1
régóta	1
vásárlás	1
zavartalan	1
szorosan	1
bocsánatot kér	1
áramlás	1
amint	1
ered	1
patak	1
gyarapodik	1
sugall	1
bújócska	1
kézilabda	1
határidő	1
vonat	1
haszon	1
összeg	1
panaszkodik	1
szid	1
kapacitás	1
állít	1
kifejez	1
férfias	1
havi	1
táplálkozás	1
lányos	1
első próbálkozásra	1
beszélgetés	1
példány	1
vakar	1
kötődés	1
zörög	1
pofon	1
pisil	1
szexel	1
szeretkezik	1
dug	1
hihető	1
udvariatlan	1
miféle	1
erény	1
távol marad	1
távol tart	1
megver	1
piszkál	1
legjobb	1
szürke	1
elrendezés	1
undor	1
simogat	1
simogatás	1
átutalás	1
bemegy	1
munkanap	1
amortizál	1
alapvető	1
elfogadás	1
javaslat	1
társadalom	1
kimarad	1
víz	1
iszik	1
munkaerő	1
azonban	1
űrlap	1
rosszabb	1
tetején	1
általános iskola	1
iszonyodik	1
gondtalan	1
gondatlan	1
mellesleg	1
tartozik	1
repeszt	1
boldogtalan	1
alól	1
tetemes	1
ünnepély	1
nagynéni	1
nézőpont	1
megértés	1
minden ember	1
mit	1
krach	1
viccelődés	1
fonnyad	1
fonnyadozik	1
megteszi	1
akadozik	1
akad	1
ridegen	1
rideg	1
autópálya	1
kevesebb	1
bárány	1
liba	1
borjú	1
tehén	1
gólya	1
késő	1
fizet	1
hát	1
morog	1
lop	1
időt mér	1
csávó	1
torz	1
nyergel	1
szerencsére	1
részvét	1
megnéz	1
ketrec	1
eldönt	1
korsó	1
lendület	1
nehezít	1
megnehezít	1
felállít	1
böjt	1
válasz	1
veszélyeztet	1
egymást	1
köhögés	1
torokfájás	1
taknyos	1
nyugdíjas	1
kirakós játék	1
olaj	1
botlik	1
magát	1
tanév	1
ugyan már	1
apu	1
szokás	1
felmerül	1
megfogalmazás	1
tükörfordítás	1
elvész	1
fényesen	1
kikel	1
integet	1
következő hónapban	1
jövő hónapban	1
idén	1
utca	1
intéz	1
számol	1
jelez	1
megértet	1
elveszett	1
következő hét	1
befizet	1
kérdőre von	1
tolakodó	1
rámenős	1
gondot okoz	1
átgondol	1
határ	1
kocsma	1
kápolna	1
vonz	1
ugyanolyan	1
többször	1
főbejárat	1
bejárat	1
nem látogatható	1
egzotikus	1
béke	1
különlegesség	1
kerékpár	1
gazdát cserél	1
allergia	1
allergiás	1
álom	1
arány	1
aszpirin	1
asztma	1
ateista	1
atomerőmű	1
átvétel	1
bank	1
bankár	1
bankjegy	1
bárányhimlő	1
barátságos	1
barlang	1
barna	1
barnaság	1
bársony	1
ablaktörlő	1
betegség	1
állam	1
államfő	1
állandó	1
betörés	1
betű	1
állatkert	1
bevándorlás	1
állítás	1
bevezet	1
állomás	1
Biblia	1
alsó	1
alsónadrág	1
bikini	1
billió	1
bírság	1
birtoklás	1
bizalom	1
bizonyíték	1
árfolyam	1
bizonytalanság	1
biztonság	1
biztosan	1
ara	1
borotva	1
döntő	1
bosszant	1
dzsungel	1
ébresztő	1
bő	1
bőr	1
bőrgyógyászat	1
bőrönd	1
egészségtelen	1
éget	1
bróker	1
egyedülálló	1
bunda	1
burgonyaszirom	1
buszmegálló	1
ékszer	1
ékszerek	1
el	1
büszkeség	1
élénk	1
célállomás	1
centiméter	1
cikk	1
címke	1
élvez	1
cipőfűző	1
civilizáció	1
comb	1
cukor	1
bejegyez	1
emberi	1
dereng	1
emberölés	1
energikus	1
enyhe	1
eper	1
épít	1
építészmérnök	1
csapadék	1
csapat	1
csat	1
csatlakozik	1
eredeti	1
érem	1
érintetlen	1
érkezés	1
érme	1
erőltetett	1
csatorna	1
erőmű	1
csekk	1
erősen	1
csekkfüzet	1
erőszak	1
esély	1
csepp	1
csevegés	1
csíkos	1
csillag	1
csipke	1
etet	1
csizma	1
étrend	1
csokornyakkendő	1
export	1
exportőr	1
facipő	1
csomagolás	1
fagy	1
csomagtartó	1
csónakázás	1
fájó	1
csúcs	1
csúcsforgalom	1
csukló	1
csúszás	1
dajka	1
fehérítő	1
darázs	1
fehérnemű	1
dátum	1
dekoráció	1
dél	1
demokrácia	1
fekvőtámasz	1
díj	1
díszszemle	1
divat	1
divatbemutató	1
divatos	1
dobókocka	1
dohányzás	1
dönt	1
dráma	1
drámai	1
duzzadt	1
DVD	1
dzseki	1
dzsessz	1
körülmény	1
gabona	1
edzés	1
edző	1
gyűrű	1
egyéni	1
egyenleg	1
egyenruha	1
egyesül	1
egyesült	1
egyetért	1
egyhangú	1
egyház	1
egyirányú	1
fizetésemelés	1
hűvös	1
egyszerű	1
ígéret	1
illegális	1
egyszerűség	1
együttélés	1
látvány	1
írás	1
izgatott	1
ízletes	1
izom	1
járda	1
jármű	1
elájul	1
elalszik	1
eldobható	1
elegancia	1
elegáns	1
elektromos	1
jelölt	1
elektronikus	1
elér	1
jóakarat	1
ott	1
kávé	1
megszáll	1
keresés	1
nyár	1
merül	1
keretében	1
keret	1
technológia	1
bárki	1
alkar	1
alkat	1
balek	1
humor	1
start	1
török	1
tör	1
forgatás	1
hőemelkedés	1
csodálatos	1
napsütés	1
tantárgy	1
bunyó	1
felpróbál	1
letesz	1
abbahagyni	1
szükséglet	1
tökéletes	1
baromi	1
fekszik	1
dolgozik	1
betegszabadság	1
sértődött	1
haragos	1
képmutató	1
alattomos	1
tisztelt	1
hölgyem	1
fogyasztás	1
amott	1
mögé	1
hátra	1
filteres tea	1
barack	1
házikó	1
dér	1
egyszerűen	1
normális	1
fejlett	1
belső	1
füles	1
bohóc	1
melléknév	1
felnőtt	1
levegő	1
állat	1
szempont	1
megmentő	1
kiütés	1
lent	1
sperma	1
alatt	1
háló	1
huzatos	1
huzat	1
szókincs	1
felfedez	1
kétségkívül	1
hogyne	1
üljön le	1
rossz	1
elapad	1
aktív	1
karaoke	1
ima	1
méltatlan	1
méltó	1
kapható	1
felnevel	1
jegy	1
felkeres	1
fárasztó	1
kevesebbet	1
hová	1
cukkini	1
vadász	1
titkos	1
kérés	1
sok	1
kérdés	1
cső	1
bolond	1
darál	1
szabadban	1
püré	1
következtében	1
híradó	1
szerel	1
felolvaszt	1
megolvaszt	1
iszogat	1
teljesen	1
kint	1
őszintén szólva	1
ág	1
angol	1
áram	1
átmegy	1
olt	1
keresztfiú	1
hivatás	1
üdül	1
munkaszünet	1
átszáll	1
ázsiai	1
kivág	1
csókol	1
puszil	1
lapát	1
csöpög	1
kopasz	1
költői	1
társasági szerződés	1
egy év múlva	1
köd	1
alku	1
darab	1
megsértődik	1
futár	1
ondó	1
összességében	1
fösvény	1
sarok	1
megfázás	1
minket	1
szánt	1
zajlik	1
érvényes	1
harmadik	1
bérleti díj	1
kedvesség	1
körte	1
főút	1
elkezdődik	1
ügyesen	1
érvénytelenít	1
érvénytelen	1
nem számít	1
étkezés	1
rántotta	1
tükörtojás	1
sonka	1
kukoricapehely	1
müzli	1
megtöröl	1
letöröl	1
koccint	1
fogás	1
vegetáriánus	1
elengedhetetlen	1
vendéglő	1
cukrászda	1
energia	1
euró	1
európai	1
ezredik	1
hangverseny	1
műtét	1
üzemanyag	1
üzem	1
cella	1
energiaforrás	1
fő	1
innen	1
internetezik	1
puha	1
brigád	1
kereskedő	1
kereső	1
nézve	1
egy időben	1
kéz	1
valójában	1
kezdődik	1
változatosság	1
labda	1
szégyelli magát	1
lát	1
dél felé	1
felír	1
elválik	1
műsor	1
törékeny	1
halkan	1
tisztesség	1
személyiség	1
öreg	1
ősz	1
korom	1
benne	1
programozás	1
dühít	1
ruha	1
sajtó	1
leírás	1
seb	1
hall	1
ügyvéd	1
Isten hozott	1
bátorság	1
példakép	1
megszoktam	1
rendelkezésre	1
közül	1
karfa	1
megfogalmaz	1
nyugodtan	1
hasznos	1
tv	1
szakáll	1
szakember	1
száll	1
vihar	1
tábla	1
kiadós	1
örökké	1
uborka	1
készpénz	1
ujj	1
újságíró	1
túltesz	1
kegyetlenül	1
szafari	1
vízum	1
beolt	1
oltás	1
szöveg	1
elbeszélés	1
uszoda	1
uzsonna	1
zacskó	1
szák	1
elkészít	1
kakas	1
unalom	1
véletlen	1
kapucni	1
Edit	1
bepótol	1
feszült	1
faszén	1
sült	1
pakol	1
természet	1
áttetsző	1
tudomás	1
uram	1
porond	1
türelem	1
verseny	1
új	1
ütés	1
bankszámla	1
görbe	1
fogászat	1
feladás	1
megmelegít	1
melegít	1
felmelegít	1
ötös	1
előre fizet	1
kapcsoló	1
nemrégiben	1
elején	1
bekerül	1
kerül	1
bejelent	1
bizottság	1
halom	1
cselekvés	1
sarkkör	1
jég	1
jégtábla	1
sarki fény	1
avatás	1
legtöbb	1
megérint	1
hideg	1
megtisztelő	1
ismer	1
mos	1
gusztustalan	1
csacsi	1
vadászterület	1
kópé	1
kitalál	1
szintén	1
búcsúzik	1
tisztelgés	1
színésznő	1
első	1
millió	1
megoszt	1
eltérés	1
alufólia	1
előidéz	1
különben is	1
rozé	1
pince	1
amilyen	1
kalács	1
illetlenség	1
tápanyag	1
divatba jön	1
elválás	1
belül	1
Mikulás	1
megbízható	1
szinte	1
rendelkezésre áll	1
kullancs	1
minisztérium	1
ajánlott	1
terjed	1
játszva	1
kupa	1
átadás	1
nekik	1
lakhely	1
eke	1
tárcsa	1
kombájn	1
szekér	1
alak	1
változik	1
virgács	1
harang	1
átlagos	1
iskolába jár	1
esküvő	1
após	1
menyasszony	1
valószínű	1
igen valószínű	1
indulat	1
felé	1
visszatérő	1
nadálytő	1
elragadó	1
botanikus	1
nincs mit	1
internetes	1
menetlevél	1
megbízott	1
napozik	1
ülni	1
máskor	1
burkolat	1
főszerepet játszik	1
szemvédő	1
ösvény	1
félre	1
felismer	1
elnéz	1
törődik	1
beleüti az orrát	1
külváros	1
lakóhely	1
kandalló	1
fonás	1
fon	1
lépcsőház	1
zajos	1
értelmében	1
kilincs	1
csengő	1
lábtörlő	1
ismert	1
zár	1
erkély	1
alagsor	1
föld	1
padlás	1
padlásszoba	1
tetőtér	1
legutolsó	1
csikó	1
letört	1
becsület	1
közelben	1
megrúg	1
belerúg	1
viszont kívánom	1
köznép	1
elfogadhatatlan	1
pontosan	1
felidegesít	1
butaság	1
profán	1
bólogat	1
veszekszik	1
ellenőr	1
agglegény	1
manapság	1
nahát	1
kitölt	1
srác	1
kötény	1
kormány	1
passzol	1
elítél	1
vegyes	1
randi	1
közé	1
áldott	1
összevész	1
veszekedés	1
vád	1
jelöl	1
lassú	1
dolgok	1
született	1
rémes	1
bölcs	1
hulla	1
mikrobiológia	1
jelentőség	1
kör	1
korona	1
betakar	1
takar	1
páva	1
tulajdonság	1
jelenség	1
régebben	1
menő	1
identitás	1
származás	1
szemlél	1
többi	1
utóbbi	1
ebben	1
szembe	1
pálinka	1
alkohol	1
Karácsony	1
fölény	1
megelégedés	1
megelégedettség	1
önzetlenség	1
Internet	1
szemetes	1
megtelt	1
kölcsön	1
kiszed	1
beletesz	1
bele	1
lefeküdtem	1
hirdetés	1
aranyér	1
petrezselyem	1
ágyállvány	1
agyonüt	1
kincs	1
alkalmazás	1
mászás	1
megadni	1
jól van	1
miről	1
ibolya	1
szundikál	1
nemsokára	1
kar	1
baszni	1
fájl	1
vágóhíd	1
ujjlenyomat	1
képes	1
köteles	1
forgóajtó	1
toll	1
csorda	1
papucsférj	1
sietség	1
ejtőernyős	1
csatol	1
vendéglátás	1
állatok	1
vércsoport	1
napirend	1
időz	1
járás	1
nyeremény	1
próbababa	1
versenyez	1
beszed	1
fogadalmat tesz	1
minden tekintetben	1
mentes	1
fecskendő	1
Allah	1
kémia	1
gyaur	1
szervezet	1
felvonó	1
motiváció	1
minthogy	1
gyanakvó	1
bizalmatlan	1
tevékenység	1
hiéna	1
gömbölyű	1
jó napot kívánok	1
hajléktalan	1
köszönet	1
nyál	1
nagyon szépen köszönöm	1
osztás	1
elsőként	1
távozik	1
mersz	1
szó sem lehet róla	1
közlekedés	1
csajka	1
előállít	1
gyárt	1
saját	1
irány	1
cérna	1
mire	1
lelóg	1
lead	1
alkalmazkodik	1
köcsög	1
könyörületes	1
elakad	1
döntést hoz	1
Isten	1
gyorsan	1
krónikus	1
bőven elég	1
bőven	1
vonal	1
lemaradt	1
megtanít	1
kinyír	1
jobbra	1
gondolkodom	1
mellette	1
cukrász	1
temető	1
gyümölcs	1
nyugta	1
nyelvtan	1
megbecsül	1
üdvözöl	1
mediterrán	1
találmány	1
édesapa	1
megfigyelés	1
kombináció	1
előadást tart	1
átnéz	1
bántalmazás	1
fék	1
parancs	1
bumm	1
nekilát	1
mérföld	1
függöny	1
gombóc	1
körül	1
szombat	1
frusztráció	1
pizsama	1
gépészet	1
mérnök	1
kerek	1
szép idők	1
megtart	1
megtanul	1
megért	1
szóban	1
megfőz	1
elmond	1
fordít	1
felkészül	1
megír	1
koncentrál	1
válaszol	1
közönyös	1
színművész	1
szórakozási lehetőség	1
látható	1
alkalmas	1
királyi többes	1
ékezet	1
mondat	1
meglep	1
jégpálya	1
igénytelen	1
szabadnap	1
környezetvédelem	1
sőt	1
ufó	1
film	1
egyik	1
abból	1
keresztrejtvény	1
valaha	1
nyel	1
lenyel	1
folyó	1
sivatag	1
üzleti	1
kutatás	1
menhely	1
letud	1
plüss	1
sokat	1
füst	1
szmog	1
éjszakánként	1
hegytető	1
jó valamiben	1
visszhang	1
vidám	1
zászló	1
együttérzés	1
kicsit	1
át	1
keresztül	1
értelmes	1
válságos	1
rejtelmes	1
hétköznapi	1
hétköznap	1
mindennapos	1
pocakos	1
lámpaláz	1
lak	1
szék	1
elenged	1
mellúszás	1
gyorsúszás	1
hátúszás	1
vacsora	1
vonzódik	1
hadnagy	1
zsarnok	1
felnő	1
elvált	1
kimond	1
ezenkívül	1
kívül	1
eloszt	1
feloszt	1
élesen	1
homályos	1
időnként	1
tönkretesz	1
párna	1
szórakozott	1
opció	1
besötétedik	1
útközben	1
kurva anyád	1
orvosi rendelő	1
főváros	1
kedvelt	1
temetés	1
szunyókál	1
járó	1
valamikor	1
belefér	1
emberek	1
etnikum	1
szakít	1
elszakít	1
széklet	1
fájdalom	1
vonul	1
ruhák	1
opera	1
úrnő	1
ahova	1
Hölgy	1
von	1
akinek	1
megold	1
megtéveszt	1
fájdalomcsillapító	1
babaház	1
falánk	1
megterít	1
méretes	1
becsuk	1
rész	1
mennyit	1
biztos vagyok benne	1
ritkán	1
röviden	1
fény	1
mindkét	1
főúr	1
főpincér	1
aprócska	1
citrom	1
reklamáció	1
szürkület	1
sohasem	1
értékel	1
fullad	1
kelet	1
eljut	1
meghat	1
felnéz	1
gázos	1
roppant	1
tündéri	1
azokat	1
Lengyel	1
lila	1
paraj	1
igazi	1
ügyetlen	1
végre	1
na	1
picsa	1
fehér	1
kényelmetlen	1
kényelmes	1
kanál	1
tűzhely	1
megoldódik	1
használ	1
puliszka	1
fordító	1
írásban	1
karácsonyfadísz	1
koszorú	1
autóipar	1
bemutatkozás	1
megismer	1
lemér	1
mér	1
engedélyezett	1
egyáltalán nem	1
lehetetlen	1
ízlés	1
igazolvány	1
hamis	1
félreértés	1
bűnös	1
büntetés	1
elad	1
ebédel	1
defekt	1
beindít	1
belváros	1
baleset	1
másolat	1
megálló	1
nyak	1
nyers	1
oklevél	1
szenvedés	1
tudakozó	1
pénztár	1
ablakpárkány	1
redőny	1
szolidaritás	1
aggódik	1
előbb vagy utóbb	1
ellenfél	1
tőzsde	1
részvény	1
ellenvetés	1
agyag	1
támaszkodik	1
fokozatosan	1
céloz	1
álldogál	1
fejadag	1
gyógyszer	1
névnap	1
ágynemű	1
kiagyal	1
halott	1
költözik	1
pár	1
piac	1
pótlék	1
vagyon	1
tanári	1
kisállat	1
zsír	1
marhaság	1
ostoba	1
baromság	1
bamba	1
bárgyú	1
tanácsol	1
kopás	1
pofa be	1
kényesen	1
növekszik	1
szorít	1
felhasználó	1
tervező	1
projekt	1
elűz	1
elzavar	1
önkormányzat	1
ájult	1
külföldi	1
ismeretlen	1
adóbevallás	1
önmaga	1
múlik	1
az a	1
vevők	1
nevez	1
végzettség	1
kiáltás	1
hírnév	1
hívás	1
nagy	1
kaparó	1
megállapít	1
szorul	1
azonkívül	1
ferde	1
szélmalom	1
malom	1
tanácsadás	1
mindkettő	1
érzelmes	1
böngészik	1
folyton	1
halogat	1
nap	1
kettő	1
három	1
kevésbé	1
hétfő	1
elmulaszt	1
mulaszt	1
csődör	1
hozzáilleszt	1
illeszt	1
durvaság	1
pontatlanság	1
egyenetlenség	1
egyezik	1
hajt	1
létezik	1
adminisztratív	1
indulás	1
kialakít	1
kellemes	1
négy	1
öt	1
nyolc	1
bevásárol	1
engedékenység	1
egyetértés	1
megmarad	1
kukorica	1
kilenc	1
tíz	1
száz	1
ezer	1
kétszáz	1
vállalkozó	1
egyéb	1
vonatkozóan	1
jobban	1
lehúz	1
űr	1
bolygó	1
önálló	1
jóképű	1
nett	1
emlékmű	1
rugalmas	1
nem használ	1
elront	1
akik	1
emiatt	1
bonyolít	1
piszkos	1
hagy	1
szúrós	1
fiú	1
lány	1
haj	1
átállítás	1
százezer	1
hatszáz	1
kilencszáz	1
háromszáz	1
négyszáz	1
vevő	1
dohányzó	1
csoda	1
mi	1
ki	1
hal	1
kérő	1
almás	1
szándékos	1
dehogy	1
zaj	1
megállja a helyét	1
bűnöző	1
munkaképes	1
unatkozik	1
hó	1
kényeztet	1
betör	1
kölcsönad	1
friss	1
elkap	1
tevékeny	1
tartalékol	1
lezajlik	1
segítséget nyújt	1
bámul	1
ejtőernyő	1
extrém	1
Izland	1
tanulmány	1
erőltet	1
ellen	1
összesen	1
felbérel	1
megránt	1
CD	1
rad	1
kibír	1
kovász	1
pofa	1
reflex	1
gócpont	1
sáska	1
sás	1
raj	1
alatta	1
ugyanez	1
ekkora	1
vödör	1
amely	1
azt mondják	1
hárpia	1
akárhogy	1
elmaradt	1
meghiúsult	1
halaszt	1
arról	1
csalódás	1
szomorúság	1
őt	1
lenéz	1
rengeteg	1
göndör	1
hullámos	1
zenész	1
különös	1
idős	1
házaspár	1
has	1
mindenki	1
senki	1
szó szerint	1
elől	1
sziréna	1
bárpult	1
megszeg	1
míg	1
megköszön	1
felemel	1
színskála	1
ige	1
szivárvány	1
színes	1
munkás	1
múlt	1
keresztnév	1
kipipál	1
internet	1
gyors	1
rabló	1
jelen	1
jelen idő	1
eközben	1
sértés	1
izgatottan	1
hívják	1
kontár	1
tő	1
szász	1
betyár	1
ugar	1
szentség	1
megszentségtelenít	1
köszi	1
kétség	1
legnagyobb mértékben	1
nemrég	1
mentős	1
bennünket	1
apad	1
fa	1
sárgarépa	1
függetlenül	1
hamarosan	1
mindenhol	1
süti	1
átrendez	1
égimeszelő	1
tudós	1
berak	1
szabaddá tesz	1
mentség	1
kritizál	1
pofázik	1
illetve	1
