midden	172
eigenlijk	132
ruiken	31
werken	25
toch	24
hoeveel	20
door	19
voorstellen	19
gewoon	19
toen	18
zijn	17
even	17
nog	16
dan	16
inderdaad	16
terug	16
misschien	16
als	16
tegen	16
er	15
waar	15
twijfelen	15
de appel valt niet ver van de boom	15
elkaar	15
proberen	15
het	15
omdat	14
zoeken	14
gelijk	14
gezellig	14
ontvangen	13
aan	13
veel	13
maar	13
na	13
heen	13
zo	13
naar	13
van	13
voor	13
krijgen	13
trouwens	13
blijken	12
nooit	12
weg	12
zorgen	12
daarom	12
zin	12
al	12
aantal	12
op	12
dus	12
bekend	12
overigens	11
halen	11
kennis	11
allemaal	11
weten	11
daar	11
moet	11
met	11
bovendien	11
belang	11
bijvoorbeeld	11
huis	11
worden	11
wat	11
wel	10
eens	10
mee	10
leiden	10
alleen	10
echt	10
toestaan	10
staat	10
vervelend	10
blij	10
jurk	10
houden	10
man	10
soms	10
dag	10
nemen	10
druk	10
immers	10
jullie	10
iedereen	10
bewijzen	10
echter	10
laten	10
ik	10
dat	10
aankomen	10
ooit	10
wie	10
in	10
te	9
roepen	9
net	9
bedoeling	9
water	9
folder	9
vernielen	9
tijdens	9
moeten	9
af	9
pas	9
veilig	9
natuurlijk	9
heel	9
heet	9
zich	9
vader	9
mijn	9
staan	9
alles	9
vallen	9
voorbij	9
maken	9
vertellen	9
vertrouwen	9
uitvoeren	9
terwijl	9
goed	9
haar	9
anders	9
ook	9
zonder	9
bang	9
keer	9
over	9
sinds	9
laat	9
gek	9
afgelopen	9
bereiken	9
waarom	9
pers	8
kracht	8
binnen	8
zeker	8
voeren	8
uiteraard	8
vervangen	8
tellen	8
ontwikkelen	8
slenteren	8
klinken	8
blijven	8
doorgaan	8
fiets	8
koffie	8
vieren	8
oor	8
om	8
geluk	8
opnemen	8
ver	8
stad	8
kwijt	8
zullen	8
ongeveer	8
rok	8
vooral	8
wil	8
leuk	8
hebben	8
niet	8
hetzelfde	8
vinden	8
draaien	8
mensen	8
geld	8
avond	8
eten	8
die	8
lukken	8
meteen	8
bil	8
geven	8
gebruiken	8
stoppen	8
scheiden	8
uur	8
toe	8
samen	8
duidelijk	8
lang	8
auto	8
stuk	8
ruimte	8
onthouden	8
aanbieden	8
straat	8
vrouw	8
achter	8
genieten	8
je	8
morgen	8
plotseling	8
tot	8
volgens	8
kans	8
weer	8
lopen	8
opstaan	8
zoals	8
heerlijk	8
hoe gaat het	8
winkel	7
moed	7
meer	7
verdwijnen	7
nauwelijks	7
vanwege	7
lijken	7
bestaan	7
aandacht	7
terecht	7
gat	7
kijken	7
schuiven	7
spelen	7
denken	7
eigen	7
liggen	7
beleid	7
boven	7
gebied	7
vol	7
blik	7
moeite	7
opzij	7
vaag	7
omlaag	7
soort	7
werk	7
eeuw	7
vast	7
verder	7
afspraak	7
zien	7
ander	7
vaak	7
beschikbaar	7
behoorlijk	7
gesprek	7
opnieuw	7
ezel	7
land	7
moeder	7
tuin	7
omgeving	7
precies	7
wilde	7
lekker	7
last	7
slechts	7
alsof	7
varen	7
gezin	7
bijzonder	7
overtuigen	7
delen	7
jammer	7
leven	7
verdelen	7
rechts	7
moeilijk	7
iets	7
vooruit	7
bewaren	7
hemel	7
erg	7
nou	7
kunnen	7
wens	7
daarna	7
want	7
vroeg	7
drijven	7
onder	7
ergens	7
lichaam	7
waarschijnlijk	7
of	7
steeds	7
vlees	7
donker	7
kwaad	7
zij	7
hoewel	7
iemand	7
rekening	7
vier	7
vervolgens	7
ze	7
nu	7
uitslag	7
praten	7
wijzen	7
kiezen	7
slim	7
rond	7
verkeerd	7
koken	7
tussen	7
boos	7
hoe	7
school	7
been	7
wanneer	7
via	6
willen	6
dicht	6
ruim	6
daarvoor	6
beeld	6
inmiddels	6
melden	6
meenemen	6
los	6
daarvan	6
bekijken	6
gelden	6
onmiddellijk	6
bezitten	6
regelmatig	6
zilver	6
gisteren	6
vergelijken	6
ons	6
veranderen	6
rij	6
verlaten	6
nummer	6
dienen	6
vrijdag	6
elastiek	6
vertalen	6
begrip	6
hond	6
herkennen	6
behoefte	6
zon	6
hangen	6
kruipen	6
onderdrukken	6
kantoor	6
woord	6
sleutel	6
eind	6
stof	6
genoeg	6
stil	6
langs	6
aardig	6
klein	6
aangezien	6
niets	6
verbazen	6
eerder	6
herinneren	6
dier	6
kaas	6
verschil	6
zout	6
zelf	6
verwachten	6
tevreden	6
manier	6
indien	6
bidden	6
zeggen	6
meest	6
mogelijk	6
hun	6
voorkomen	6
sluipen	6
vijf	6
ernstig	6
trouw	6
koppig	6
afrekenen	6
wereld	6
janken	6
herhalen	6
gras	6
eisen	6
bleek	6
een	6
februari	6
januari	6
dit	6
wij	6
omheen	6
minuut	6
geweldig	6
voelen	6
uitleggen	6
politie	6
mist	6
stelen	6
verbinden	6
eruit	6
trekken	6
bloem	6
rustig	6
enkel	6
trots	6
mens	6
spoor	6
jij	6
dienst	6
wandelen	6
schieten	6
schreeuwen	6
zelfs	6
men	6
dokter	6
beheren	6
emmer	6
Spanje	6
ophalen	6
slijtage	6
verdienen	6
heten	6
tafel	6
vis	6
knie	6
de	6
appel	6
goedemorgen	6
hallo	6
liever	6
wees	6
bezig	6
vandaag	6
reclame	5
hart	5
bedrijf	5
dagelijks	5
telkens	5
ontdekken	5
wijze	5
voldoende	5
beker	5
kluis	5
gans	5
deur	5
daarbij	5
organiseren	5
kom	5
merken	5
bal	5
tonen	5
stom	5
vliegen	5
verschijnen	5
kop	5
toestand	5
sturen	5
teken	5
waarderen	5
provincie	5
oorlog	5
restaurant	5
zak	5
succes	5
familie	5
namelijk	5
uitgeven	5
schade	5
gelukkig	5
ineens	5
leggen	5
reeds	5
schelen	5
golf	5
omhoog	5
schrikken	5
donderdag	5
trein	5
vliegtuig	5
welk	5
gevaar	5
onderzoeken	5
verbergen	5
toon	5
aarzelen	5
hals	5
verlangen	5
volgen	5
poosje	5
situatie	5
vechten	5
helemaal	5
meestal	5
kamer	5
eeuwig	5
tenminste	5
zoet	5
glas	5
leeg	5
raam	5
hoofd	5
dichtbij	5
groep	5
bagage	5
alle	5
fles	5
lenen	5
gebruik	5
hoogte	5
kat	5
oog	5
boom	5
brengen	5
opgewekt	5
gebeuren	5
dragen	5
lief	5
vreselijk	5
dank je wel	5
nee	5
stappen	5
zeer	5
helft	5
bitter	5
slaan	5
hand	5
snel	5
verdrietig	5
overtuiging	5
zonde	5
zweet	5
schaar	5
middag	5
dochter	5
uitgebreid	5
zwart	5
bot	5
lip	5
feit	5
kopen	5
welke	5
beide	5
gevaarlijk	5
vakantie	5
deze	5
vierde	5
jong	5
twintig	5
antwoord	5
hier	5
gaan	5
ZAL	5
betalen	5
bieden	5
goot	5
maandag	5
bestellen	5
verliezen	5
zwijgen	5
naast	5
foto	5
oefenen	5
behalve	5
groeten	5
meter	5
vies	5
nacht	5
traan	5
gedrag	5
verbeteren	5
werkelijk	5
afspreken	5
netjes	5
geweld	5
leugen	5
zwaar	5
bus	5
links	5
geleden	5
fruit	5
toekomst	5
sterkte	5
geschikt	5
steek	5
klaar	5
korting	5
Nederland	5
Italiaans	5
hij	5
nodig	5
enige	5
spannend	5
inspireren	4
periode	4
geur	4
rest	4
teen	4
eenmaal	4
laan	4
straks	4
aanwezig	4
maatschappij	4
besluiten	4
verplichten	4
klagen	4
snijden	4
eiland	4
beslissen	4
zaterdag	4
vroeger	4
kant	4
paard	4
schrijven	4
lijden	4
toegang	4
compliment	4
huilen	4
herinnering	4
liedje	4
opeisen	4
bezoek	4
lucht	4
reden	4
dankzij	4
benaderen	4
avontuur	4
dom	4
somber	4
houding	4
keuze	4
tikken	4
vers	4
verkeer	4
hoeveelheid	4
vangen	4
weigeren	4
ergeren	4
elk	4
antwoorden	4
actie	4
baan	4
gevoel	4
groeien	4
sommige	4
winst	4
kerel	4
doordat	4
tijd	4
spijten	4
beginnen	4
zowel	4
baas	4
huidig	4
licht	4
makkelijk	4
oktober	4
prachtig	4
tegemoet	4
gemak	4
duizend	4
maand	4
poot	4
markt	4
zeldzaam	4
kruis	4
gezamenlijk	4
recent	4
schaatsen	4
olifant	4
zomer	4
kist	4
hoi	4
aanbidden	4
wennen	4
bakken	4
derde	4
andere	4
zielig	4
vorig	4
muziek	4
overleg	4
overzicht	4
zeurpiet	4
plukken	4
slecht	4
help	4
overschrijving	4
twee	4
zoek	4
overlijden	4
zitten	4
bepalen	4
voorzien	4
overbodig	4
pakken	4
verven	4
zeuren	4
tas	4
reageren	4
rogge	4
tot ziens	4
hek	4
aanleiding	4
wachten	4
versie	4
helaas	4
fout	4
beetje	4
goedkoop	4
leer	4
opdracht	4
schaal	4
ingewikkeld	4
hol	4
verschrikkelijk	4
strelen	4
slepen	4
taal	4
ervaren	4
mond	4
arm	4
ziel	4
stellen	4
onderwijs	4
schoon	4
zorg	4
vervelen	4
blad	4
bemoeien	4
nergens	4
huren	4
rennen	4
allebei	4
mes	4
verleden	4
eindelijk	4
droog	4
vergissen	4
plezier	4
bij	4
hersenen	4
brood	4
duur	4
groente	4
lepel	4
lelijk	4
vergeten	4
redden	4
kerk	4
overwegen	4
uit	4
gemeenschap	4
onderzoek	4
vrolijk	4
hoe gaat het?	4
nek	4
haasten	4
begeleiden	4
uiterlijk	4
bewust	4
verlegen	4
bezorgd	4
maaltijd	4
alweer	4
aandringen	4
niemand	4
sterven	4
graag gedaan	4
onderaan	4
begrijpen	4
geheel	4
vraag	4
consequent	4
geval	4
goedenavond	4
ervan	4
lunch	4
gedragen	4
vriendelijk	4
doen	4
en	4
was	4
muis	4
kind	4
hiel	4
boek	4
ober	4
gebakken	4
zorgen voor	4
bak	4
slagen	4
vergadering	4
persoonlijk	4
raken	4
rechter	4
ben	4
onderwerpen	4
wacht	4
is	4
volgens mij	4
taart	4
ontwerpen	3
ooievaar	3
één	3
waardoor	3
worstelen	3
dergelijk	3
resultaat	3
daarmee	3
richten	3
keren	3
gas	3
agenda	3
bladzijde	3
opgeven	3
zuinig	3
ondertekenen	3
dubbel	3
trut	3
sussen	3
leg	3
bergen	3
jenever	3
beschouwen	3
kwast	3
ervoor	3
blijkbaar	3
verstoppen	3
mening	3
zetten	3
eindigen	3
ermee	3
steken	3
eng	3
vlas	3
gedachte	3
betreffen	3
vaststellen	3
kwestie	3
zorgzaam	3
mogelijkheid	3
hartelijk	3
grijpen	3
onderwerp	3
fijn	3
regel	3
gehalte	3
sluiten	3
neerzetten	3
verkopen	3
zee	3
gedeelte	3
kostbaar	3
aardbei	3
voldoen	3
snoep	3
seks	3
liefde	3
moeras	3
toevallig	3
tegelijk	3
sfeer	3
uitputten	3
uitgeput	3
elastiekje	3
officieel	3
smaken	3
loop	3
diep	3
beurt	3
opstellen	3
krachtig	3
deftig	3
pak	3
wet	3
lastig	3
gevolg	3
angst	3
aannemen	3
bijlage	3
pagina	3
macht	3
controleren	3
opvallen	3
bespreken	3
schouder	3
buigen	3
stilte	3
gauw	3
meten	3
bankrekening	3
post	3
menigte	3
eronder	3
schetsen	3
inzetten	3
bestemming	3
koud	3
bril	3
durf	3
erfgoed	3
toegevoegd	3
wagen	3
teleurgesteld	3
pinnen	3
kwalijk	3
zuchten	3
trillen	3
traag	3
omdraaien	3
zakdoek	3
tentoonstelling	3
hoeven	3
aankijken	3
aanvullen	3
inhaalverbod	3
kleinkind	3
expres	3
wasmiddel	3
schamper	3
overlast	3
waaks	3
strot	3
verderop	3
wasvrouw	3
poos	3
zuivel	3
exact	3
vervolgen	3
geschiedenis	3
steunen	3
overal	3
verboden	3
schoen	3
boot	3
eerlijk	3
begin	3
kust	3
bericht	3
schuld	3
uitsluitend	3
deel	3
ieder	3
gaaf	3
vertrekken	3
grap	3
kaart	3
ervaring	3
jeugd	3
aandoen	3
waarde	3
zeep	3
geest	3
grond	3
jou	3
paar	3
moment	3
wedstrijd	3
vergelijking	3
afzetten	3
ongetwijfeld	3
reis	3
betekenen	3
twijfel	3
vermoeden	3
schip	3
vaart	3
bos	3
beloven	3
zaak	3
relatie	3
laag	3
stap	3
datum	3
hulp	3
hoed	3
springen	3
gebouw	3
aankleden	3
eerst	3
bedragen	3
krant	3
snappen	3
vloer	3
noemen	3
durven	3
doel	3
hen	3
rot	3
recht	3
aanpassen	3
hem	3
openen	3
voorzichtig	3
nicht	3
bon	3
ene	3
punt	3
gegeven	3
pijn	3
haast	3
smeken	3
zweven	3
dadelijk	3
ellende	3
wal	3
zoveel	3
zoon	3
kort	3
aarde	3
bijdrage	3
vogel	3
toestemming	3
kennen	3
beschermen	3
richting	3
boer	3
brief	3
vanavond	3
kapper	3
bekennen	3
nogal	3
verplicht	3
letterlijk	3
verheugen	3
doos	3
gebeurtenis	3
vluchten	3
bedoelen	3
cursus	3
probleem	3
nadat	3
achteruit	3
programma	3
vrezen	3
bewegen	3
leeftijd	3
hoop	3
idee	3
seconde	3
rivier	3
gezicht	3
juist	3
trouwen	3
geheim	3
kleur	3
tekst	3
trappen	3
alsjeblieft	3
verkering	3
gang	3
televisie	3
oud	3
mogen	3
voet	3
vertegenwoordiger	3
bank	3
voordat	3
gezondheid	3
ten	3
gooien	3
week	3
broek	3
missen	3
ding	3
geduld	3
afstand	3
plaats	3
nietwaar	3
duren	3
ontwikkeling	3
ui	3
helder	3
bereiden	3
leveren	3
geheugen	3
stress	3
mislukken	3
wreed	3
afhankelijk	3
afkomst	3
maatregel	3
gebrek	3
onderhandelen	3
nood	3
onderhouden	3
hollen	3
opgewonden	3
ondergaan	3
plein	3
opwinding	3
verdomme	3
vergeven	3
rots	3
duim	3
bron	3
slang	3
instelling	3
afkeuring	3
peinzen	3
draad	3
bedreiging	3
wang	3
haard	3
buis	3
tijdelijk	3
initiatief	3
benadrukken	3
e-mail	3
voordeel	3
molenaar	3
tovenaar	3
pan	3
stuur	3
uiten	3
woest	3
dagen	3
beven	3
momenteel	3
bagatel	3
drukte	3
betekenis	3
zwak	3
krans	3
vriend	3
spijt	3
potlood	3
korenbloem	3
domineren	3
log	3
barst	3
kil	3
prompt	3
stormen	3
hoek	3
meester	3
nauwkeurig	3
koor	3
verheffen	3
aantrekkelijk	3
ontbijt	3
evenwicht	3
negeren	3
bescheiden	3
gewend	3
tamelijk	3
voorstander	3
buurt	3
matig	3
oversteken	3
invoeren	3
tenzij	3
regering	3
schijnen	3
eigenschap	3
bedriegen	3
beleefd	3
niettemin	3
vaatwasser	3
schroef	3
algemeen	3
uitspraak	3
fel	3
zomaar	3
schuur	3
storm	3
afzonderlijk	3
ijverig	3
achternaam	3
uiteindelijk	3
Griekenland	3
afbeelding	3
aan het	3
ambassade	3
vlag	3
van mij	3
prijs	3
trommel	3
bedenken	3
vasthouden	3
uitgaan	3
dun	3
vermijden	3
bodem	3
verliefd	3
tarwe	3
krimpen	3
bewustzijn	3
kloppen	3
aflevering	3
seizoen	3
flard	3
vlakte	3
tocht	3
groot	3
zichzelf	3
achterlaten	3
winkelen	3
zojuist	3
alvast	3
beweren	3
dak	3
juichen	3
tak	3
redelijk	3
weinig	3
zeg	3
kijk	3
altijd	3
conserveren	3
vriezen	3
kopje	3
voorbeeld	3
ijzer	3
later	3
enkele	3
lippen	3
opa	3
vertaling	3
dezelfde	3
belasting	3
krijg	3
lammeren	3
vorige	3
april	3
verhouding	3
huiswerk	3
komen	3
chocolade	3
dinsdag	3
afval	3
aan de beurt	3
oliebol	3
pink	3
integreren	3
me	3
amandel	3
gemeente	3
herfst	3
ouder	3
sinaasappel	3
kuiken	3
kip	3
knoflook	3
rijzen	3
overmorgen	3
mei	3
zondag	3
lezen	3
extra	3
rollen	3
graag	3
verwarren	3
waren	3
geen	3
ga	3
broer	3
bijna	3
oma	3
uw	3
geregeld	3
bepaald	3
volledig	3
vooruitzicht	3
pesten	3
belangrijk	3
zouden	3
gedaan	3
jouw	3
stoten	3
bestek	3
praktijk	3
kin	3
wonen	3
boete	3
aangedaan	3
vragen	3
gemiddeld	3
vermelden	3
liefst	3
kennismaken	3
bezweren	3
nieuws	3
volgend	3
waarbij	3
koekje	3
aardappel	3
kanaal	3
allerlei	3
benieuwd	3
toilet	3
tweede	3
wassen	3
schepen	3
informatie	3
razen	3
loon	3
tenslotte	3
goud	3
ijs	3
revalidatie	3
daarnaast	3
ja	3
maart	3
november	3
zes	3
negen	3
tien	3
uitkering	3
oplossing	3
aanvaard	3
naam	3
horen	3
Nijmegen	3
besteden	3
akkoord	3
gors	3
dik	3
ondertussen	3
omgaan	3
opzetten	3
toneel	3
verzinnen	3
ramp	3
wijs	3
achterhaald	3
overkomen	3
opgave	3
bezorgen	3
thuis	3
zacht	3
eenzaam	3
bord	3
hard	3
zolang	3
aankondigen	3
geloof	3
vrijheid	3
langzaam	3
buiten	3
aanvragen	3
neuken	3
leren	3
bewonderen	3
rekenen	3
meerderheid	3
raar	3
orde	3
minder	3
kussen	3
garage	3
zodra	3
gelegenheid	3
aflopen	3
stem	3
koesteren	3
meervoud	3
geweten	3
held	3
zaal	3
uitnodiging	3
gevoelig	3
Europa	3
vlechten	3
medeleven	3
wiens	3
voldaan	3
althans	3
vrijwel	3
ergste	3
beleven	3
tekenen	3
Amerika	3
denk	3
Amsterdam	3
zelfde	3
ie	3
dierbaar	3
gewicht	3
uitzicht	3
aftrekken	3
deken	3
vork	3
schilderen	3
eergisteren	3
aanraken	3
Afrika	3
Canada	3
kaneel	3
Arabisch	3
ster	3
elleboog	3
vreemd	3
Rusland	3
luiaard	3
pompoen	3
Zwitserland	3
Ierland	3
mosterd	3
wissel	3
courgette	3
appeltaart	3
aldus	3
willekeurig	3
banaan	3
dromen	3
volgende	3
slapen	3
plek	3
spieren	3
hamster	3
gevangenschap	3
Tweede Wereldoorlog	3
Spaans	3
andersom	3
uitleg	3
gezondheidszorg	3
anders nog iets	3
bijdragen	3
laatst	3
stelt	3
digitaal	3
spreken	3
gedreven	3
helpen	3
middel	3
inleveren	3
gewoonte	3
gemaakt	3
thee	3
sowieso	3
vanuit	3
melk	3
welkom	3
kunstenaar	2
bruid	2
zeg maar	2
misselijk	2
beantwoorden	2
middernacht	2
voer	2
lied	2
overmaken	2
uitvoerig	2
bellen	2
betrekken	2
slag	2
notaris	2
direct	2
treffen	2
huurder	2
service	2
menen	2
noot	2
koren	2
verwerven	2
zebrapad	2
lok	2
zinnig	2
spoelen	2
ter	2
beek	2
lap	2
olm	2
struik	2
aanpakken	2
lusten	2
brandewijn	2
krijt	2
at	2
oorsprong	2
kuil	2
couplet	2
dalen	2
rui	2
doorn	2
iep	2
es	2
naaien	2
open	2
boeg	2
africhten	2
flink	2
heien	2
sparen	2
invullen	2
raap	2
ros	2
mis	2
schermen	2
zink	2
linde	2
mal	2
etter	2
joelen	2
ruisen	2
hof	2
mossel	2
schallen	2
wolf	2
mug	2
zoiets	2
mos	2
vlak	2
uitvinden	2
grijnzen	2
lijst	2
eenvoudig	2
ondersteboven	2
bij elkaar	2
larve	2
taai	2
toestel	2
steel	2
fundering	2
stand	2
vullen	2
afsluiten	2
ondanks	2
hoesten	2
balpen	2
luisteren	2
degelijk	2
erbij	2
onderhoud	2
anjer	2
spellen	2
zaken	2
dame	2
slingeren	2
vanmiddag	2
forel	2
voorbarig	2
vee	2
mistig	2
recept	2
Duits	2
zakje	2
gij	2
taak	2
file	2
behang	2
dikzak	2
kweken	2
petit mal	2
daarentegen	2
voorkeur	2
Halen	2
kleine	2
verzamelen	2
realiseren	2
stam	2
beschrijven	2
overbrengen	2
blauw	2
vooruitgang	2
waarvoor	2
daarover	2
vereniging	2
beamer	2
fusie	2
decentralisatie	2
organisatie	2
dergelijke	2
ticket	2
vandaar	2
titel	2
min	2
figuur	2
neiging	2
knap	2
tegelijkertijd	2
aantrekken	2
Indonesië	2
staren	2
mama	2
glijden	2
werpen	2
duiken	2
prijzen	2
Nederlander	2
eland	2
marmot	2
kapot	2
activiteit	2
lawaai	2
accessoire	2
armband	2
vel	2
landschap	2
polshorloge	2
mensheid	2
uitvinding	2
vuurwerk	2
slap	2
wachtwoord	2
oplossen	2
parlement	2
bevrijden	2
zuigen	2
kleden	2
getrouwd	2
handhaving	2
dwars	2
genoegen	2
schenken	2
mompelen	2
bukken	2
opmaken	2
klap	2
knijpen	2
paraplu	2
handtas	2
watten	2
verbazing	2
Pinksteren	2
herrie	2
vooralsnog	2
frons	2
humaniteit	2
stroken	2
toonaangevend	2
schrift	2
slaafs	2
rukken	2
vouwen	2
gids	2
tip	2
rust	2
stijgen	2
lid	2
zenuwachtig	2
bedrag	2
bezet	2
spanning	2
zingen	2
vuur	2
raad	2
bezwaar	2
nieuwsgierig	2
keurig	2
haastig	2
gave	2
sprekend	2
tevoren	2
fluisteren	2
overhemd	2
breken	2
bouwen	2
kast	2
gesloten	2
verschillen	2
ophouden	2
jas	2
scheuren	2
aangeboren	2
merkwaardig	2
touw	2
verzekeren	2
publiek	2
papier	2
beneden	2
contact	2
aanleg	2
diadeem	2
veroveren	2
nalatenschap	2
begrafenis	2
uitdrukking	2
woning	2
dwingen	2
wetenschap	2
sla	2
toevoegen	2
toepassen	2
muur	2
breed	2
hoog	2
scheppen	2
buitengewoon	2
deugd	2
raden	2
aandeel	2
koe	2
baard	2
zakken	2
stichting	2
handtekening	2
evenmin	2
visser	2
getuige	2
Madonna	2
winter	2
vertrek	2
huwelijk	2
nam	2
zodat	2
onzin	2
steun	2
gratis	2
handel	2
gemakkelijk	2
samenleving	2
gunst	2
context	2
overnemen	2
uitdelen	2
verkrijgbaar	2
vent	2
beroep	2
lachen	2
bevolking	2
gordijn	2
uitnodigen	2
jasje	2
speciaal	2
artikel	2
kunst	2
supermarkt	2
vanaf	2
brug	2
per	2
klok	2
hevig	2
ziekte	2
baren	2
plan	2
koning	2
massa	2
uitkleden	2
paleis	2
tegenvallen	2
nadenken	2
ongeluk	2
verwonderen	2
betrappen	2
hoe dan ook	2
droom	2
einde	2
neus	2
half	2
reserveren	2
ontmoeten	2
onderneming	2
achterblijven	2
onmogelijk	2
normaal	2
grijs	2
lamp	2
rijst	2
verenigen	2
stemmen	2
ziek	2
pees	2
zogen	2
vloeken	2
beoordelen	2
waard	2
kous	2
ambtenaar	2
dorp	2
regelen	2
beurs	2
juwelen	2
lading	2
diner	2
keuren	2
manager	2
klauw	2
rups	2
onverwacht	2
moeizaam	2
Er	2
verwijzen	2
vooraleer	2
eerbied	2
huwen	2
beginsel	2
maatschappelijk	2
onderscheid	2
uitdaging	2
vooruitstrevend	2
wraak	2
demonstratie	2
begeven	2
opgelucht	2
staken	2
verheugd	2
doorbreken	2
zonsondergang	2
passagier	2
vernieuwen	2
volbrengen	2
voorgoed	2
scheef	2
verontschuldigen	2
verraden	2
heup	2
per ongeluk	2
fluiten	2
spier	2
puin	2
luier	2
overstroming	2
opvoeding	2
goedkeuring	2
aandachtig	2
bezorgd zijn	2
kamp	2
diepte	2
spotten	2
schaap	2
hert	2
huid	2
vorst	2
kier	2
woestijn	2
hoest	2
zolder	2
vermaak	2
gerust	2
dienaar	2
visie	2
ijsje	2
vertrouwd	2
bruut	2
hel	2
kan	2
vracht	2
zweepslag	2
suf	2
verdoven	2
plots	2
dode	2
zat	2
roerloos	2
oplage	2
Italië	2
berg	2
vulkaan	2
adem	2
vliegveld	2
verwarring	2
turen	2
knoop	2
gracht	2
genot	2
wonderlijk	2
onkruid	2
boog	2
nutteloos	2
zalf	2
uitbundig	2
machtig	2
teder	2
blunder	2
louter	2
interesse	2
kost	2
worst	2
soep	2
tuig	2
rinkelen	2
gespan	2
lelie	2
ouders	2
China	2
ongeacht	2
glimlach	2
schemer	2
vaartuig	2
afsteken	2
kortom	2
krioelen	2
weerspiegelen	2
opgaan	2
wijnrank	2
schamel	2
overstromen	2
ijspegel	2
homp	2
brandhout	2
hekel	2
smijten	2
juk	2
krom	2
waaien	2
gewelf	2
grandioos	2
banaal	2
heerlijkheid	2
visioen	2
puur	2
marmer	2
doorheen	2
vereren	2
wijsheid	2
treurig	2
persen	2
metgezel	2
rijzig	2
tegenstelling	2
storen	2
uitrekken	2
overheid	2
waarschuwen	2
tegenwoordig	2
afnemen	2
kachel	2
munt	2
luister	2
vergaan	2
rechtstreeks	2
aandoenlijk	2
aanblik	2
plas	2
geslaagd	2
overwinning	2
uitstekend	2
bovenste	2
afkeuren	2
goedkeuren	2
smal	2
gering	2
verspreiden	2
geleidelijk	2
overtuigd	2
doeltreffend	2
uitbreiden	2
ontwijken	2
borst	2
bewerken	2
uitdrukkelijk	2
weerstaan	2
wisselen	2
rechtvaardig	2
toevertrouwen	2
nevel	2
onmisbaar	2
verbijsteren	2
gelijkwaardig	2
deelnemen	2
voorstel	2
ontstaan	2
fantasie	2
heuvel	2
heersen	2
behouden	2
aansluiten	2
aangesloten	2
bosbes	2
voorspoed	2
lam	2
kap	2
afmaken	2
nauw	2
beledigen	2
alledaags	2
vermenigvuldigen	2
duwen	2
klant	2
ademen	2
onderscheiden	2
belemmering	2
botsen	2
tafereel	2
schoot	2
klaproos	2
troebel	2
gelijken	2
intens	2
enig	2
berispen	2
falen	2
koptelefoon	2
pop	2
kleding	2
blikopener	2
puntenslijper	2
knippen	2
beroemd	2
onderschatten	2
overschatten	2
vermoeidheid	2
gisteravond	2
loslaten	2
driftig	2
koekoek	2
bezorgdheid	2
populier	2
breien	2
humeur	2
afwijzen	2
geniaal	2
snikken	2
zelfzeker	2
verwend	2
schelden	2
tandvlees	2
onrustig	2
vluchtig	2
aanleggen	2
park	2
smullen	2
vergoeden	2
daarnet	2
vertraagd	2
gelukt	2
beveiliging	2
ontvoeren	2
naakt	2
spullen	2
tempo	2
Turkije	2
bederven	2
gember	2
ten eerste	2
vestigen	2
bedreigen	2
ruilen	2
strekken	2
achteruitgaan	2
drukken	2
regenboog	2
beige	2
omvallen	2
ouderdom	2
wild	2
laf	2
troosten	2
wilg	2
boerderij	2
ledemaat	2
opdringen	2
gretig	2
tal van	2
weleens	2
overlopen	2
achterlijk	2
achterhalen	2
graan	2
klacht	2
indienen	2
roddelen	2
krijsen	2
wrok	2
vooroordeel	2
absurd	2
innerlijk	2
berusten	2
pauze	2
beschuldigen	2
muilezel	2
os	2
troost	2
stoet	2
huur	2
genade	2
boon	2
set	2
hullen	2
tekening	2
nabij	2
verdoving	2
bovenop	2
vermogen	2
sprakeloos	2
bestuurder	2
blok	2
eik	2
turf	2
hulst	2
kalm	2
glippen	2
moedig	2
stal	2
schitterend	2
pad	2
vreten	2
brok	2
liefhebben	2
personage	2
opgesloten	2
verhoging	2
besef	2
drempel	2
armoede	2
steen	2
badpak	2
handdoek	2
onvoldoende	2
stellig	2
zwaaien	2
vleermuis	2
straal	2
stronk	2
lemma	2
centraal	2
veeteelt	2
fier	2
gevangen	2
vertroebelen	2
opjagen	2
Rotterdam	2
opmerken	2
ontspannen	2
roman	2
conservatief	2
scheldwoord	2
vrijgezel	2
overleden	2
beha	2
wekker	2
beffen	2
proces	2
e-mailadres	2
kruid	2
vreemde	2
nut	2
voorbereiden	2
Aarde	2
pyjama	2
nachthemd	2
bent	2
begrepen	2
leren kennen	2
aardappelen	2
komend	2
voorouders	2
bedekken	2
sokken	2
indruk	2
suiker	2
temperatuur	2
bes	2
vrij	2
cd	2
kerst	2
varken	2
zuur	2
draak	2
lezing	2
verminderen	2
groter	2
cadeautje	2
gehuwd	2
bejaard	2
vooraf	2
jagen	2
zagen	2
versnelling	2
zouten	2
oceaan	2
accent	2
schots	2
eis	2
as	2
granaatappel	2
diarree	2
wesp	2
vorm	2
armen	2
berm	2
project	2
boodschappen	2
postzegel	2
sprinkhaan	2
virtuoos	2
overdragen	2
bar	2
nul	2
saai	2
tevens	2
pols	2
riskeren	2
groen	2
kenmerken	2
gevangenis	2
kleinzoon	2
tuinieren	2
rechtsaf	2
linksaf	2
heil	2
babbelen	2
samenwerking	2
dreiging	2
slachtoffer	2
mestvork	2
afdeling	2
besnijdenis	2
Help	2
pasta	2
regio	2
grootste	2
grens	2
student	2
mannen	2
eikel	2
palet	2
verbreden	2
lente	2
Luxemburg	2
kalender	2
goede	2
beter	2
citroen	2
bedankt	2
stampen	2
stuiten	2
kamermeisje	2
boel	2
adel	2
ekster	2
offer	2
gehakt	2
basilicum	2
verstrooid	2
licentie	2
aanvaarden	2
standbeeld	2
pentekening	2
volhouden	2
hoedje	2
ingreep	2
cv	2
directeur	2
meedoen	2
krankzinnig	2
zweten	2
nog meer	2
consistent	2
trek	2
leuning	2
herder	2
nationaal	2
internationaal	2
veertig	2
prima	2
hinderen	2
definitief	2
nalaten	2
plaatsen	2
professioneel	2
passen	2
gewricht	2
vasthouden aan	2
verlengen	2
shorts	2
bijeenkomst	2
viool	2
beton	2
partij	2
voorproefje	2
we	2
in kaart brengen	2
heb	2
esdoorn	2
slagwerk	2
klimaat	2
mars	2
blog	2
werkdag	2
bezetting	2
mits	2
zekerheid	2
mij	2
mooie	2
verdragen	2
waarop	2
pap	2
slaapkamer	2
schaamte	2
spreekuur	2
fotograaf	2
onze	2
afschuwelijk	2
oom	2
konijn	2
haas	2
haan	2
zwaan	2
mus	2
vlieg	2
Utrecht	2
progressief	2
ditmaal	2
werknemer	2
keel	2
belevenis	2
nakomeling	2
doven	2
vergelijkbaar	2
doorsnee	2
wat voor	2
pomp	2
das	2
regenen	2
bewolkt	2
hitte	2
toeval	2
verklaring	2
best	2
vertaler	2
heilig	2
vuil	2
effect	2
gezond	2
behandeling	2
verzekering	2
online	2
plaat	2
schadelijk	2
opzettelijk	2
bonen	2
vak	2
aardrijkskunde	2
streek	2
standaard	2
verdeeld	2
chagrijnig	2
ongeduldig	2
ontevreden	2
weekend	2
verlammen	2
jarenlang	2
dorst hebben	2
spreekwoord	2
uitstel	2
schone	2
piekeren	2
verschillende	2
specialiseren	2
verdedigen	2
vrijwillig	2
gijzelaar	2
daardoor	2
onderweg	2
brandstof	2
eveneens	2
beddengoed	2
vermoedelijk	2
spin	2
morsen	2
controverse	2
media	2
schil	2
frisdrank	2
betrokken	2
impact	2
dol	2
een beetje	2
achttien	2
wettelijk	2
begeleiding	2
volgorde	2
doorlopen	2
voortgang	2
schrik	2
in de zomer	2
druppel	2
eerste	2
haalbaar	2
Toon	2
bioscoop	2
speen	2
toenmalig	2
onlosmakelijk	2
op tijd	2
blijk	2
serie	2
onaangenaam	2
overig	2
anachronisme	2
dieet	2
knop	2
handig	2
envelop	2
plastic	2
meneer	2
hotel	2
reactie	2
dit jaar	2
koelkast	2
wc	2
lamineren	2
minstens	2
rug	2
smaak	2
ei	2
tegel	2
program	2
vegetarisch	2
specifiek	2
menu	2
politieagent	2
tint	2
kathedraal	2
glad	2
kever	2
ogen	2
collega	2
ophangen	2
poeder	2
beeldhouwer	2
nat	2
feestelijk	2
afscheid nemen	2
nog een keer	2
aangenaam	2
toiletpapier	2
niveau	2
Net	2
drinken	2
rode	2
rood	2
wijn	2
Frans	2
extreem	2
twee keer	2
centrum	2
augustus	2
natuur	2
jeuken	2
stofzuiger	2
stikken	2
kwartier	2
enfin	2
drie	2
sneeuw	2
jaar	2
inhalen	2
ongeval	2
hinder	2
stiekem	2
verslag	2
vloeiend	2
gevraagd	2
snor	2
gevouwen	2
bedrogen	2
afgesproken	2
gezegde	2
scholier	2
Eerste Wereldoorlog	2
ten slotte	2
schiereiland	2
lift	2
analyse	2
liegen	2
jongen	2
terugkomen	2
stiefvader	2
cactus	2
besluiteloos	2
bevatten	2
olie	2
blussen	2
windmolen	2
universiteit	2
wiskunde	2
woensdag	2
ochtend	2
juni	2
juli	2
september	2
december	2
zeven	2
acht	2
elf	2
dertien	2
veertien	2
zestien	2
negentien	2
dertig	2
vijftig	2
zestig	2
tachtig	2
negentig	2
honderdduizend	2
miljoen	2
miljard	2
vijfde	2
zesde	2
zevende	2
achtste	2
negende	2
tiende	2
lieveheersbeestje	2
modus	2
pleister	2
schuim	2
verbinding	2
categorisch	2
kneuzing	2
met wie	2
opstijgen	2
bont	2
noodgeval	2
waarmee	2
gekozen	2
Let	2
mol	2
pinguïn	2
achterhoofd	2
mettertijd	2
schaaldieren	2
etalage	2
verschillend	2
kruik	2
vergelijk	2
kanker	2
schildpad	2
leraar	2
fontein	2
lerares	2
aankomst	2
spiegel	2
boterham	2
pot	2
zicht	2
tand	2
Man	2
foppen	2
spit	2
ontzien	2
kleren	2
verzorgd	2
virus	2
afslaan	2
poetsen	2
efficiënt	2
winnen	2
verkoper	2
waarnemen	2
gedrongen	2
verbieden	2
mooi	2
verhaal	2
medium	2
film	2
communicatie	2
inhoud	2
partner	2
België	2
vaker	2
gieten	2
gegoten	2
bier	2
gescheiden	2
rekken	2
wolk	2
relevant	2
gruwelijk	2
minimaal	2
schuurtje	2
eruitzien	2
aanwijzen	2
vrucht	2
toets	2
taxi	2
gehaast	2
vastlegging	2
plattegrond	2
etentje	2
kers	2
uitwerpsel	2
volgende week	2
quarantaine	2
hindernis	2
rijk	2
lijk	2
baai	2
jasmijn	2
dronken	2
wegen	2
jeetje	2
stroom	2
pannenkoek	2
patat	2
streep	2
gelegen	2
kosten	2
gom	2
koper	2
schat	2
salade	2
wiek	2
merrie	2
zo een	2
studeren	2
verklaren	2
verzorgen	2
ongerust	2
vereisen	2
verwijten	2
rijden	2
DNA	2
mop	2
overgeven	2
blaar	2
daarin	2
kalk	2
heiden	2
mokken	2
doofpot	2
verrassing	2
peul	2
els	2
dankjewel	2
herdenken	2
verdenken	2
uitgezet	2
annuleren	2
uitzondering	2
vitrine	2
leugenaar	2
azijn	2
zalm	2
makreel	2
overige	2
koers	2
rand	2
gebak	2
lijn	2
aanlopen	2
afspelen	2
naderen	2
binnenkomen	2
schamen	2
zin hebben	2
kuit	2
navel	2
strijken	2
cijfer	2
opschieten	2
geboren	2
weken	2
afpakken	2
bureau	2
moe	2
heek	2
wakker	2
eet smakelijk	2
kreunen	2
foutje	2
liefhebber	2
dwangarbeid	2
menig	2
tonijn	2
opleiding	2
totdat	2
belofte	2
spits	2
vernietigen	2
afgekeurd	2
voornemen	2
ondernemen	2
zeur	2
kameraad	2
Groenland	2
uitwisselen	2
stro	2
mild	2
gezellige	2
sieren	2
Assen	2
likken	2
bedorven	2
alstublieft	2
eigenaar	2
lach	2
versieren	2
Facebook	2
griep	2
goedemiddag	2
Finland	2
Brazilië	2
Vaticaanstad	2
getal	2
branden	2
reiger	2
kummel	2
augurk	2
jarig	2
Frankrijk	2
niks	2
dood	2
sociaal	2
kont	2
reizen	2
statiegeld	2
omarmen	2
loods	2
diesel	2
naar binnen	2
lijnzaad	2
Ierse	2
voorlopig	2
doden	2
te laat	2
wikkelen	2
saus	2
voorbereiding	2
dingen	2
waakzaam	2
doen alsof	2
verbreken	2
afdruk	2
vaardig	2
VS	2
waarheen	2
mand	2
expliciet	2
Nederlands	2
hopen	2
gerecht	2
kolven	2
complicatie	2
helemaal niet	2
kaak	2
voorhoofd	2
vuist	2
Oostenrijk	2
douche	2
verdwalen	2
Hongarije	2
advies	2
euro	2
tv	2
onzelfzuchtig	2
waarvandaan	2
pissebed	2
flikker	2
geblust	2
ziekenhuis	2
masker	2
boeiend	2
staart	2
compleet	2
volgend jaar	2
dikwijls	2
Colombia	2
ontwerp	2
verantwoordelijk	2
New York	2
Ecuador	2
stoel	2
leverancier	2
Australië	2
gepraat	2
dessert	2
feitelijk	2
Cuba	2
buffet	2
ooglid	2
waarvan	2
website	2
site	2
Duitsland	2
uitstellen	2
Kroatië	2
doei	2
pudding	2
beledigd	2
slaap	2
Antarctica	2
pinda	2
kasteel	2
debiel	2
sommigen	2
een keer	2
een derde	2
poets	2
piano	1
schilder	1
boekband	1
omslag	1
erven	1
strijden	1
achtervoegsel	1
ezelsoor	1
voorspellen	1
langskomen	1
verwennen	1
behoeven	1
hervatten	1
wellicht	1
vervoegen	1
schilderij	1
haal	1
wijten	1
reuk	1
atrofie	1
stoer	1
ondertitel	1
maal	1
Urdu	1
ongeschreven	1
datief	1
font	1
kribbe	1
ketel	1
waterketel	1
kwartaal	1
verhuurder	1
makelaar	1
contract	1
vastzetten	1
overdonderen	1
overweldigen	1
hoofdpijn	1
afspraakje	1
dreigen	1
gaai	1
lier	1
balen	1
or	1
aal	1
lint	1
looi	1
looien	1
schel	1
koest	1
rei	1
Schaffen	1
voerman	1
handzaam	1
verzetsstrijder	1
kapen	1
kaper	1
typograaf	1
drukker	1
meegaan	1
scheepsbeschuit	1
walgelijk	1
rum	1
verdoemenis	1
bul	1
denderen	1
ranzig	1
Dries	1
are	1
el	1
schuren	1
schuurpapier	1
herkomst	1
schoor	1
wulp	1
Ede	1
most	1
loos	1
lozen	1
Wichelen	1
wichelroede	1
heide	1
ever	1
hostie	1
ven	1
huls	1
deerlijk	1
wouw	1
reutel	1
reutelen	1
koen	1
zavel	1
wellen	1
lot	1
dal	1
perk	1
weren	1
kalken	1
sluis	1
embleem	1
grazen	1
ruien	1
zeveren	1
tuit	1
klaver	1
balie	1
Weert	1
gammel	1
vijver	1
leest	1
galg	1
kluit	1
list	1
zeel	1
abel	1
vliet	1
Bilzen	1
luw	1
hom	1
Donk	1
kalven	1
aalt	1
aar	1
ach	1
brassen	1
Brecht	1
laar	1
laken	1
cafetaria	1
aanvechting	1
appelaar	1
verf	1
ex libris	1
dichterbij	1
boef	1
Borger	1
voorzien in	1
hesp	1
hoes	1
zult	1
afzichtelijk	1
epidemiologisch	1
daarop	1
alk	1
cardioloog	1
dammen	1
beseffen	1
akker	1
Niel	1
bloedvat	1
krekel	1
kwal	1
aak	1
lel	1
haag	1
Lee	1
schalk	1
Lede	1
rel	1
andijvie	1
euforie	1
droes	1
spouw	1
tor	1
stek	1
Lummen	1
Ronse	1
deren	1
link	1
ronselen	1
Moor	1
mees	1
leed	1
lil	1
kroes	1
tros	1
merel	1
ebbe	1
ebben	1
pul	1
wak	1
del	1
rut	1
kruien	1
gaas	1
loven	1
slee	1
vellen	1
lis	1
Lieren	1
moer	1
abeel	1
sas	1
lende	1
aardkunde	1
weersverwachting	1
regenworm	1
muskus	1
artrose	1
pinksterbloem	1
distel	1
watersnip	1
waterhoen	1
Es	1
sijs	1
zwartkop	1
putter	1
karekiet	1
meerkoet	1
lisdodde	1
witlof	1
vreemdgaan	1
schelvis	1
verdacht	1
uitzetten	1
gewezen	1
verteld	1
bevreemding	1
geraken	1
verzoenen	1
vuursalamander	1
paal	1
bussel	1
bundelen	1
tiental	1
vastketenen	1
terrein	1
zetmeel	1
capillair	1
afwerken	1
bevestigen	1
vegetatief	1
ringslang	1
ondervinden	1
functioneren	1
formaliteit	1
calcium	1
Hees	1
viooltje	1
kruidnagel	1
rozet	1
directie	1
luchtpijp	1
exces	1
metalen	1
ingesteld	1
afkondigen	1
blut	1
verouderd	1
hulpbron	1
milkshake	1
avonturier	1
slet	1
karnemelk	1
medicijn	1
medicijnen	1
sigaret	1
verkocht	1
aflossing	1
onhandig	1
wortel	1
alfabetisch	1
Atlantische oceaan	1
alpino	1
schijt	1
roodborstje	1
aftellen	1
treiteren	1
verrot	1
attribuut	1
Catalonië	1
om te beginnen	1
onderwijzen	1
uitschakelen	1
behandelen	1
Zwolle	1
terzijde	1
inversie	1
bezoeken	1
hoge	1
vervatten	1
samenvatten	1
dichten	1
gemoedstoestand	1
stemming	1
Doornroosje	1
meemaken	1
Koude Oorlog	1
uitkomen	1
Pompeii	1
opzicht	1
op zicht	1
positie	1
camping	1
overdaad	1
enkelvoud	1
kroeg	1
sportvereniging	1
repeteren	1
onder andere	1
nummeren	1
top	1
veelvoud	1
speculeren	1
bijbaantje	1
overdenken	1
denken over	1
achteraf	1
heer	1
achtergrond	1
opmerking	1
ruzie	1
reportage	1
voettocht	1
trekvogel	1
ether	1
glans	1
gift	1
knikken	1
mierikswortel	1
ontucht	1
tuchtigen	1
tucht	1
reporter	1
rampzalig	1
fiscaal	1
uitreiken	1
kotsen	1
huldigen	1
luit	1
kritiek	1
telecommunicatie	1
maniak	1
genezen	1
allergisch	1
Kabylië	1
dringen	1
scheen	1
lijf	1
pyromaan	1
favoriet	1
domein	1
uitgesproken	1
loeren	1
rendier	1
kariboe	1
gems	1
steenbok	1
intiem	1
afschrift	1
voortijdig	1
respecteren	1
accessoir	1
afgestudeerd	1
hanger	1
wijden aan	1
afdwingen	1
riem	1
privilege	1
collier	1
aansporing	1
hoofdstuk	1
allang	1
ordinair	1
accumuleren	1
letsel	1
naarmate	1
pakt	1
bont en blauw	1
in vuur en vlam staan	1
dauw	1
verwerpen	1
slome	1
schets	1
inrichting	1
afkomstig	1
opvatting	1
test	1
miniatuur	1
beroerd	1
federaal	1
heftig	1
teleurstellend	1
pincode	1
code	1
techneut	1
controle	1
haakje	1
gemeentebestuur	1
angstig	1
verkrijgen	1
inbegrepen	1
opluchten	1
plakken	1
aanstaan	1
aanstaande	1
afgezien van	1
voor het eerst	1
verslaafd	1
knolselderij	1
overeind	1
doordringen	1
kreet	1
gezelschap	1
troubadour	1
papaver	1
cannabis	1
wie dan ook	1
expositie	1
heffen	1
Hemelvaart	1
rimpel	1
achterkleinkind	1
aapje	1
opwinden	1
stralen	1
wenden	1
aanhankelijk	1
kaft	1
multomap	1
terugkeren	1
schuin	1
la	1
schuifbalk	1
leuze	1
blokfluit	1
mondharmonica	1
dwarsfluit	1
bladwijzer	1
noch	1
leger	1
tegenover	1
toebrengen	1
proeven	1
instantie	1
vervoer	1
bedroefd	1
kermis	1
bedienen	1
aanzienlijk	1
hijgen	1
dank	1
reiken	1
kaal	1
glimmen	1
werkelijkheid	1
teleurstelling	1
wensen	1
verhogen	1
leerling	1
gebaar	1
onderbreken	1
zuivelfabriek	1
wijk	1
gillen	1
naar huis	1
vang	1
wekken	1
collage	1
college	1
bijwonen	1
examen	1
spoedig	1
agent	1
verzoek	1
zand	1
aard	1
avondkleding	1
schouderblad	1
ruggengraat	1
dij	1
vlinderdas	1
voortreffelijk	1
stijf	1
blazen	1
blaas	1
klimmen	1
voorover	1
uitvaardigen	1
rechtop	1
trachten	1
god	1
heropenen	1
feeks	1
gehecht	1
zeeziek	1
eindeloos	1
persdienst	1
spreiden	1
eelt	1
eeltig	1
tafelvoetbal	1
ondervoeding	1
speer	1
mededeling	1
visnet	1
bezwering	1
furie	1
dolk	1
hoektand	1
maagdenvlies	1
indruk maken	1
eed	1
lire	1
Schone Slaapster	1
wijlen	1
voegwoord	1
voorzetsel	1
zwendel	1
warmbloedig	1
insluiten	1
wapen	1
strand	1
wegens	1
geluid	1
spel	1
waarheid	1
gedurende	1
welterusten	1
bloed	1
barbier	1
zwalken	1
legende	1
van oorsprong	1
brugklas	1
transistor	1
intermezzo	1
suggestie	1
gymnasiast	1
volgroeid	1
literair	1
bijvullen	1
waardering	1
verhuren	1
oorzaak	1
vannacht	1
prepositie	1
bestemd	1
hap	1
verrassen	1
theorie	1
positief	1
zwembad	1
soldaat	1
weggaan	1
tegenvallend	1
interesseren	1
arts	1
voorstelling	1
aankondiging	1
negatief	1
sector	1
hoger onderwijs	1
hogeschool	1
behalen	1
hoofdzetel	1
kabeljauw	1
wanhopig	1
gast	1
slager	1
zuiden	1
noodzakelijk	1
vrede	1
neer	1
uitzending	1
gestalte	1
stijl	1
buitenland	1
qua	1
zet	1
moord	1
eer	1
afwachten	1
des	1
kostwinner	1
vertrouwenspersoon	1
toeverlaat	1
haam	1
berrie	1
verrekken	1
knellen	1
kar	1
trui	1
sok	1
doek	1
kabinet	1
schrijver	1
smeulen	1
uitdijen	1
excuus	1
sjerp	1
café	1
satijn	1
ouderwets	1
belangstelling	1
gegadigde	1
saldo	1
veroordeeld	1
tegenwicht	1
bestrijden	1
permanent	1
keuring	1
hoe laat	1
eclectisch	1
fragiel	1
betoog	1
fractieleider	1
sociaal-democratie	1
keerpunt	1
stuifmeel	1
stuiven	1
horloge	1
serre	1
klauwhamer	1
carrousel	1
beschrijving	1
lus	1
vatten	1
afhangen	1
afname	1
chloor	1
nootmuskaat	1
verwijzing	1
poging	1
coureur	1
golven	1
bekwaamheid	1
oppervlak	1
gemiddelde	1
klier	1
oneerbiedigheid	1
oneerbiedig	1
eerbiedig	1
droevig	1
bedroeven	1
meervoudig	1
omvatten	1
hetzij	1
ontnemen	1
inmenging	1
tehuis	1
begaan	1
verdediging	1
gelijkheid	1
beperking	1
godsdienst	1
aarden	1
opstand	1
omstandigheid	1
volks	1
refereren	1
overdracht	1
menswaardig	1
liberaal	1
klank	1
linker	1
verliefd op	1
verlichten	1
werf	1
gissen	1
echtpaar	1
pleiten	1
bepleiten	1
dankbaar	1
onzichtbaar	1
broers	1
in wezen	1
moeilijkheid	1
aanval	1
verdachte	1
truc	1
vijand	1
belediging	1
gebit	1
bezem	1
heg	1
joch	1
veld	1
identificeren	1
verknocht	1
molen	1
gymnastiek	1
partijpolitiek	1
manchetknoop	1
manchetknopen	1
innovatie	1
knecht	1
landsknecht	1
inlichting	1
prikkel	1
aanwijzing	1
wei	1
opvangen	1
schrap	1
raadsel	1
deksel	1
bevel	1
bondgenoot	1
kelder	1
maag	1
herstel	1
straling	1
kwalificatie	1
gemeentelijk	1
overvol	1
aanstekelijk	1
appelboom	1
grinniken	1
inlichten	1
opmeten	1
fietsenrek	1
anno	1
afschaffing	1
braille	1
professor	1
generator	1
radiator	1
alligator	1
handelaar	1
veroveraar	1
minnaar	1
adviseur	1
amateur	1
acteur	1
zanger	1
danser	1
danseres	1
verkoopster	1
hervorming	1
executie	1
petitie	1
sympathie	1
empathie	1
telepathie	1
antipathie	1
apathie	1
halsband	1
venter	1
stuurs	1
spul	1
aardewerk	1
tin	1
kuieren	1
vadsig	1
behoren	1
bezwijken	1
ellendig	1
zweep	1
verwensing	1
knal	1
herberg	1
blaken	1
sleuren	1
wankelen	1
schuimbekken	1
plof	1
stamp	1
belonen	1
folteren	1
teisteren	1
karkas	1
handschoen	1
losmaken	1
mopperen	1
aas	1
kraai	1
koopwaar	1
cadeau	1
catalogus	1
Tiel	1
tillen	1
intimidatie	1
werkloos	1
pseudoniem	1
pletwals	1
wals	1
notie	1
vreugde	1
ruk	1
zomerkleding	1
accessoires	1
minuten	1
uitbuiten	1
verstandig	1
creperen	1
koets	1
zieltogen	1
doch	1
stuntelig	1
groots	1
murmelen	1
blaffen	1
bulderen	1
rondedans	1
margriet	1
teleurstellen	1
weemoedig	1
bode	1
gareel	1
vertoning	1
voorbestemmen	1
overhalen	1
vore	1
oude	1
Groningen	1
verwensen	1
kwispelstaarten	1
zachtaardig	1
stoeien	1
bakermat	1
val	1
stadion	1
Qatar	1
prei	1
reuma	1
beroepen	1
inroepen	1
baseren	1
parmantig	1
charmeren	1
lieflijk	1
blos	1
gigant	1
aangezicht	1
werkhuis	1
atelier	1
religie	1
Latijn	1
Bijbel	1
loterij	1
emoticon	1
toekijken	1
opening	1
onafscheidelijk	1
wegzakken	1
harnas	1
horizon	1
omsluieren	1
vredig	1
eenvoud	1
ploegen	1
vruchtbaar	1
vergezicht	1
gedijen	1
schuit	1
romp	1
wuiven	1
contrasteren	1
neervlijen	1
platteland	1
mengen	1
zilt	1
ondergang	1
bloei	1
naargeestig	1
bevriezen	1
pegel	1
onvermoeibaar	1
hoogste	1
tegenslag	1
dichting	1
opvallend	1
gloeien	1
zwoegen	1
verhongeren	1
instinct	1
instinctief	1
snerpen	1
bloedend	1
koninklijk	1
klemmen	1
oprijzen	1
zinderen	1
zweem	1
ingesloten	1
zakelijk	1
cirkelen	1
steeg	1
doorgang	1
binnenplaats	1
neerstrijken	1
aanmeren	1
lossen	1
kalmte	1
weerklinken	1
natie	1
grootheid	1
verheerlijken	1
opeen	1
snuiven	1
portaal	1
voetpad	1
kletteren	1
langzamerhand	1
ambt	1
kenteken	1
gewaad	1
terugsturen	1
beducht	1
schedel	1
krul	1
bezienswaardig	1
verdrag	1
voortaan	1
oponthoud	1
dorpeling	1
bouwvallig	1
ingetogen	1
zwaarmoedig	1
smeedwerk	1
geeuwen	1
noodgedwongen	1
extase	1
bevangen	1
bevestiging	1
wederzijds	1
verkiezen	1
hemelvaart	1
verdriet	1
geldstuk	1
pracht	1
bevallig	1
oprichten	1
verschijnsel	1
beschikking	1
overhouden	1
sou	1
bouillon	1
soepketel	1
schrijnen	1
aanschouwen	1
sidderen	1
overheersen	1
trance	1
kwellen	1
genie	1
respect	1
oordelen	1
oogappel	1
verbeelding	1
versleten	1
dwalen	1
gewennen	1
omvang	1
inheemse	1
uitmuntend	1
aanwezigheid	1
verrukking	1
kerels	1
uitwisseling	1
verslaan	1
opslaan	1
ontslaan	1
belijden	1
inlevingsvermogen	1
diefstal	1
struikelen	1
verovering	1
teelt	1
telen	1
bekken	1
wonder	1
ontploffen	1
klotsen	1
aanroepen	1
ontdekking	1
goddelijk	1
weerstand	1
gewest	1
imposant	1
bladeren	1
schemering	1
wijf	1
omhelzen	1
waterkant	1
rechtmatig	1
gezag	1
altaar	1
begaafd	1
gewaagd	1
gelaatstrek	1
lieftallig	1
heerschappij	1
majestueus	1
statig	1
latei	1
welvaart	1
zaaien	1
wapenschild	1
vreedzaam	1
gehucht	1
serge	1
geneeskunde	1
verguld	1
vloeistof	1
geoefend	1
schoonheid	1
kantklossen	1
verbouwen	1
overtreding	1
ambacht	1
zwaard	1
overdrijving	1
overdrijven	1
verdenking	1
zuiver	1
lafaard	1
ergernis	1
walging	1
onderbreking	1
slechtste	1
veelvuldig	1
toegestaan	1
fraai	1
maaien	1
tooien	1
houtskool	1
schijf	1
getrouw	1
ruw	1
luieren	1
onnozel	1
stokken	1
uitsteken	1
zilverstuk	1
opheffen	1
kruisen	1
föhnen	1
wasmachine	1
kurkentrekker	1
spijker	1
schroeven	1
schroevendraaier	1
flessenopener	1
vrijwilligerswerk	1
vastmaken	1
beiden	1
lood	1
meeste	1
verdomd	1
hoer	1
eigenaardig	1
indrukken	1
kant-en-klaar	1
oprecht	1
verslinden	1
ereplaats	1
schoorsteenmantel	1
koekoeksklok	1
eboniet	1
kruisbeeld	1
bewaring	1
benauwd	1
gedwee	1
weghouden	1
aandurven	1
lummel	1
liefje	1
slank	1
baken	1
poort	1
poortje	1
korst	1
kruk	1
nuttig	1
onheil	1
paneel	1
prijken	1
sluimeren	1
onschuld	1
aantreffen	1
stier	1
pruilen	1
koket	1
afdwalen	1
droef	1
schitteren	1
wegsturen	1
ziekteverzekering	1
inwijden	1
kleineren	1
gebruiksaanwijzing	1
lustrum	1
boeman	1
scherp	1
koel	1
ontgaan	1
heulen	1
collaboreren	1
Amber	1
intrekken	1
Leek	1
pels	1
kapel	1
weelderig	1
vertoeven	1
uitwerken	1
ontdaan	1
waan	1
eigenwaan	1
vervullen	1
cake	1
peperkoek	1
vedel	1
weldra	1
mislopen	1
grommen	1
enigszins	1
ontgoochelen	1
in plaats daarvan	1
afstandelijk	1
wegwezen	1
gebieden	1
vreemdeling	1
doelwit	1
heus	1
opgegeven	1
samenhang	1
kwijtraken	1
degene	1
hebzucht	1
deeltijds	1
gedeeltelijk	1
onvermijdelijk	1
buitenaards	1
Alexandrië	1
Christus	1
lieverd	1
oudheid	1
klassiek	1
acne	1
conflict	1
sigaar	1
mazout	1
tanker	1
secretaris	1
Zeeland	1
zuid	1
gebruikt	1
kolonie	1
burger	1
grootte	1
schudden	1
wijzigen	1
nerveus	1
kweepeer	1
escalatie	1
tweedeling	1
tweestrijd	1
bonnetje	1
contactpersoon	1
rechtsgrond	1
bezeren	1
Zolder	1
ruil	1
uitgestrekt	1
jute	1
jutezak	1
schokschouderen	1
beamen	1
nijgen	1
gloed	1
afwenden	1
verhullen	1
onthullen	1
liefdevol	1
beklagen	1
zijde	1
hok	1
overvloed	1
schildersezel	1
applicatie	1
afvoer	1
reiniging	1
afgaan	1
nagaan	1
verbaasd	1
houtvester	1
afmatten	1
lijdzaam	1
polijsten	1
weergeven	1
onvolkomen	1
ijdel	1
aanklampen	1
jury	1
winnaar	1
meesterwerk	1
passie	1
onwetend	1
subtiel	1
natuurgetrouw	1
mededogen	1
waardig	1
bemoedigen	1
toelachen	1
beitelen	1
naïef	1
onvoorwaardelijk	1
uitvlakken	1
uitzaaien	1
verstrijken	1
stram	1
besparen	1
jicht	1
veteraan	1
klaroen	1
ploeteren	1
fenomenaal	1
afgeleefd	1
tuimelen	1
vensterbank	1
kozijn	1
fictie	1
uitbreken	1
bijgebouw	1
doodsangst	1
brandweer	1
woede	1
morgenrood	1
stomheid	1
aantijging	1
fris	1
gul	1
hoeve	1
snauw	1
beschuldiging	1
onrechtvaardig	1
irriteren	1
onrecht	1
verweer	1
tralie	1
tralies	1
omgekeerd	1
banditisme	1
bandiet	1
guur	1
bedlegerig	1
behagen	1
kandeel	1
voornamelijk	1
dampen	1
gerechtigheid	1
oprapen	1
rillen	1
gefrustreerd	1
herkauwen	1
belastingplichtige	1
trappelen	1
topografie	1
afgrijselijk	1
rouwen	1
onuitsprekelijk	1
ontreddering	1
wurging	1
wurgen	1
grenen	1
graf	1
biljoen	1
vermurwen	1
verstenen	1
rouwstoet	1
uiting	1
ontzeggen	1
eerbetoon	1
vrek	1
genoegdoening	1
stulp	1
armzalig	1
kronkelen	1
staak	1
overgieten	1
ontbering	1
volmaakt	1
lichtvoetig	1
huiveren	1
hemd	1
katoen	1
illustratie	1
roken	1
uitdoven	1
aanbreken	1
verjagen	1
opkijken	1
weemoed	1
bedeesd	1
verslagen	1
strompelen	1
plunje	1
linnen	1
luiden	1
nestelen	1
beieren	1
misbaar	1
hunkeren	1
uitverkoren	1
prent	1
podium	1
duizelen	1
kade	1
meute	1
jubelen	1
succesvol	1
hoera	1
wankel	1
overgaan	1
bij uitstek	1
uitstek	1
voorgrond	1
vasten	1
razend	1
striemen	1
snuffelen	1
kleinood	1
klampen	1
reppen	1
ruïneren	1
onderdak	1
smart	1
beslagen	1
vergrendelen	1
lokken	1
gebroken	1
beschaamd	1
blond	1
krullen	1
room	1
spant	1
behangen	1
gevierde	1
uithongeren	1
uitgehongerd	1
verkleumd	1
braaf	1
trotseren	1
houtblok	1
knetteren	1
vlam	1
spinnewiel	1
festiviteit	1
uitgelezen	1
sloot	1
ode	1
wissen	1
uitvegen	1
flarden	1
vanochtend	1
feesten	1
wel eens	1
drinklied	1
uithangbord	1
waden	1
voetstap	1
droefenis	1
onvatbaar	1
verheven	1
argeloos	1
versuft	1
schraal	1
onder het mom van	1
voornaamwoord	1
geboeid	1
boeien	1
voorschot	1
belangeloos	1
tombola	1
afgedankt	1
portret	1
uitsluiten	1
bloes	1
slipper	1
pet	1
korte broek	1
concert	1
schaduw	1
weghalen	1
tegenspraak	1
pluk	1
overvallen	1
ontwaren	1
levenslang	1
uitdenken	1
corruptie	1
uitstrekken	1
verloochenen	1
liefkozen	1
opspringen	1
windstoot	1
immens	1
lichtstraal	1
versturen	1
houtsnijwerk	1
dromerig	1
botheid	1
misgunnen	1
bewusteloos	1
weerkaatsen	1
zuil	1
pal	1
hartstocht	1
verschuiven	1
beschijnen	1
uitgemergeld	1
priester	1
opkomen	1
stamelen	1
uitzonderlijk	1
talentvol	1
houthakker	1
uitschreeuwen	1
smakken	1
deun	1
poffen	1
keur	1
ongevraagd	1
boetvaardig	1
autoritair	1
bepalend	1
onderdoen	1
voordoen	1
smerig	1
schaars	1
ontsieren	1
gewetensvol	1
flauw	1
mijlsteen	1
plug-in	1
ziften	1
topje	1
stichter	1
smeedkunst	1
beoefenen	1
adjudant	1
shirt	1
naar hem	1
naar hun	1
Oder	1
ferm	1
ketenen	1
heerser	1
kinderspel	1
doodvallen	1
erosie	1
bioloog	1
verafschuwen	1
puzzel	1
inschakelen	1
rilling	1
kippenvel	1
Almere	1
Arnhem	1
Maastricht	1
Den Haag	1
Enschede	1
Haarlem	1
Zweden	1
doorkijken	1
origineel	1
woonkamer	1
initieel	1
getuigenis	1
op maat	1
uitputting	1
voorval	1
juridisch	1
garanderen	1
vertrouwelijk	1
strikt	1
gestrekt	1
Kirgizisch	1
zinsbouw	1
dogma	1
wielrenner	1
ronde	1
geleide	1
dialoog	1
overblijfsel	1
dualiteit	1
samenhorigheid	1
tegenzin	1
haten	1
sabbat	1
overwerk	1
vest	1
allen	1
ge	1
lectuur	1
t-shirt	1
deurbel	1
uitbesteden	1
uitmonden	1
confiscatie	1
geestelijke	1
klooster	1
weven	1
weide	1
adembenemend	1
verfijnd	1
exemplaar	1
veiligheid	1
kogel	1
bevoegdheid	1
wetgevend	1
rechterlijk	1
uitvoerend	1
verzaken	1
tijdschrift	1
depot	1
pin	1
omtrek	1
boekweit	1
influenza	1
verwerken	1
afhandelen	1
design	1
veelzijdig	1
interview	1
indexeren	1
drogist	1
voorloper	1
opbouwen	1
bestaande	1
trainen	1
rotzooi	1
doordraven	1
pantoffel	1
korset	1
slipje	1
kamerjas	1
maagbloeding	1
velen	1
miauw	1
schreeuw	1
airco	1
ventilator	1
Aswoensdag	1
terdege	1
veronderstellen	1
doelmatig	1
tijdig	1
weliswaar	1
ontmoeting	1
vernederen	1
krabben	1
motivatie	1
verkennen	1
plank	1
zonnebloem	1
tuinkers	1
vagevuur	1
amper	1
vrijlaten	1
schellen	1
inrichten	1
in tegenstelling tot	1
maagd	1
uitroepteken	1
kuis	1
smoking	1
stormschade	1
nijdig	1
voortslepen	1
beleving	1
uitgewerkt	1
brandstichter	1
verlegenheid	1
zin hebben in	1
kijken naar	1
hout	1
sneeuwvrij	1
sneeuwbal	1
ontrouw	1
versiering	1
boter	1
engel	1
experimenteren	1
voorwerp	1
vice versa	1
zegel	1
haak	1
de mijne	1
de hare	1
Graafschap	1
omlopen	1
gezet	1
ongelijk	1
lange	1
paradijs	1
verkouden	1
datering	1
geloop	1
nodig hebben	1
voetballen	1
schot	1
generatie	1
conclusie	1
kabouter	1
Bahrein	1
stofzuigen	1
appelmoes	1
binnenland	1
broekzak	1
fluweel	1
glijbaan	1
bretel	1
zigeuner	1
fragment	1
in plaats van	1
proloog	1
volwassene	1
hameren	1
hamer	1
Tremelo	1
harmonie	1
onnatuurlijk	1
tegengesteld	1
kruiwagen	1
vormen	1
arme	1
kalf	1
niet meer	1
speeksel	1
Verenigd Koninkrijk	1
afkorting	1
Hamburg	1
game	1
gamma	1
klep	1
mondstuk	1
klankkleur	1
socialisatie	1
behartigen	1
begunstigen	1
particulier	1
baat	1
vermogensaanwasdeling	1
faillissement	1
geschieden	1
minimaliseren	1
verkiezing	1
medezeggenschap	1
afschudden	1
veer	1
splinter	1
dopen	1
schalmei	1
romantiek	1
air	1
schuiftrompet	1
majesteit	1
lol	1
benutten	1
achteloosheid	1
rondkomen	1
sigarenwinkel	1
slikken	1
panty	1
piste	1
dichtregel	1
kraag	1
verbrokkeling	1
bekritiseren	1
centralisatie	1
bespotten	1
genieten van	1
kenmerkend	1
controversieel	1
literator	1
landgoed	1
column	1
kantoorbediende	1
tuinier	1
breide	1
met elkaar	1
zonneschijn	1
chocola	1
verdieping	1
worm	1
dorst	1
bereid	1
afschaffen	1
chaos	1
inspanning	1
rubberlaarzen	1
Wijchen	1
Essen	1
overeenkomst	1
elders	1
verheerlijking	1
waarneembaar	1
uitgangspunt	1
streven	1
originaliteit	1
cliché	1
middenklasse	1
gierst	1
met mij	1
weg doen	1
beschuit	1
afprijzen	1
oliebollen	1
aanmoedigen	1
schermutseling	1
kwaal	1
pijnlijk	1
besnijden	1
chronisch	1
regent	1
zoenen	1
vissen	1
primitief	1
elp	1
mergpijp	1
scheenbeen	1
smelten	1
honing	1
garantie	1
bladerdeeg	1
deeg	1
pit	1
condoleren	1
gierig	1
bevrijding	1
lachgas	1
buitenlandse	1
burgemeester	1
zitting	1
herrie schoppen	1
opknappen	1
splinternieuw	1
stimuleren	1
aanzetten tot	1
Frankfurt	1
Beieren	1
Mechelen	1
Aken	1
Elbe	1
Leiden	1
ontgroenen	1
academie	1
rechten	1
balzak	1
koala	1
groothertogdom	1
overleven	1
oppositie	1
Braziliaans	1
carnaval	1
wethouder	1
koningin	1
nieuwst	1
tegenstander	1
kaatsen	1
terugkaatsen	1
hofmeester	1
afwasser	1
bediende	1
kamerheer	1
kantelen	1
smakeloos	1
Schiermonnikoog	1
kletsnat	1
eierdooier	1
graveren	1
tot aan	1
uier	1
kiespijn	1
klokhuis	1
curry	1
jus	1
Vaticaan	1
staker	1
uitmaken	1
ader	1
zelfportret	1
virtueel	1
nauwgezet	1
bekeuring	1
gefeliciteerd	1
minderheid	1
gemeenteraadslid	1
facet	1
minor	1
puber	1
bezweet	1
luid	1
creditcard	1
hoef	1
interpretatie	1
vensterluik	1
luik	1
ontwaken	1
greep	1
dubbelgreep	1
compositie	1
beu	1
gemotiveerd	1
stagiair	1
wetgeving	1
uitvoerende macht	1
mensenhandel	1
inspectie	1
aanwerving	1
sollicitatie	1
laat maar	1
havik	1
telefoontje	1
eindig	1
antwoordapparaat	1
doodsbenauwd	1
ram	1
slagader	1
foei	1
scanderen	1
gruwel	1
show	1
inwilligen	1
koopkracht	1
werkgever	1
doneren	1
notulen	1
afwezig	1
haakjes	1
lekkage	1
afdak	1
rookmelder	1
lichtnet	1
in naam van	1
definitie	1
btw	1
eigendom	1
diverse	1
overleggen	1
status	1
gemachtigde	1
compensatie	1
formulier	1
interactief	1
presentatie	1
reputatie	1
des te meer	1
meent	1
ex	1
duet	1
aangaande	1
suggereren	1
blender	1
star	1
berucht	1
egocentrisch	1
doodgeboren	1
stamboom	1
magazine	1
maateenheid	1
afkorten	1
inkorten	1
PRO	1
metrum	1
bollen	1
rietje	1
Kortrijk	1
goedenacht	1
uittesten	1
bandopname	1
filmen	1
proef	1
opname	1
naar aanleiding van	1
rekenen op	1
voordracht	1
hoelang	1
act	1
poeh	1
asfalt	1
grimmig	1
junior	1
ontwricht	1
ontwrichten	1
cartoon	1
brand	1
verzorging	1
opfokken	1
handelsreiziger	1
samenloop	1
schok	1
verschroeien	1
zich concentreren	1
door elkaar	1
aperitief	1
olieslager	1
Buren	1
geduldig	1
zuurkool	1
puist	1
lijsterbes	1
vogelkers	1
cipres	1
evenement	1
komkommer	1
opleiden	1
loondienst	1
verdeling	1
vergunning	1
gekuist	1
uitgeschakeld	1
voller	1
loof	1
Middellandse Zee	1
vurig	1
retoriek	1
staatkundig	1
staatsinrichting	1
zwaarwichtig	1
tuba	1
cimbaal	1
gong	1
celesta	1
vlaggenstok	1
protesteren	1
crisis	1
bagatelliseren	1
per definitie	1
uwe	1
wapperen	1
vierkant	1
kruising	1
jeuk	1
werkdagen	1
werkzaamheden	1
salaris	1
hoorspel	1
nominatie	1
halfbroer	1
hoofdinspecteur	1
aanranding	1
moordenaar	1
individueel	1
asociaal	1
stereotype	1
regime	1
merkteken	1
representeren	1
diversiteit	1
uitsluitsel	1
dictee	1
heen en weer	1
vrouwen	1
problemen	1
adsorberen	1
geus	1
symboliek	1
zeden	1
zedendelict	1
delict	1
crimineel	1
pedofiel	1
cipier	1
werkschuw	1
dakloos	1
landloper	1
twisten	1
overslaan	1
aaneenschakelen	1
ijsberg	1
feestrede	1
iedere	1
Fransman	1
Française	1
toegeven	1
plaatsing	1
letterzetter	1
namens	1
transport	1
gespen	1
duin	1
ragfijn	1
stempel	1
uitchecken	1
chipkaart	1
glazenwasser	1
meidoorn	1
fictief	1
hulpeloos	1
verloofd	1
gescheiden zijn	1
verslaving	1
huisdier	1
zit	1
eend	1
vlinder	1
Anne	1
spijbelen	1
ontkennen	1
relatief	1
in vergelijking met	1
verschuilen	1
plooi	1
ofschoon	1
schrijven op	1
laten zien	1
gemeenschappelijk	1
schijnwerper	1
gelaat	1
distorsie	1
bom	1
pleegouder	1
leegte	1
opsteken	1
kraam	1
horde	1
openstaan	1
schrapen	1
rekening houden met	1
haat	1
buitenlander	1
achterwerk	1
leerkracht	1
steentje	1
bisschop	1
stoof	1
fornuis	1
schaats	1
flaneren	1
monseigneur	1
sneeuwen	1
hagelen	1
donder	1
machine	1
uitzoeken	1
integratie	1
pamflet	1
traditie	1
gezien	1
betekenisloos	1
verschijning	1
onderzoeker	1
pauw	1
percentage	1
vestiging	1
inbreker	1
uitstapje	1
hoorder	1
vingertop	1
inzet	1
uitbreiding	1
pand	1
overweldigend	1
schaafwond	1
plaatselijk	1
overtreffen	1
opdrijven	1
persklaar	1
daling	1
kleinigheid	1
variant	1
onduidelijk	1
verdrinken	1
plenzen	1
afdekken	1
plechtig	1
enorm	1
werkzaamheid	1
rookverbod	1
duizeligheid	1
milieu	1
achtervolgen	1
ontsteking	1
duizelig	1
huisarts	1
spoed	1
vergissing	1
miezeren	1
bedwingen	1
ongewoon	1
primair	1
ovaal	1
druipen	1
EU	1
verbeelden	1
zich verbeelden	1
afstaan	1
koek	1
koplamp	1
reusachtig	1
wippen	1
touringcar	1
ten behoeve van	1
verdenken van	1
beschaafd	1
zwoel	1
lichter	1
deels	1
achtervolging	1
verstuiver	1
ketting	1
lat	1
geld overmaken	1
aanwennen	1
misbruiken	1
misbruikt	1
richten op	1
ruimtelijk	1
destijds	1
hoogstens	1
geen probleem	1
hilarisch	1
De Streek	1
tabblad	1
handvol	1
kletsen	1
toetsenbord	1
lullig	1
gevoelens	1
depressief	1
verrast	1
sympathiek	1
serieus	1
woedend	1
pracht en praal	1
praal	1
opticien	1
afgelasting	1
doorbraak	1
geheugensteuntje	1
gastvrij	1
refrein	1
voordeur	1
verkiezingen	1
agrariër	1
veeboer	1
veehouder	1
protest	1
inconsequent	1
agressief	1
langdurig	1
onvoorspelbaar	1
teneur	1
argwaan	1
pittig	1
onzekerheid	1
wisselbeker	1
Socrates	1
idealist	1
jonge	1
optuigen	1
rijke	1
zenuw	1
tekenaar	1
loopbaan	1
afstel	1
lassen	1
lies	1
bestand	1
promoten	1
ondersteunen	1
terugkoppeling	1
spannen	1
met behulp van	1
imponeren	1
onderonsje	1
waarnemer	1
verwachting	1
scherts	1
schuldgevoel	1
scheiding	1
koetsier	1
godverdomme	1
hé	1
luis	1
nonnetje	1
stramien	1
lichaamsdeel	1
kooi	1
spugen	1
schatten	1
belanden	1
serveren	1
onveilig	1
nader	1
kleingeld	1
ham	1
ent	1
vinger	1
stekelvarken	1
stekel	1
Estland	1
stroming	1
tandbederf	1
Bosnië	1
viltstift	1
liniaal	1
vorig jaar	1
Winkel	1
paardenknecht	1
paardenkracht	1
mijl	1
vuurtoren	1
venster	1
zeepaardje	1
zeepaard	1
hopeloos	1
intikken	1
ontsporen	1
maker	1
geknipt	1
voorlopen	1
meubels	1
hamburger	1
keisteen	1
spook	1
liefste	1
geliefde	1
omroep	1
zender	1
riool	1
kroon	1
vel papier	1
wrat	1
terras	1
weekdag	1
Japanner	1
Rug	1
nastreven	1
Vlaanderen	1
winkelstraat	1
malversatie	1
werkkamp	1
nog eens	1
huishouding	1
belang hebben bij	1
bloot	1
doodsstrijd	1
verwant	1
welnu	1
werkgelegenheid	1
stilstand	1
samenstelling	1
software	1
emblematisch	1
huisarrest	1
humanitair	1
bravo	1
plegen	1
vlaai	1
activist	1
impuls	1
opwekken	1
ambassadeur	1
tol	1
gevoelloos	1
slijpen	1
stevig	1
slordig	1
waardevol	1
betrekking	1
vernietiging	1
minst	1
beveiligd	1
weergave	1
portier	1
hectare	1
badjas	1
vulling	1
kinderen	1
uitlenen	1
rozenstruik	1
wervelwind	1
betaling	1
oehoe	1
opstapelen	1
tegenstrijdig	1
textuur	1
uitvaart	1
aanwezige	1
schorsen	1
masseren	1
bevroren	1
herkenbaar	1
legaal	1
bij toeval	1
min of meer	1
doordeweeks	1
mede	1
ingewanden	1
doorgaans	1
versterking	1
dwaas	1
mondhoek	1
heimwee	1
snot	1
pechvogel	1
tijdstip	1
erkennen	1
schommelen	1
streven naar	1
sissen	1
slopen	1
vertegenwoordigen	1
bef	1
verrijken	1
snack	1
mandje	1
lasagne	1
wraakzuchtig	1
verzet	1
showen	1
zelfgenoegzaamheid	1
levensruimte	1
rugby	1
waaruit	1
toekomstig	1
gekend	1
plaatje	1
grill	1
gietijzer	1
aambei	1
verdict	1
modeshow	1
uitdrukken	1
te wachten staan	1
stichten	1
schillen	1
visitekaartje	1
roeiboot	1
sindsdien	1
grootschalig	1
Fins	1
oprollen	1
ring	1
regeren	1
giechelen	1
wringen	1
speels	1
ongedeerd	1
voetafdruk	1
zelden	1
in elk geval	1
humeurig	1
eettafel	1
doorzagen	1
verbannen	1
ontsnappen	1
versnellen	1
prikken	1
trakteren	1
overdreven	1
waanzinnig	1
golfen	1
om de beurt	1
zulk	1
kwetsen	1
veroordelen	1
slaapkop	1
kletskop	1
watje	1
viezerik	1
schonk	1
alles bij elkaar	1
sloop	1
overhand	1
cavia	1
eenmalig	1
solliciteren naar	1
kriebelen	1
beste	1
programmeur	1
triangel	1
pauk	1
harp	1
ter hulp	1
manuscript	1
vake	1
onbeschoft	1
trap	1
gelukken	1
Fries	1
go	1
zinvol	1
levensvreugde	1
bevorderen	1
handhaven	1
streng	1
bekendmaken	1
schakelen	1
worp	1
insmeren	1
afkoeling	1
voor elk	1
grappen	1
sushi	1
menner	1
formidabel	1
pensioen	1
navragen	1
stigma	1
jazz	1
fatsoeneren	1
mislukt	1
opereren	1
invloed hebben	1
op tijd komen	1
oprichter	1
oven	1
diepvries	1
lade	1
microgolf	1
microgolfoven	1
glazen	1
afwasmachine	1
afvalbak	1
Mesen	1
uitwaaien	1
dweil	1
twist	1
publiciteit	1
mier	1
wok	1
toegankelijk	1
redacteur	1
ordenen	1
Zwarte Piet	1
Piet	1
zwarte	1
racisme	1
nakijken	1
debutant	1
aanvallen	1
staaf	1
komeet	1
sardine	1
morgenavond	1
gedroogd	1
India	1
route	1
stortplaats	1
broccoli	1
paperclip	1
motregenen	1
kaviaar	1
theezeefje	1
rode biet	1
diabetes	1
wond	1
zich interesseren	1
horzel	1
lila	1
stortbui	1
wasbeer	1
Madagaskar	1
cocktail	1
gletsjer	1
spinnenweb	1
lenen van	1
vraatzucht	1
stront	1
kuur	1
map	1
karton	1
kolom	1
optie	1
veganistisch	1
labeur	1
conservatisme	1
pompen	1
turner	1
gelaten	1
kritisch	1
muggenzifter	1
reken	1
tel	1
concept	1
krokant	1
ook niet	1
donateur	1
overmaat	1
leden	1
achthonderd	1
autobus	1
existeren	1
niemands	1
groene thee	1
tyfus	1
wijnglas	1
mode	1
hengst	1
schizofrenie	1
rundvlees	1
coma	1
linze	1
telescoop	1
leeuw	1
Duitse mark	1
blessure	1
nagellak	1
inktvis	1
vreemde taal	1
nasmaak	1
Cyprus	1
gaan zitten	1
vuilnisbak	1
scheermes	1
onweer	1
Azerbeidzjan	1
voorsteven	1
valies	1
familielid	1
grammatica	1
in de herfst	1
selecteren	1
zijrivier	1
Portugal	1
startbaan	1
hiernamaals	1
decolleté	1
bushalte	1
Panama	1
anaconda	1
lava	1
graad	1
plannen	1
vlek	1
kapsel	1
auditorium	1
evenaar	1
alsook	1
promoveren	1
watermeloen	1
Zwarte Zee	1
ziek zijn	1
ampère	1
adres	1
spons	1
trog	1
schors	1
oppervlakte	1
zus	1
vagina	1
tot en met	1
talenknobbel	1
diploma	1
automaat	1
dat geeft niet	1
zinken	1
windhoos	1
lawine	1
tablet	1
stiefmoeder	1
ree	1
bang zijn	1
tapijt	1
zonnig	1
noodweer	1
gaan over	1
tegenkomen	1
gelijk hebben	1
geluk hebben	1
gewond	1
houden voor	1
in de rij staan	1
instappen	1
living	1
verjaardag	1
lusteloos	1
jarig zijn	1
kleed	1
knoeien	1
opeten	1
pastinaak	1
omgaan met	1
prettig	1
have	1
vermits	1
cola	1
biertje	1
verstaan	1
Afrikaanse	1
proost	1
rondje	1
kloof	1
meerval	1
schrijfmachine	1
verkeerslicht	1
bevallen	1
regenjas	1
excuseren	1
opscheppen	1
zilverspar	1
ruimtevaartuig	1
wolkenkrabber	1
adopteren	1
T-shirt	1
geldautomaat	1
in de winter	1
heelal	1
perzik	1
vriendschap	1
gebergte	1
slak	1
instemmen	1
ongehuwd	1
tanden poetsen	1
parachute	1
tomaat	1
storing	1
allesbehalve	1
weekeinde	1
ik denk	1
oogsten	1
geconcentreerd	1
vertraging	1
stuiver	1
daalder	1
smeerlap	1
dringend	1
dank je	1
testen	1
wedervraag	1
pret	1
prikkelen	1
ridiculiseren	1
bijbenen	1
erkenning	1
likeur	1
IJsland	1
druif	1
breedtegraad	1
klokslag	1
rob	1
koffiepot	1
telefooncel	1
rijtuig	1
landingsbaan	1
libel	1
strikje	1
soja	1
Malta	1
baret	1
klei	1
centimeter	1
haren	1
lappen	1
feliciteren met	1
roeren	1
geschapen	1
op krediet	1
verzoeken	1
spruitkool	1
som	1
geschenk	1
Noord-Korea	1
stroomopwaarts	1
eenentwintig	1
bergkloof	1
cruise	1
in weerwil van	1
parkeren	1
echo	1
Irak	1
beboeten	1
prefereren	1
lijm	1
zeester	1
peer	1
kappen	1
dakloze	1
colbert	1
pummel	1
aanbieding	1
pertinent	1
lichten	1
rimpelig	1
oorspronkelijk	1
gerimpeld	1
abortus	1
zwangerschap	1
abstract	1
affaire	1
verdwenen	1
ontbijten	1
beest	1
Engeland	1
planeet	1
tafeltje	1
gin	1
krab	1
salamander	1
honderd	1
wijnkaart	1
geen dank	1
verwelkomen	1
opwarmen	1
grotendeels	1
hierna	1
doelbewust	1
blind	1
hinderlijk	1
moedeloos	1
wensdroom	1
eeuwigheid	1
vernedering	1
represaille	1
afwachting	1
in afwachting	1
troonsbestijging	1
Rijk	1
stout	1
op afbetaling	1
afbetaling	1
verscheidene	1
mondiaal	1
zoektocht	1
gereedschap	1
montuur	1
geselen	1
trekpleister	1
alimentatie	1
bloedarm	1
anonimiteit	1
tegengif	1
annulering	1
argumenteren	1
aroma	1
aromatisch	1
uitgang	1
zachtjes	1
gemeen	1
snugger	1
strikken	1
alsmede	1
perfectie	1
Lessen	1
jaloers	1
veiling	1
vechtpartij	1
blaag	1
vlegel	1
banaliteit	1
vermaken	1
brabbelen	1
kleurloos	1
wasem	1
actueel	1
van het	1
verwoesten	1
röntgenstraling	1
moraliseren	1
atheïsme	1
aaien	1
aanbellen	1
aanbesteding	1
aanbidding	1
voetbalwedstrijd	1
bewondering	1
spelt	1
verbetering	1
kruiden	1
stroomversnelling	1
achteraan	1
aangenomen	1
afgelasten	1
Juli	1
margarine	1
volume	1
amputeren	1
commode	1
vrije dag	1
westen	1
meeuw	1
pizzeria	1
klip	1
administrateur	1
parallel	1
woordenboek	1
bovenkleding	1
vierhonderd	1
synagoge	1
handpalm	1
inchecken	1
ruimtepak	1
afkeer	1
afstuderen	1
al lang	1
cent	1
Jupiter	1
kaap	1
Albanië	1
scheercrème	1
tandenborstel	1
Alpen	1
blouse	1
pullover	1
paardenstaart	1
Uranus	1
zilverkleurig	1
tandpasta	1
dadel	1
wastafel	1
oever	1
Libanon	1
lengtegraad	1
campus	1
enthousiast	1
jubileum	1
aanvang	1
beheerst	1
aanzien	1
aanmerking	1
afsluiter	1
met behulp	1
in het algemeen	1
paranoia	1
decoratief	1
taliban	1
Marshalleilanden	1
chic	1
zoet water	1
bh	1
PVC	1
BV	1
ambigu	1
afgewerkt	1
alsmaar	1
Vaderdag	1
goede vrijdag	1
Chanoeka	1
oudejaarsavond	1
kantine	1
sexy	1
speler	1
zwaluw	1
huiskamer	1
zinnen	1
bende	1
achter elkaar	1
afgunst	1
wegslepen	1
monarchie	1
incompetentie	1
mazelen	1
volslagen	1
gijzelen	1
verkrachten	1
bereidwillig	1
chromosoom	1
botontkalking	1
opbellen	1
blinken	1
gevoeligheid	1
onstuimig	1
teruggaan	1
doolhof	1
slot	1
betreden	1
berokkenen	1
fauna	1
verspreiding	1
farao	1
nautilus	1
medelijden	1
filmpje	1
reikwijdte	1
scenario	1
AOW	1
HIV	1
aids	1
gooi	1
muts	1
sukkel	1
pestkop	1
beschimmeld	1
autogram	1
citaat	1
anderhalf	1
ietsje	1
opkomen voor	1
verlossen	1
doorzichtig	1
gros	1
ruggenmerg	1
zwellen	1
twijfelmoedig	1
wankelmoedig	1
bevruchten	1
bewaken	1
bewogen	1
voeden	1
paars	1
klerk	1
clerus	1
aanzetten	1
optillen	1
bedrijven	1
aanvraag	1
meesterschap	1
single	1
rock	1
afscheid	1
voorste	1
dienblad	1
pruik	1
pest	1
vijfhonderd	1
abonnee	1
buil	1
bontjas	1
epicentrum	1
van achteren	1
cheque	1
twaalf	1
middeleeuws	1
blootsvoets	1
werkzaam	1
bodemloos	1
eraan	1
boeking	1
boezem	1
experimenteel	1
vuurvlieg	1
lastigvallen	1
aflossen	1
voogdij	1
fysica	1
astronomie	1
astrofysica	1
Verenigde Staten	1
Noors	1
Amerikaans	1
Amerikaanse	1
Noor	1
Noorse	1
sorry	1
meisje	1
zuster	1
tongval	1
schoenen	1
schaak	1
stapelen	1
namiddag	1
briefkaart	1
briefwisseling	1
vijftien	1
zeventien	1
zeventig	1
triljoen	1
elfde	1
twaalfde	1
dertiende	1
veertiende	1
vijftiende	1
zestiende	1
zeventiende	1
negentiende	1
twintigste	1
eenentwintigste	1
aanbrengen	1
bros	1
bruikbaar	1
bruinen	1
zonnen	1
jaguar	1
nagelknipper	1
kassa	1
palm	1
minste	1
sneeuwklokje	1
theater	1
notitieboekje	1
specht	1
pedicure	1
noedels	1
Vietnam	1
spar	1
aardbol	1
karmijnrood	1
kreeft	1
veen	1
wekelijks	1
Afghanistan	1
benzinestation	1
beroerte	1
marter	1
Jordanië	1
turbine	1
magma	1
achterlopen	1
zuurstof	1
verziend	1
zijstraat	1
brutaal	1
bruusk	1
vergiftigen	1
hoge hoed	1
shampoo	1
metro	1
snoepje	1
aan de vooravond	1
douanier	1
Tunesië	1
niet ver	1
zeilboot	1
observatorium	1
Atlantische Oceaan	1
volgende maand	1
Roemenië	1
archipel	1
afstappen	1
souperen	1
schoenwinkel	1
verrekijker	1
van buitenaf	1
canaille	1
nijlpaard	1
ten tweede	1
morgenochtend	1
safe	1
roeispaan	1
egel	1
lippenstift	1
antilope	1
vorige maand	1
peper	1
rolstoel	1
postbode	1
confituur	1
inburgering	1
eendracht	1
censureren	1
chantage	1
charme	1
zeekat	1
Randstad	1
exploreren	1
pil	1
litteken	1
bacterie	1
pony	1
zonnebloemolie	1
kristal	1
Bolivia	1
regenwolk	1
informatiebord	1
tolk	1
wachtzaal	1
Polen	1
rugzak	1
eindpunt	1
daarheen	1
continent	1
zevenhonderd	1
kaars	1
weiland	1
modern	1
bevredigd	1
boekhandel	1
aandenken	1
checken	1
leedvermaak	1
smurf	1
beslist	1
compliceren	1
compromitteren	1
discrimineren	1
strafbaar	1
wapenbezit	1
gevierd	1
voortgezet	1
concessie	1
landbouw	1
vertragen	1
langzamer	1
afwegen	1
urgent	1
millimeter	1
meel	1
leverontsteking	1
corrupt	1
astma	1
coulissen	1
zich scheren	1
meloen	1
broekriem	1
elke week	1
duif	1
crème	1
chef	1
zomers	1
tandenstoker	1
cultuur	1
olijfolie	1
witte wijn	1
Stille Oceaan	1
polsslag	1
cabine	1
theepot	1
dille	1
handbagage	1
aardbeving	1
optiek	1
drinkwater	1
voorzeggen	1
gelukkig nieuwjaar	1
gevorderd	1
sterretje	1
Max	1
stel	1
afrit	1
daad	1
aanklagen	1
politiek	1
defect	1
massamedia	1
pathos	1
antenne	1
Venezuela	1
lagune	1
waspoeder	1
winterkleding	1
halfuur	1
koffiehuis	1
doktersjas	1
aardappelpuree	1
Baltische Zee	1
Oostzee	1
lengte	1
lening	1
Wolga	1
rat	1
Noorwegen	1
afdalen	1
portie	1
hiervandaan	1
wegkwijnen	1
spiritueel	1
galblaas	1
gal	1
menselijk	1
plantaardig	1
oesters	1
partikel	1
ester	1
secretie	1
wand	1
veroudering	1
halsslagader	1
excretie	1
totaal	1
uitvoerder	1
documentaire	1
verlies	1
hoezo	1
erheen	1
deuken	1
endogeen	1
exogeen	1
absorptie	1
diegene	1
dienstbode	1
dienstgeheim	1
diepgaand	1
ontzettend	1
verlating	1
besluit	1
bamboe	1
beheersen	1
monster	1
heks	1
instituut	1
walnoot	1
neet	1
neef	1
yen	1
stroomafwaarts	1
monument	1
uitademen	1
schuldenaar	1
kosmos	1
flesopener	1
driehonderd	1
veelkleurig	1
strijkijzer	1
rozijn	1
tandpijn	1
moskee	1
vooraan	1
tijdbom	1
discrepantie	1
doeleinde	1
Beid	1
doelstelling	1
doenlijk	1
dof	1
doodgewoon	1
patroon	1
uitvallen	1
Chihuahua	1
doornemen	1
geboortedatum	1
vaas	1
nachtclub	1
doofstom	1
Iers	1
erfgenaam	1
in de buurt	1
veter	1
meteoriet	1
schoteltje	1
boeket	1
keuken	1
werkkleding	1
motorboot	1
schoeisel	1
Indische oceaan	1
doodlopen	1
doodmoe	1
doordacht	1
programmeren	1
voorbijgaan	1
planten	1
Indo-Europees	1
uithouden	1
voorstaan	1
imago	1
pancreas	1
doordringend	1
doordrukken	1
Korea	1
bilnaad	1
sufferd	1
bah	1
mest	1
helm	1
valhelm	1
tampon	1
motel	1
damestas	1
vaccin	1
gebladerte	1
inademen	1
hennep	1
Libië	1
aardschok	1
supersonisch	1
treksprinkhaan	1
drugsverslaafde	1
Dode Zee	1
Ghana	1
doctor	1
retour	1
delven	1
dansen	1
juweel	1
koolmees	1
alleman	1
ajuin	1
roomkleurig	1
mijnwerker	1
voetganger	1
der	1
Donau	1
zoo	1
kelner	1
gilet	1
mausoleum	1
insect	1
zeeman	1
biggetje	1
aankoop	1
oranje	1
ondiepte	1
docent	1
doorstrepen	1
doorstromen	1
persoon	1
personen	1
grote	1
talmen	1
versplinteren	1
onderverdeling	1
kinderlijk	1
drukkend	1
benauwend	1
gedurfd	1
op den duur	1
borstbeen	1
jongste	1
Tokio	1
feestdag	1
salon	1
buffel	1
tomatensap	1
stoomlocomotief	1
schoonvader	1
aanbevelen	1
glimlachen	1
dek	1
kalksteen	1
python	1
Bangladesh	1
kabel	1
voorstad	1
slagerij	1
vanwaar	1
van waar	1
metaal	1
langer	1
bij dag	1
dwepen	1
volleybal	1
insecten	1
Atlantisch	1
snuiten	1
echtheid	1
edel	1
brandweerman	1
kiwi	1
boswachter	1
transit	1
ruin	1
bezigheid	1
goede reis	1
enerzijds	1
interessant	1
remmen	1
leerboek	1
klasgenoot	1
conducteur	1
een bad nemen	1
Noordzee	1
flits	1
libretto	1
geërgerd	1
vingerafdruk	1
commentaar	1
onlangs	1
eb	1
signaal	1
paspoort	1
Macedonië	1
pizza	1
flessenhals	1
faam	1
fabel	1
fabelachtig	1
fossiele brandstof	1
fit	1
discussie	1
bezoldigd	1
familiair	1
langlauf	1
hoorzitting	1
sputteren	1
wiet	1
prater	1
ademhaling	1
weerspreken	1
grind	1
Nijl	1
pruim	1
leguaan	1
gasleiding	1
noodrem	1
dozijn	1
spoorweg	1
krediet	1
bliksem	1
architectuur	1
nodig zijn	1
machinist	1
moedervlek	1
scherm	1
vloed	1
theelepeltje	1
sint	1
Sinterklaas	1
Sint Maarten	1
aanspreker	1
feilloos	1
beschaving	1
gulden	1
gemeend	1
dimmen	1
bijgeloof	1
buidel	1
jongens	1
beugel	1
hondenweer	1
honden	1
hiërarchie	1
Catalaans	1
betogen	1
solidariteit	1
verdringen	1
forens	1
kring	1
verwaarlozen	1
opwaardering	1
alfabet	1
breedte	1
telefoonboek	1
met opzet	1
Marokko	1
reiskosten	1
schikken	1
afhaken	1
bedevaart	1
baanbreker	1
ongemakkelijk	1
abrupt	1
zwerven	1
vaardigheid	1
in het kort	1
gebod	1
betoging	1
touwtje	1
occasioneel	1
gebrekkig	1
pendelen	1
zeef	1
kneedbaar	1
despoot	1
videorecorder	1
regenachtig	1
aardworm	1
manicure	1
champagne	1
gelijkenis	1
aantekening	1
zaad	1
flitsen	1
eenheid	1
geluksvogel	1
onverzorgd	1
ritueel	1
waken	1
klaverblad	1
fase	1
rondwandeling	1
Zeist	1
scheikunde	1
Moldavië	1
bescherming	1
Tsjechië	1
afgrond	1
vergeefs	1
geneigd	1
voorbereide	1
smartphone	1
bullshit	1
kunstacademie	1
controleur	1
volt	1
jaarlijks	1
repareren	1
verlamming	1
sterrenstelsel	1
vochtig	1
gasfornuis	1
dierentuin	1
koorts	1
jam	1
marmelade	1
fokken	1
van wie	1
Kaspische Zee	1
vlucht	1
roos	1
gazon	1
pincet	1
geslacht	1
verontrusten	1
overspanning	1
dapper	1
luidruchtig	1
gerei	1
turkoois	1
uitbarsting	1
braden	1
computer	1
toenemen	1
vallei	1
plat	1
gekookt	1
thermometer	1
alcoholicus	1
lunchen	1
windstilte	1
tijger	1
jeans	1
cholera	1
wit	1
karaf	1
Pyreneeën	1
lichtblauw	1
ananas	1
echtgenote	1
dollar	1
bijziend	1
exotisch	1
melodie	1
landing	1
dienstregeling	1
gehouden	1
Getuige	1
omschrijven	1
verloren	1
stamvader	1
valstrik	1
illegaal	1
wenselijk	1
vakcentrale	1
gangpad	1
deodorant	1
blesseren	1
tuberculose	1
kapitein	1
mammoetboom	1
hersenschudding	1
mevrouw	1
nieuw	1
product	1
waarin	1
divers	1
basis	1
kwaliteit	1
medewerker	1
energie	1
internet	1
materiaal	1
rol	1
meerdere	1
team	1
systeem	1
thema	1
jongere	1
locatie	1
jezelf	1
onderdeel	1
deelnemer	1
bezoeker	1
actief	1
combinatie	1
risico	1
o.a.	1
financieel	1
training	1
Europees	1
hiervoor	1
voorwaarde	1
sterk	1
procent	1
duurzaam	1
start	1
aanbod	1
snellen	1
uniek	1
maat	1
ondersteuning	1
hierbij	1
netwerk	1
toepassing	1
inzicht	1
ondernemer	1
lokaal	1
km	1
Jan	1
aanpak	1
invloed	1
den	1
functie	1
inclusief	1
bewoner	1
maximaal	1
termijn	1
kader	1
hierdoor	1
waaronder	1
opdrachtgever	1
uitvoering	1
video	1
bestaand	1
hiervan	1
visite	1
plichtsgetrouw	1
vlo	1
boeken	1
zending	1
eventjes	1
onjuist	1
aanspreken	1
tot slot	1
paspoortcontrole	1
giftig	1
Simkaart	1
het spijt me	1
vierkante meter	1
gierigaard	1
mijden	1
tsaar	1
zelfmoord	1
prullenbak	1
overstuur	1
Maria	1
lang geleden	1
verleidelijk	1
roesten	1
braking	1
sluiting	1
rechtdoor	1
gulp	1
verzonnen	1
Dalen	1
blootgesteld	1
uiteen	1
laden	1
dunne darm	1
twaalfvingerige darm	1
losraken	1
mijnschacht	1
octopus	1
yoghurt	1
stond	1
glanzen	1
middeleeuwen	1
holocaust	1
jood	1
zonnewijzer	1
uraan	1
kredietkaart	1
hoofddoek	1
schorpioen	1
opera	1
albatros	1
tweeëntwintig	1
afgesloten	1
wodka	1
tweehonderd	1
kruimel	1
videocamera	1
plafond	1
vaatwerk	1
pilaar	1
erwt	1
nagelvijl	1
paprika	1
vochtigheid	1
bevelen	1
noorden	1
kauwgom	1
Rode Zee	1
toebehoren aan	1
woonwijk	1
gevel	1
mouw	1
gezagvoerder	1
Theems	1
potloodslijper	1
compost	1
aanvoelen	1
vergaderen	1
opmaak	1
bio-industrie	1
Folk	1
spitsuur	1
scheelheid	1
cosmetica	1
heester	1
trottoir	1
atmosfeer	1
correct	1
beeltenis	1
uithollen	1
curriculum	1
orakel	1
doorgeven	1
truffel	1
zonnestelsel	1
trauma	1
Saturnus	1
Laos	1
kruidenier	1
kameel	1
voicemail	1
vlug	1
beveiligen	1
opraken	1
reisbureau	1
Pluto	1
luchtverkeersleider	1
nikkel	1
varkensvlees	1
IC	1
regen	1
digitale camera	1
spinazie	1
naad	1
maïs	1
alleenstaand	1
stoven	1
grot	1
magazijn	1
articuleren	1
Azië	1
cognac	1
appartement	1
mobieltje	1
aubergine	1
papaja	1
jerrycan	1
tram	1
toog	1
tapkast	1
schoolbord	1
Echt	1
kneus	1
gunstig	1
oostelijk	1
horlogemaker	1
informeren	1
helling	1
walrus	1
creëren	1
analist	1
een andere	1
Letland	1
kassier	1
ratelslang	1
binnengaan	1
wezel	1
allee	1
dageraad	1
afmeting	1
stinkdier	1
zandloper	1
stewardess	1
pakje	1
Mercurius	1
tasje	1
vetten	1
halt	1
sjabloon	1
drogen	1
lesrooster	1
handeling	1
pus	1
bond	1
tube	1
zwemmen	1
eenpersoonskamer	1
fortuin	1
volgende dag	1
zeshonderd	1
rundvee	1
telefoon	1
campagne	1
spectrum	1
luxe	1
kwetsbaar	1
eentonig	1
draperen	1
ontslag	1
vereffening	1
uitje	1
winterslaap	1
voorjaar	1
fooi	1
Koeweit	1
dank u wel	1
vernemen	1
volmacht	1
coupé	1
vos	1
haai	1
bloemperk	1
gehemelte	1
Haïti	1
vaarwel	1
douane	1
kastanje	1
landen	1
nochtans	1
vegetariër	1
duikboot	1
bemanning	1
frank	1
scheerschuim	1
badkamer	1
lantaarn	1
draaiboek	1
archief	1
vermoeiend	1
overwinteren	1
ridder	1
potentieel	1
archivaris	1
zonnesteek	1
mot	1
spaarbekken	1
vesting	1
druk uitoefenen	1
heden	1
hedendaags	1
herademen	1
herhaaldelijk	1
herhaald	1
haver	1
maan	1
rondleiding	1
herhaling	1
kalkoen	1
kalfsvlees	1
ten derde	1
beer	1
buren	1
batterij	1
inenten	1
orkaan	1
bergketen	1
papa	1
uil	1
brandnetel	1
editie	1
metaalbewerker	1
opeens	1
war	1
reeks	1
genoot	1
Indien	1
afgerond	1
normaliter	1
rit	1
staartje	1
staar	1
uitzien	1
dicht bij	1
corona	1
aangestoken	1
door en door	1
vlakbij	1
vlak bij	1
middenin	1
schreef	1
super	1
vakwerk	1
goed gedaan	1
landarbeider	1
verpakken	1
schuldig	1
gereed	1
opstel	1
Wake	1
erger	1
gehoefd	1
stock	1
tijdzone	1
toereikend	1
adequaat	1
missie	1
klem	1
honen	1
stoelen	1
stoelen op	1
tempel	1
stuurman	1
tulp	1
tank	1
kwik	1
tsunami	1
bretels	1
huurprijs	1
hoorn	1
eetkamer	1
radiogolf	1
postcode	1
kruiser	1
souvenirwinkel	1
Verenigde Staten van Amerika	1
vertrektijd	1
ten hoogste	1
hoorbaar	1
hopelijk	1
opvolger	1
geraakt	1
kisten	1
kom op	1
gelul	1
handjevol	1
reet	1
aanmelding	1
stukken	1
in de loop van	1
neerslag	1
onbeperkt	1
exclave	1
horizontaal	1
houder	1
houvast	1
tong	1
Thailand	1
geel	1
brandwond	1
paling	1
reddingsvest	1
maandelijks	1
gigantisch	1
kale	1
belegeren	1
pui	1
tendens	1
crash	1
comfortabel	1
aardpeer	1
onsamenhangend	1
werkplaats	1
geometrisch	1
rechthoekig	1
haven	1
houw	1
Slovenië	1
keuterboer	1
forum	1
ceder	1
overstap	1
verwarrend	1
disciplinair	1
ontheffen	1
ratificeren	1
nodeloos	1
voorrang	1
samenvatting	1
finish	1
vliegticket	1
waarover	1
kamille	1
Armenië	1
rits	1
gebogen	1
rooie	1
kennis maken	1
chirurg	1
lauweren	1
teren	1
teren op	1
rede	1
aangekleed	1
kurkuma	1
loper	1
voort	1
martelen	1
curator	1
panda	1
recycleren	1
fysiotherapie	1
fysiotherapeut	1
vat	1
gevogelte	1
balans	1
bezighouden	1
kruip	1
ontduiking	1
gretigheid	1
ijver	1
prestatie	1
ijzig	1
indekken	1
voorgerecht	1
airconditioner	1
hazelnoot	1
kool	1
voor de eerste keer	1
mayonaise	1
kraan	1
mango	1
achtersteven	1
gouden	1
verwonderlijk	1
hagel	1
gerst	1
temmen	1
opschrijven	1
iemands	1
lul	1
leidraad	1
vijandig	1
kloten	1
klootzak	1
uitschelden	1
donder op	1
sodemieter	1
Boom	1
ingeval	1
ingewijde	1
inhouden	1
klanten	1
flikken	1
microprocessor	1
blowen	1
parfum	1
vorige week	1
anker	1
schoenlepel	1
roze	1
roofdier	1
limonade	1
ontbossen	1
Japan	1
maakt niet uit	1
halte	1
jacht	1
everzwijn	1
uniform	1
bibliotheek	1
begrijpelijk	1
berk	1
ISO	1
kledingkast	1
rekeningnummer	1
tante	1
toetsen	1
traject	1
alleen maar	1
afbouwen	1
zorgvuldig	1
gestorven	1
stekker	1
stop	1
plakband	1
penarie	1
gleuf	1
caravan	1
kietelen	1
Pan	1
interest	1
intussen	1
inval	1
parkeerplaats	1
sneu	1
doordraaien	1
schietschijf	1
zichtbare	1
las	1
fysiek	1
educatief	1
hoofdzakelijk	1
geleerde	1
alfa	1
wiskundige	1
logica	1
vruchtensap	1
spek	1
bloemkool	1
aanvulling	1
hocus-pocus	1
weddenschap	1
markeren	1
mat	1
zetel	1
honger hebben	1
geit	1
siroop	1
kruispunt	1
verzuimen	1
piccolo	1
schoonmoeder	1
malaria	1
geboren worden	1
schoonzoon	1
boekenkast	1
per schip	1
morgenmiddag	1
ingevallen	1
mineraal	1
piranha	1
invitatie	1
eiwit	1
uitspreken	1
zeeziekte	1
aanbevolen	1
indelen	1
Japans	1
Russisch	1
Zweed	1
fries	1
Denemarken	1
erop	1
sterke drank	1
sterkedrank	1
verveeld	1
hing op	1
straalstroom	1
afgedragen	1
overeenstemming	1
pastei	1
rode wijn	1
souvenir	1
boekenrek	1
museum	1
avondeten	1
pupil	1
Egypte	1
drieëntwintig	1
whisky	1
zuidelijk	1
constipatie	1
bosbrand	1
in de lente	1
zuigeling	1
liter	1
opzoeken	1
kameraadschappelijk	1
rebel	1
gapen	1
hik	1
optimaal	1
optimum	1
resterende	1
selectie	1
afkijken	1
bakker	1
toaster	1
flesje	1
Namibië	1
donderen	1
noordelijk	1
zeil	1
in het midden	1
Nepal	1
zonsopgang	1
trainingspak	1
wisselgeld	1
hierheen	1
Taiwan	1
wandklok	1
ontvanger	1
eekhoorn	1
kilometer	1
beuk	1
Noord-Amerika	1
betreuren	1
eigeel	1
Poolster	1
asperge	1
springtij	1
analogisch	1
balanceren	1
Bath	1
aannemer	1
beding	1
betaalbaar	1
parasiet	1
klasse	1
foutief	1
bewonderaar	1
bezielend	1
wijzerplaat	1
epilepsie	1
eetlepel	1
afstandsbediening	1
bakpan	1
pijl	1
zonsverduistering	1
pool	1
naald	1
plantaardige olie	1
bloeien	1
in het begin	1
zich inschrijven	1
rekenmachine	1
alpinist	1
negenhonderd	1
afkoelen	1
motor	1
aan wie	1
spuwen	1
gepland	1
tweezijdig	1
dubbelzijdig	1
raaf	1
yard	1
instapkaart	1
opdat	1
bondig	1
gestaag	1
struikelblok	1
grapefruit	1
tatoeage	1
deugniet	1
ijsbeer	1
amputatie	1
bruin	1
filter	1
propeller	1
verzender	1
tarief	1
gram	1
specerij	1
sesamzaad	1
verwelken	1
dol zijn op	1
alinea	1
bedrog	1
beheersing	1
braak liggen	1
catastrofe	1
clown	1
complet	1
cruciaal	1
curieus	1
deskundige	1
dichtstoppen	1
dominant	1
vocabulaire	1
perron	1
steenkool	1
mandarijn	1
prijskaartje	1
wijzer	1
zwerver	1
chili	1
banketbakkerij	1
zwarte doos	1
violet	1
kilogram	1
ondergoed	1
westelijk	1
wenkbrauw	1
grappen maken	1
poster	1
bizon	1
verantwoordelijkheid	1
jegens	1
real	1
kantlijn	1
troep	1
keerzijde	1
kenmerk	1
kennelijk	1
erfenis	1
vlecht	1
avocado	1
framboos	1
tam	1
adviseren	1
nat worden	1
verkoudheid	1
Uruguay	1
apotheek	1
mineraalwater	1
bergpas	1
ergens vandaan	1
luipaard	1
mast	1
calorie	1
paviljoen	1
kauwen	1
oppervlakkig	1
kern	1
domme	1
aangroeien	1
aangroei	1
kinderachtig	1
aanmelden	1
klakkeloos	1
veranderend	1
karakter	1
inwoner	1
voornaamste	1
poes	1
kleverig	1
toren	1
kudde	1
paadje	1
perforator	1
Mongolië	1
sjaal	1
waterdicht	1
armleuning	1
symptoom	1
rif	1
Gele Zee	1
piloot	1
structuur	1
economisch	1
als gevolg van	1
automatisering	1
fantastisch	1
komaan	1
equivalent	1
vergemakkelijken	1
dank zij	1
kordaat	1
kortstondig	1
kortweg	1
vereist	1
bewering	1
polarisatie	1
onwettig	1
democratie	1
moedertaal	1
Meer	1
Zon	1
God	1
republiek	1
vaal	1
welvoorzien	1
inlijsten	1
apenstaartje	1
apenstaart	1
baardman	1
rare	1
perfectionist	1
nieuwste	1
verbitterd	1
verbod	1
ondermijnen	1
verdoen	1
vereiste	1
champignon	1
vergelden	1
jee	1
Huppel	1
huppelen	1
hinkelen	1
knipogen	1
plagen	1
neuriën	1
vergiftig	1
die van jullie	1
Goten	1
kozen	1
loog	1
logen	1
Schoten	1
gevlogen	1
bedekt	1
rook	1
geschrokken	1
bemerken	1
tranen	1
zelfkritiek	1
psyche	1
herbergen	1
dodelijk	1
luwte	1
lafheid	1
heldhaftigheid	1
schoppen	1
harten	1
klaveren	1
Ruiten	1
les	1
koude	1
pen	1
verwacht	1
Ga	1
sprong	1
vlies	1
ethisch	1
verzameling	1
zintuig	1
pakket	1
uitgegeven	1
infiltreren	1
filteren	1
daarvandaan	1
bocht	1
knoopsgat	1
garnaal	1
wikkel	1
gestolen	1
blokkeren	1
schatting	1
volgzaam	1
senator	1
drainage	1
verlopen	1
om te	1
veroorloven	1
wimper	1
koffer	1
vrienden	1
petroleum	1
toerist	1
luchthaven	1
warm	1
voor eeuwig	1
bever	1
eenkleurig	1
geboorteplaats	1
paardenbloem	1
onwaarschijnlijk	1
geïnteresseerd	1
tweedehands	1
richtlijn	1
bezig zijn met	1
anderen	1
aanvankelijk	1
banden	1
aanslag	1
aardhommel	1
aanvullend	1
aardrijkskundig	1
laten vallen	1
belletje	1
patiënt	1
operatie	1
aap	1
garnering	1
abrikoos	1
droogleggen	1
wonde	1
ontsteken	1
aquarium	1
house	1
snaar	1
aantekenen	1
rijkdom	1
aanaarden	1
afleiding	1
adult	1
bestuur	1
resideren	1
deze maand	1
samenzijn	1
kostprijs	1
kikker	1
conserven	1
pantoffels	1
Syrië	1
cobra	1
wegwijzer	1
vloeibaar	1
dank u	1
omhakken	1
afketsen	1
aanbiddelijk	1
splijten	1
aanstaren	1
doorbranden	1
speelplaats	1
turnzaal	1
gum	1
tabel	1
aanvaring	1
aanbidster	1
recessie	1
pandemie	1
bakkerij	1
machinekamer	1
spiegelei	1
flauwvallen	1
kiesrecht	1
Paraguay	1
wijngaard	1
kampvuur	1
boortoren	1
koeienstal	1
sinaasappelsap	1
kameleon	1
paskamer	1
vatbaar	1
account	1
verhoor	1
aanspraak	1
satelliet	1
bankstel	1
woonplaats	1
eieren	1
Nieuw-Zeeland	1
asteroïde	1
bezuinigen	1
intensive care	1
genereren	1
oproep	1
geïnfecteerd	1
planning	1
infuus	1
overmacht	1
afzondering	1
mentaal	1
fluctueren	1
knooppunt	1
spraakkunst	1
marge	1
gynaecoloog	1
bankbediende	1
storting	1
muntstuk	1
reisgids	1
servet	1
serveerster	1
hal	1
genezing	1
karper	1
ligging	1
metselaar	1
heden ten dage	1
voorschrift	1
te danken hebben aan	1
bijblijven	1
rondtrekken	1
oogopslag	1
aansporen	1
inpakken	1
adolescent	1
bek	1
Leeuw	1
fauteuil	1
cassette	1
Venus	1
versterker	1
storten	1
bad	1
Bulgarije	1
sneltrein	1
cappuccino	1
oranjerie	1
eucalyptus	1
atlas	1
winkelcentrum	1
bergbeklimmer	1
roof	1
nadenkend	1
schop	1
neigen	1
kraken	1
dateren	1
angstaanjagend	1
blijvend	1
kerkgenootschap	1
aftakeling	1
Hem	1
griezel	1
verspreken	1
goedendag	1
opgroeien	1
hanteren	1
vertederen	1
in behandeling	1
vacature	1
dagboek	1
smakelijk	1
vertelde	1
talen	1
invoer	1
drie keer	1
punt uit	1
instorten	1
vermoeid	1
put	1
domkop	1
namen	1
stoot	1
binair	1
stok	1
dichtgooien	1
aanstampen	1
schande	1
identificatie	1
ministerie van onderwijs	1
ministerie	1
resoluut	1
boston	1
oppassen	1
schep	1
aannemelijk	1
kalverliefde	1
verwantschap	1
verwarmen	1
softijs	1
lever	1
uitgezocht	1
gevallen	1
schoonmaken	1
vaat	1
wasser	1
inladen	1
pervers	1
Martijn	1
toetje	1
uitdoen	1
ver weg	1
tegenovergesteld	1
creatief	1
dook	1
grenzen aan	1
informeel	1
platform	1
zelfstudie	1
groei	1
verhuur	1
instructie	1
advocaat	1
politieman	1
voetballer	1
boekhouder	1
hagelslag	1
pindakaas	1
friet	1
kroket	1
drop	1
boerenkool	1
isolement	1
bewijs	1
democratisch	1
volledige	1
vezel	1
vezels	1
driekwart	1
vindingrijk	1
vinnig	1
doorkruisen	1
kleiner	1
mistbank	1
keramisch	1
proefkonijn	1
hoorndrager	1
slaperig	1
sprookjesachtig	1
pittoresk	1
waarlijk	1
lieve	1
uitlezen	1
ten opzichte van	1
afkicken	1
supporter	1
lavendel	1
spuit	1
bakje	1
lekker ruiken	1
schuurmiddel	1
meterstand	1
drager	1
schatje	1
lesbisch	1
misleiden	1
anijs	1
gevlucht	1
oordeel	1
sap	1
precair	1
feestje	1
overeenkomen	1
Zuid-Afrika	1
migreren	1
gestructureerd	1
logisch	1
spinnen	1
voelbaar	1
klauteren	1
Turks	1
spreeuw	1
spreeuwen	1
peertje	1
vuurtje	1
rozemarijn	1
kwartje	1
groenachtig	1
blauwachtig	1
Napoleon	1
wat voor een	1
sieraad	1
twijg	1
diaken	1
conditie	1
complot	1
af en toe	1
vouw	1
gevuld	1
ballon	1
snelweg	1
