hver	14
aldri	11
forsettlig	8
brått	8
innhøsting	8
som	8
dessuten	7
jeg	7
skal	7
at	7
eller	7
kvist	6
nærvær	6
et	6
gitt	6
la	6
ved	6
forholdsmessig	6
få	6
med	6
vil	6
innstilt	6
maken	6
kunne	6
vel	6
skulle	6
fordrive	5
slik	5
spørre	5
om	5
fjøs	5
kom	5
bråk	5
litt	5
må	5
ham	5
her	5
være	5
helt	5
disponent	5
av	5
for	5
var	5
gruble	5
inn	5
tine	5
grådighet	5
slåss	4
sett	4
brudd	4
hersker	4
rekke	4
formel	4
knust	4
fra	4
si	4
gi	4
hun	4
tilbake	4
kan	4
angivelig	4
bli	4
etter	4
jo	4
mild	3
du	3
dere	3
rakk	3
behag	3
ubehagelig	3
snu	3
åssen	3
hei	3
gå	3
sammenheng	3
herre	3
atferd	3
brutt	3
over	3
ordentlig	3
tynt	3
kutte	3
uten	3
altfor	3
men	3
bare	3
dette	3
nå	3
min	3
der	3
din	3
ut	3
hvor	3
ikke	3
da	3
og	3
er	3
det	3
på	3
har	3
delta	3
ha	3
alt	3
gjør	3
igjen	3
han	3
deg	3
hva	3
arr	3
haug	3
gjensidig	3
hvorfor	3
særlig	3
opp	3
når	3
takk	3
også	3
nok	3
sammen	3
fordi	3
lindre	3
avskyelig	3
flat	3
presang	3
anledning	3
sta	3
språk	3
mye	3
vie	3
gikk	3
tvinge	2
deretter	2
helst	2
nesten	2
løv	2
avgjørende	2
sinne	2
treffe	2
hest	2
hjemme	2
kun	2
grad	2
konstant	2
analyse	2
øvre	2
adferd	2
vag	2
avlede	2
visse	2
plan	2
planet	2
punktum	2
levekår	2
oppfordring	2
ned	2
kveld	2
fjerne	2
jeg vet ikke	2
tid	2
tidligere	2
lyd	2
hensyn	2
lage	2
slå opp	2
koselig	2
kutte ut	2
hverandre	2
til og med	2
sette	2
vær så god	2
vant	2
hatt	2
med mindre	2
ingenting	2
oss	2
til	2
de	2
straks	2
gjøre	2
får	2
dem	2
meg	2
så	2
flittig	2
gror	2
vassdrag	2
lurt	2
strøk	2
ville	2
hvordan	2
går	2
kanskje	2
nede	2
kjenne	2
sa	2
ingen	2
bra	2
likevel	2
denne	2
henne	2
to	2
ble	2
forsvinne	2
fortelle	2
man	2
selv	2
før	2
overalt	2
verken	2
innom	2
pute	2
erobre	2
svimmelhet	2
altså	2
tenker	2
egentlig	2
kamerater	2
glipp	2
herlig	2
hete	2
fakultet	2
begynnelse	2
dit	2
veldig	2
hund	2
katt	2
pine	2
arv	2
glad	2
avsette	2
spise	2
egne	2
bil	2
skall	2
skje	2
beleilig	2
strev	2
slit	2
liter	2
tritt	2
for øvrig	2
fyll	2
forebygge	2
komplott	2
fatte	2
hende	2
kose	2
trist	2
trøtt	2
gang	2
sulten	2
formue	1
forferdelig	1
spesialitet	1
tjener	1
gøy	1
liv	1
skynde	1
jevnlig	1
nysgjerrighet	1
håndjern	1
svarteliste	1
sverd	1
iallfall	1
nedkjempe	1
rusfri	1
kuk	1
fitte	1
mønster	1
lei	1
drikke	1
kvitt	1
gjenopplive	1
helbrede	1
forbannelse	1
forflytte	1
halvannen	1
ligne	1
visstnok	1
visst nok	1
riktignok	1
tomhendt	1
tigge	1
tigger	1
ille	1
eventyr	1
gjennomsnitt	1
mengde	1
fiende	1
rykte	1
matrise	1
egenskap	1
sans	1
linje	1
punkt	1
bedrift	1
kverke	1
presse	1
doning	1
Hei	1
med på	1
skrå	1
utsatt	1
love	1
vasker	1
brisk	1
forsake	1
vond	1
avstå	1
stelle	1
sage	1
slette	1
hingst	1
avstand	1
fanger	1
vri	1
bevis	1
tall	1
rad	1
beveget	1
svare	1
hevet	1
synke	1
tak	1
sparke	1
lese	1
bruker	1
mann	1
erfaring	1
bred	1
peiling	1
logge	1
røyk	1
spille	1
spill	1
vask	1
drikk	1
lag	1
trenge	1
fullstendig	1
mystisk	1
merkelig	1
vrøvl	1
diger	1
bart	1
hals	1
skuespiller	1
landstryker	1
true	1
tru	1
avhengig	1
prosess	1
innenfor	1
slanke	1
fra hverandre	1
fornøyd	1
jus	1
juss	1
satt	1
sette seg	1
sitte	1
bane	1
sukker	1
parti	1
kutter	1
sosialt	1
lørdag	1
søndag	1
kveker	1
andakt	1
i våre dager	1
slapp	1
vanskelig	1
for så vidt	1
mennesker	1
menneske	1
nei	1
høyt	1
ei	1
papir	1
eneste	1
en	1
den	1
tidlig	1
se	1
Man	1
stikke	1
enkelt	1
rør	1
tape	1
ta	1
utfordring	1
imidlertid	1
tilfelle	1
trass	1
kunnskapsrik	1
hvis	1
alle	1
avhengig av	1
spade	1
eget	1
mente	1
ord	1
hvem	1
seg	1
nor	1
laken	1
bestemme	1
tulle	1
vaier	1
vai	1
fornemme	1
forene	1
god	1
ok	1
hans	1
øve	1
utenlandsk	1
innenlandsk	1
ingensteds	1
skrive	1
det er	1
sunt	1
skade	1
forrige	1
motstående	1
følge	1
klemme	1
klem	1
fører	1
verne	1
lokk	1
elsker	1
brukt	1
uutholdelig	1
etter hvert	1
selv om	1
kjøkken	1
løs	1
svært	1
lur	1
lager	1
pen	1
utarbeide	1
bevegelse	1
beskytte	1
i stad	1
glad i	1
fornuft	1
omfattende	1
alvor	1
handel	1
oppførsel	1
fremdeles	1
måtte	1
Said	1
sak	1
tro	1
holde	1
trening	1
fransk	1
tvil	1
raseri	1
unnskyld	1
attpåtil	1
dermed	1
tenke	1
bok	1
virkelig	1
klokka	1
sort	1
omme	1
lure	1
smertelig	1
skjule	1
vane	1
resterende	1
takket være	1
ta del	1
landbruk	1
gi opp	1
i drift	1
Norsk	1
ubegripelig	1
livaktig	1
begivenhet	1
selvsagt	1
foreløpig	1
åpenbart	1
betong	1
erstatte	1
klare	1
etternavn	1
navn	1
mellomnavn	1
fornavn	1
nasjonalitet	1
land	1
sprak	1
dag	1
uke	1
måned	1
år	1
ukedag	1
fredag	1
mandag	1
morgen	1
billig	1
siden	1
årstid	1
vinter	1
vår	1
sommer	1
høst	1
januar	1
februar	1
mars	1
regntid	1
periode	1
tilårskommen	1
hummer	1
blink	1
akkurat	1
oppsette	1
travel	1
helg	1
per	1
tiår	1
det var en gang	1
kaffe	1
kafé	1
sannhet	1
hjemmearbeid	1
husarbeid	1
natt	1
time	1
pirkete	1
slutt	1
etterpå	1
mellom	1
mange	1
for mye	1
forresten	1
hit	1
av og til	1
under	1
ved siden av	1
bak	1
foran	1
senere	1
cirka	1
både	1
tur-retur	1
plass	1
selvfølgelig	1
øyeblikkelig	1
derfor	1
på grunn av	1
for eksempel	1
eksempel	1
hvilken som helst	1
forsiktig	1
vær så snill	1
alene	1
dessverre	1
hos	1
hver time	1
gjennom	1
andre	1
sånn	1
dersom	1
blant annet	1
unntatt	1
det vil si	1
knapt	1
i tillegg	1
blant	1
ifølge	1
rundt	1
allerede	1
massevis	1
som regel	1
på forhånd	1
i nærheten	1
i stedet for	1
sin egen	1
utenfor	1
for å	1
likestilling	1
drosje	1
fotgjengerovergang	1
busk	1
magi	1
negativ	1
innflytelse	1
beklager	1
edderkopp	1
fugl	1
bjørn	1
elg	1
løve	1
ørn	1
lett	1
nød	1
føle	1
bo	1
med det	1
kjemi	1
stopp	1
elske	1
ofte	1
komme	1
komme inn	1
like	1
best	1
kan ikke	1
le	1
hat	1
Den	1
klokke	1
lide	1
eventuell	1
aktuell	1
heftig	1
skape	1
ga	1
sykkel	1
fly	1
førerkort	1
bile	1
bremse	1
tute	1
tut	1
lov	1
kopp	1
tallerken	1
gaffel	1
gave	1
telle	1
klage	1
øl	1
glass	1
brus	1
drikker	1
vin	1
elv	1
skog	1
ja	1
farlig	1
person	1
mat	1
verden	1
piggsvin	1
champagne	1
hjemmeside	1
gågate	1
dør	1
severdighet	1
brosjyre	1
adresse	1
bindestrek	1
krøllalfa	1
lærebok	1
Norge	1
Japan	1
allting	1
ende	1
kalkun	1
ferdig	1
dra	1
bøker	1
bøk	1
Gutt	1
jorden	1
Løken	1
felles	1
ærlighet	1
tillitsfull	1
motsetning	1
pondus	1
gjorde	1
gjort	1
spurte	1
spurt	1
visst	1
sagt	1
gir	1
likt	1
finnes	1
fans	1
vanligvis	1
hørt	1
tenkt	1
leser	1
leste	1
lest	1
slo	1
slått	1
kjenner	1
kjent	1
drager	1
leker	1
drog	1
dradd	1
ønsket	1
pause	1
kostbar	1
blivende	1
slips	1
orden	1
imponert	1
ugjerning	1
forvrenge	1
seier	1
sverte	1
likeglad	1
makk	1
kjøtt	1
velbehag	1
låte	1
ydmykelse	1
modnes	1
avgjøre	1
tilegne	1
mute	1
furet	1
rammet	1
kompromitterende	1
slurvefeil	1
dugg	1
agere	1
driver	1
anstendig	1
omgjengelig	1
miste	1
forestille	1
fortid	1
i begynnelsen	1
vise	1
ønske	1
legge	1
melde	1
trives	1
sender	1
hus	1
bestandig	1
hvor mange	1
tillegg	1
føre	1
tilstå	1
ad	1
skriver	1
kone	1
hallo	1
stekt	1
ufør	1
annonse	1
ny	1
redskap	1
Unna	1
norsk	1
nær	1
hang	1
tå	1
tann	1
økt	1
Min	1
kos	1
møkkete	1
hyggelig	1
sanger	1
kratt	1
heller	1
skille	1
kantet	1
pronomen	1
spalteplass	1
snuble	1
bruke	1
kjemper	1
redd	1
kledd	1
gjørme	1
gammel	1
vind	1
Amerika	1
mine	1
feil	1
Hjelp	1
hente	1
småkoke	1
tur	1
leilighet	1
fotball	1
hockey	1
håndball	1
innlevering	1
vanvittig	1
forteller	1
forsyninger	1
samme	1
imot	1
bytte	1
enda	1
utrolig	1
sent	1
gjerde	1
fargerik	1
smykke	1
bar	1
bro	1
geni	1
sint	1
syk	1
