سلام	174
بعضی	47
هر	39
روشن	37
شما	17
سریع	14
کیفیت	13
کتاب	12
قربان	11
جز	8
زیبا	8
قدر	6
خاص	6
انجام	6
نیز	6
عشق	6
همین	5
از	5
برگزار	5
مربوط	5
در	4
بلکه	4
نزدیک	4
جهت	4
لازم	4
مادر	4
دور	4
لذت	4
خواهان	3
واسطه	3
کوچک	3
زیاد	3
مکان	3
ترس	3
بردن	3
شهر	3
باشد	3
زیر	3
قدمت	3
ماه	3
اطمینان	3
متقاعد	3
محل	3
پارچه	3
سفر	3
آویزان	3
پسند	3
چتر	3
زمین	3
متوجه	3
ساختار	3
شروع	3
شاد	3
مستمر	3
مگر	3
امتحان	3
رفتن	3
ناراحت	3
باز هم	3
راه	3
درست	3
روز	3
مجبور	3
مرور	3
همیشه	3
من	3
چاق	3
گناه	3
حوصله	3
خیلی	3
نسبتا	3
تقریبا	3
خوب	3
تمرین	3
سرانجام	3
راجع	3
لحاظ	3
سیب	3
اواخر	3
هنوز	3
تولد	3
طبیب	3
عیب	3
بخاطر	3
تدارک	3
فریب	3
انگار	3
اندازه	3
راستگو	3
اختلال	3
پرتاب	3
شبیه	3
انتظار	3
خوشرو	3
حروف	3
احتمال	3
اذیت	3
مقایسه	3
تلاش	3
حجم	3
حسابی	2
ملاقات	2
فریبا	2
پدر	2
شد	2
کلید	2
در گذشته	2
عصبانی	2
بیان	2
گزینه	2
شیء	2
کم	2
مرد	2
آتش	2
کلام	2
طلاق	2
مشارکت	2
توسعه	2
ایده	2
عادل	2
جذب	2
میمون	2
تمرکز	2
تفکر	2
پی	2
نظر	2
ساده	2
تحریم	2
خانه	2
علاقمند	2
داشتن	2
همکاری	2
مدیون	2
مقاومت	2
معروف	2
مختلف	2
نگار	2
روند	2
قشر	2
متناسب	2
مهربان	2
همگی	2
ابتلا	2
بغل	2
دنیا	2
سرای	2
لوس	2
بوسه	2
برهنه	2
صبح	2
شرایط	2
بین	2
خسته	2
بهتر	2
خوشبخت	2
مدیر	2
دلتنگ	2
چک	2
شیر	2
باغ	2
استفاده	2
ابزار	2
بافت	2
رایانه	2
شعور	2
عاشق	2
خدا	2
آن	2
است	2
کاش	2
گل	2
پنکه	2
کجا	2
لطفا	2
خوردن	2
خواستن	2
شنیدن	2
آورد	2
مساوی	2
یعنی	2
آغوش	2
باید	2
منزل	2
فوری	2
چو	2
شانس	2
که	2
زندگی	2
نشاط	2
علف	2
آفتاب	2
راز	2
ریشه	2
جدی	2
غار	2
پیش	2
فراهم	2
گاهی	2
بسته	2
ماهی	2
کردن	2
پا	2
صلح	2
دست	2
معلم	2
مسیر	2
لیکن	2
حاکی	2
کی	2
کدام	2
اتوبوس	2
زبان	2
آسمان	2
همچنان	2
قصد	2
هم	2
گشتن	2
خفاش	2
رود	2
واقعا	2
بسیار	2
حتی	2
کاملا	2
اهل	2
چه	2
پاک	2
برنامه	2
هرم	2
جان	2
برعکس	2
تیز	2
موش	2
صاف	2
نان	2
به خاطر	2
آخر	2
تا	2
موضوع	2
اگر	2
پس	2
زیرا	2
یا	2
اگرچه	2
اغلب	2
موریانه	2
به	2
قهر کردن	2
بازنشسته	2
زباله	2
روایت	2
شوق	2
فریفتن	2
پیام	2
راست	2
جاده	2
فقیر	2
نوش	2
دودل	2
متعلق	2
جلسه	2
حق	2
در حال	2
تعجب	2
بازداشت	2
بامداد	2
شکایت	2
شمشیر	2
ماندن	2
امتناع	2
ذهن	2
مصاحبه	2
آشفته	2
نمایش	2
خنده دار	2
آهنگ	2
مقصد	2
مسابقه	2
مهر	2
سراغ	2
ارتباط	2
تقلید	2
جایزه	2
شاخه	2
جمله	2
مظلوم	2
فاجعه	2
آب	2
رابطه	2
تکان	2
ضمنا	2
غنچه	2
نوازش	2
ارادت	2
وقتی	2
طرح	2
نمک	2
حذف	2
بر	2
فعل	2
مطالعه	2
نقره	2
مشورت	2
مهاجرت	2
عطر	2
بدون	2
زن	2
ایمان	2
پاسخ	2
شک	2
تصور	2
وعده	2
بودن	2
بحث	2
بنابراین	2
تجارت	2
سگ	2
خر	2
درمان	2
قرار	2
رایج	2
قول	2
بلد	2
سبک	2
پرزحمت	2
مشخص	2
رفیق	2
ویژه	2
عاقبت	2
صداقت	2
اصلا	2
حلقه	2
مقدمه	2
اختیار	2
خلاص	2
برف	2
روسری	2
باز	2
مردم	2
ملاحظه	2
باهم	2
خطا	2
امیر	2
درس	2
عوض	2
گویش	2
گردش	2
جمع	2
اعدام	2
جزء	2
کش	2
تهیه	2
اجتناب	2
ظاهر	2
اصلی	2
دوربین	2
دیدار	2
شلیک	2
بشقاب	2
سفره	2
نقشه	2
پنهان	2
کردی	2
پله	2
افسوس	2
همسر	2
کارشناس	2
هزینه	2
استعاره	2
افراطی	2
خشونت	2
منبع	2
تربیت	2
خانم	2
باشکوه	2
فراوان	2
خال	2
درام	1
گوسفند	1
اخلال کردن	1
سفت	1
ژنده	1
موسیر	1
هندو	1
مولانا	1
شکوفه	1
حاشیه	1
مارسی	1
بس	1
خوشوقت	1
موفق	1
تخم مرغ	1
نامه	1
دانسته	1
غافلگیر	1
دلال	1
اجتماعی	1
وفادار	1
خاطره	1
قهرمان	1
واحد	1
رفت	1
پیشنهاد	1
عرضه	1
اطلاعات	1
پایگاه	1
هامون	1
دسترسی	1
خجالت	1
بزرگ	1
ترسیدن	1
ترسو	1
بدنه	1
دریا	1
آبرنگ	1
نقاشی	1
سویا	1
بندر	1
سوری	1
یهودی	1
محبوب	1
فصل	1
مطالعات	1
اعتقاد	1
خست	1
پند	1
تعهد	1
معقول	1
ناز	1
توصیف	1
مشاور	1
منشأ	1
منشا	1
اعتبار	1
قید	1
قیود	1
صدور	1
آلش	1
گیتار	1
بادبادک	1
کرامت	1
تحریک	1
دیکتاتور	1
متمایز	1
روحی	1
اجلاس	1
قلاب	1
تعقل	1
رنگین کمان	1
مایل	1
مرز	1
رعد	1
سطحی	1
جلوه	1
شاخص	1
برو	1
دما	1
موسیقی	1
جهد	1
مقاطع	1
موفقیت	1
جغد	1
تبریز	1
دستگیری	1
برچیدن	1
نهایی	1
انتقال	1
سیگار	1
اسناد	1
نیمه شب	1
معتقد	1
عملا	1
ثبات	1
عمل کردن	1
دشوار	1
میزبان	1
رمیدن	1
مکتب	1
خط	1
غمزه	1
مخرب	1
کسری	1
کسر	1
وصول	1
مطالبات	1
خانوار	1
گزارش	1
متقال	1
هوادار	1
انگبین	1
چنانچه	1
اعلا	1
جستجو	1
ارزان	1
ستان	1
مدرس	1
امن	1
ملاقات کردن	1
هل	1
بو	1
مهم	1
نگاه کردن	1
تخم شربتی	1
مشتاق	1
دشت	1
جالب	1
کنگر	1
صبا	1
فدا	1
عارض	1
ارثی	1
رضایت	1
گلاب پاش	1
محتاج	1
گذشتن	1
زیرنویس	1
متفاوت	1
پرنده	1
استخر	1
ساکت	1
دانشگاه	1
تنخواه	1
نفت	1
فارسی	1
نصف شب	1
اتاق خواب	1
اهالی	1
مناسب	1
کس	1
هموار	1
هشدار	1
نگه	1
چشم	1
سرخ	1
منظم	1
مرتب	1
نامرتب	1
کثیف	1
برابر	1
تب	1
اوضاع	1
ارم	1
برخوردار	1
دیگری	1
اثر	1
آنچه	1
پایش	1
تعامل	1
ویرایش	1
تحویل	1
سیلاب	1
گوینده	1
اندک	1
ناچار	1
اسب	1
درآمد	1
مال	1
ماهتاب	1
انسجام	1
لیوان	1
کولر	1
عسل	1
فرانسه	1
با	1
گران	1
نویسنده	1
گفتن	1
خریدن	1
نشستن	1
حرف زدن	1
تکرار کردن	1
موج شکن	1
در آغوش گرفتن	1
تکمیل	1
ضرر	1
کراوات	1
خویش	1
آرزو	1
محمد	1
ناگهانی	1
دیگ	1
کوه	1
کوهنوردی	1
کون	1
دخل	1
آب نبات	1
تپه	1
ایستادن	1
جامعه	1
پرواز کردن	1
تمرین کردن	1
سخن	1
ترک کردن	1
عقده	1
خود	1
خودت	1
دهاتی	1
مخفی	1
زانو	1
زانو زدن	1
اشتباه	1
حقوق	1
گونه	1
او	1
مجوز	1
میگو	1
طرفه	1
جار	1
کنجکاو	1
بیجا	1
بنابر	1
تحمل	1
قابل تحمل	1
خفقان	1
داغان	1
ذخیره	1
توقیف	1
مودت	1
گسیل	1
کالسکه	1
پارکینگ	1
دوروبر	1
دورو	1
مبادا	1
موجب	1
سوء ظن	1
قواره	1
زیره	1
متمرکز	1
بهمن	1
طاق	1
علوی	1
فسخ	1
بازرسی	1
معاند	1
علی	1
تعرفه	1
اتفاقا	1
خوش آمدید	1
قدس	1
آرد	1
فرهنگ	1
تاب	1
دفتر	1
جواب	1
خون	1
هویت	1
منگنز	1
افسر	1
آنگاه	1
خاندان	1
میله	1
کارمزد	1
لای	1
گله	1
دلبر	1
قبا	1
حکایت	1
برگرد	1
نمود	1
فروشنده	1
دیدن	1
متاسفانه	1
کمین	1
معمار	1
محنت	1
اینکه	1
افزایش	1
دلداری	1
مرتبط	1
لرزیدن	1
لرز	1
آستین	1
گیاه	1
هواپیما	1
تاکسی	1
احسان	1
نارنج	1
تقاطع	1
حمید	1
شتاب	1
انجیر	1
مقررات	1
لم	1
وجود	1
کامل	1
خو	1
یونانی	1
برش	1
پسرک	1
گم شو	1
بیخرد	1
بوسیدن	1
بزرگتر	1
پیله کردن	1
اول	1
دوم	1
بیش از حد	1
زیاده	1
تماما	1
سراسر	1
مخصوصا	1
در واقع	1
غالبا	1
اهمیت	1
انقباض	1
می	1
سنان	1
شهریور	1
هدف	1
اینقدر	1
سوسیالیست	1
نشست	1
ژاپنی	1
ور	1
خفا	1
شکاف	1
انعطاف	1
هیچ وقت	1
منطقه	1
وحید	1
خرج	1
قهوه	1
برجسته	1
دانا	1
بعد از	1
شوید	1
جریمه	1
درباره	1
پایین	1
پشت	1
چون	1
خارج	1
داخل	1
راجع به	1
روی	1
طرف	1
قبل از	1
مانند	1
مثل	1
حوادث	1
قطر	1
مهتر	1
احمر	1
مس	1
شدن	1
پهلوگرفتن	1
انتخاب	1
هنگام	1
ژولیده	1
شاید	1
ولی	1
اما	1
بجز	1
سرگرم	1
محور	1
معمولا	1
قبلا	1
بلافاصله	1
به ندرت	1
فقط	1
کتک	1
میز	1
همچنین	1
برهم	1
پاک شدن	1
سپردن	1
کاربری	1
تهرانی	1
حرام	1
ساغر	1
پیدایش	1
نماد	1
ثروت	1
واسط	1
نایاب	1
وسایل	1
مدت	1
پرسیدن	1
فرع	1
پیوستن	1
شناور	1
معاونت	1
لعنت	1
موقع	1
جنبه	1
شرمنده	1
تجربه	1
مبدل	1
بدگمان	1
قدری	1
امارت	1
قدیمی	1
اتفاق	1
بقیه	1
داوطلب	1
وارد	1
سواری	1
نظم	1
ساحل	1
قفس	1
ساکن	1
معماری	1
تظاهر	1
حاد	1
درب	1
تعلق	1
تامل کردن	1
تامل	1
دیدگاه	1
خراب	1
حاضر	1
درک	1
آراستن	1
اژدها	1
فرمانروا	1
کاخ	1
مشتری	1
خیانت	1
خیانتکار	1
مشکوک	1
پیمان	1
خیانت کردن	1
برده	1
مجذوب	1
اعتدال	1
مجذوب کردن	1
جذب کردن	1
جاذبه	1
اجسام	1
فرماندار	1
فرمانده	1
جبهه	1
اصرار	1
هوسران	1
تسریع	1
رهسپار	1
روانه	1
بیابان	1
یکسره	1
پیشواز	1
عظیم	1
احوال	1
گماشتن	1
پیشکش	1
هرچه	1
سخنرانی	1
شفق	1
اندوهگین	1
افسرده	1
افسردگی	1
آزار	1
رنجور	1
بسیاری	1
طاووس	1
رخ	1
عقد	1
افتادن	1
نیرو	1
صبر	1
فایده	1
اصالت	1
روشنایی	1
آهو	1
خلاق	1
پریشان	1
علت	1
لاغر	1
ناچیز	1
سرسخت	1
تایید	1
خودداری	1
پافشاری	1
وانمود	1
عقل	1
عروس	1
داماد	1
حین	1
ربوده	1
ربودن	1
محله	1
ثبت نام	1
عادت	1
با دقت	1
اطراف	1
تعداد	1
مواد غذایی	1
قنادی	1
جمعیت	1
معرفی	1
راحت	1
لحظه	1
ترجمه	1
فلان	1
فعلا	1
اعلان	1
نخستین	1
شانی	1
سرگردان	1
ساک	1
نشان	1
عمیق	1
ذوب شدن	1
علامت	1
متعال	1
مرام	1
مثلا	1
کرد	1
مربوطه	1
ضعیف	1
راحتی	1
الکی	1
سیارک	1
راه حل	1
زود رنج	1
زندانی	1
شایانی	1
چاپ	1
زنده ماندن	1
رنج	1
بنده	1
عقاب	1
والدین	1
رشید	1
اصل	1
کوچ	1
فاضل	1
مهمان نواز	1
اخمو	1
خشک	1
توضیح	1
تغییر	1
بلوط	1
عبرت	1
تون	1
ذوق	1
سرگرمی	1
لفافه	1
قاطع	1
اتریش	1
گشادن	1
گشودن	1
گشاد	1
روابط	1
قضیه	1
برگ	1
مورچه	1
آسایش	1
ممنون	1
این	1
مخصوص	1
خجسته	1
ممنوع است	1
خراب کردن	1
اجازه دادن	1
موزه	1
یوزپلنگ	1
زنده	1
دولت	1
زیستگاه	1
قانون	1
دوباره	1
کوچولو	1
ناهنجاری	1
خرس	1
کنترل	1
چی	1
تمام	1
هوا	1
گرد	1
ماهی مرکب	1
کاربر	1
مرمت	1
گرگ	1
خط کش	1
بوق	1
عضو	1
انگلیسی	1
گویا	1
غول	1
دانگ	1
مترسک	1
جنگیدن	1
اجناس	1
شعله	1
دیروز	1
قاجار	1
طاقچه	1
مستبد	1
بحران	1
کند	1
جنس	1
یخ	1
تن	1
بود	1
پیچیده	1
حادثه	1
ساختمان	1
توانا	1
افغانستان	1
جلوگیری	1
درد	1
علاقه	1
پیدا	1
گر	1
قضا	1
عقب	1
بازرگان	1
کودک	1
روکش کردن	1
ثبت کردن	1
آوا	1
وزش	1
باد	1
پنجره	1
اسکان	1
افتتاح کردن	1
گلو	1
کاربرد	1
تیتر	1
رد	1
فرار	1
اکران	1
حیات	1
احکام	1
معرفت	1
شمار	1
امام	1
پارتی	1
شعر	1
حدود	1
اخیر	1
میل	1
توهم	1
مست	1
نقره ای	1
خدا حافظ	1
موافقت	1
مزخرف	1
ولو	1
فانی	1
خورشید	1
استیضاح	1
اوقات	1
باور	1
سحر	1
توسط	1
یکشنبه	1
وقت	1
سکان	1
رند	1
بشکن زدن	1
اجاره	1
کوله پشتی	1
کوله	1
محلی	1
مشاهده کردن	1
خودم	1
میهن	1
تخیلی	1
پس از	1
آنکه	1
ادراک	1
حتما	1
تمدن	1
زمستان	1
برانگیختن	1
شفابخش	1
بعدازظهر	1
شبستان	1
باقی	1
شخصیت	1
تلخ	1
جلدی	1
کوشش	1
قبول کردن	1
قبول	1
تلاش کردن	1
موقعیت	1
نوشته	1
گور	1
کبوتر	1
خوشمزه	1
ژتون	1
بیت	1
شتر	1
دانشمند	1
تفکیک	1
حسرت	1
داریوش	1
نفر	1
جانور	1
دلیل	1
صفا	1
عدد	1
چوب	1
چوب لباسی	1
فرش	1
فارس	1
فوت	1
متاع	1
گذراندن	1
همت	1
انزوا	1
دلگیر	1
چگونه	1
راضی	1
دهکده	1
نکته	1
بهار	1
استعفا	1
سعی	1
آخرین	1
بخور	1
سینه	1
معلوم	1
پژواک	1
نیمکت	1
باختر	1
رسانه	1
رمز	1
ایراد	1
نصیحت	1
انتها	1
فضانورد	1
سرایت	1
صرف	1
اصلاح	1
مشهور	1
سرشناس	1
قایق	1
پاشنه	1
کلاغ	1
شلوغ	1
مبتدی	1
نبات	1
پرداز	1
مراجعه	1
دروغ	1
ویژگی	1
الگو	1
اجداد	1
نیا	1
نیاکان	1
مجری	1
لوله	1
سوسک	1
سرشار	1
خواربار	1
نظام	1
عامل	1
ساچمه	1
جور	1
غذا	1
آش	1
هرگز	1
جلو	1
مقابل	1
تلفن	1
دعوا	1
عامیانه	1
حافظه	1
محصول	1
شفاف	1
افتخار	1
ارزیابی	1
تحرک	1
املاک	1
ملک	1
پشم	1
مقدار	1
انتقام	1
شعار	1
خزنده	1
لبریز	1
سمج	1
نمی	1
تاریک	1
حوزه	1
پابرهنه	1
خوش	1
لوازم	1
تجهیزات	1
خیال	1
وارسی	1
شاخ	1
فاقد	1
عمده	1
جریان	1
سیخ	1
مخابره	1
پهلو	1
آستانه	1
اخم	1
لایه	1
آیین	1
نوبت	1
سودمند	1
ترقی	1
پیشرفت	1
انبر	1
خلوت	1
جرعه	1
مشغول	1
وقاحت	1
پژوهیدن	1
تاختن	1
اجاق	1
کوره	1
سعادتمند	1
بیکار	1
باش	1
ضروری	1
سطر	1
بهداشت	1
حماسه	1
رهگذر	1
کارنامه	1
ارتشبد	1
نمره	1
ذوب	1
مسموم	1
با هم	1
همدیگر	1
مغناطیس	1
تجدید	1
ساختن	1
ساخت	1
نه	1
شست	1
اتصالات	1
ماهواره	1
خراش	1
راستین	1
امروزه	1
مرگ	1
مسلک	1
تخیل	1
نرخ	1
ماجرا	1
افکندن	1
اصفهان	1
آکادمی	1
چسب	1
سرور	1
تخت	1
ایجاد	1
فروتن	1
عکس	1
معاصر	1
وجهه	1
ترغیب	1
رخداد	1
قیام	1
منحرف	1
عملکرد	1
کر	1
چاره	1
قنات	1
نامناسب	1
میلاد	1
چالش	1
برهان	1
آسوده	1
تماس	1
عمل	1
دستور	1
زور	1
مشاهده	1
راسخ	1
کبود	1
روح	1
برد	1
خزیدن	1
امید	1
چسبیده	1
سوهان	1
چهره	1
خرافه	1
خفیف	1
حلزون	1
صدف	1
خسیس	1
عازم	1
طبیعتا	1
سمت	1
همیشگی	1
ساده لوح	1
مصالحه	1
سازش	1
زادن	1
آژیر	1
استحقاق	1
عمودی	1
افقی	1
تعصب	1
کنیسه	1
کشیش	1
انحصار	1
جسم	1
نخل	1
ابریشم	1
معما	1
تجسم	1
کننده	1
غنودن	1
مفصل	1
شلیته	1
تسلیت	1
گرویدن	1
چه وقت	1
قول دادن	1
شکار	1
محاسبه	1
تهدید	1
چکامه	1
نگاشتن	1
نهفتن	1
یافتن	1
پیرزن	1
هکتار	1
دفاع	1
ناگهان	1
بخشیدن	1
ذکر	1
موز	1
جزو	1
نغمه	1
کاشی	1
مفید	1
خمیر	1
پریز	1
قلیان	1
خاتمه	1
مشخصات	1
مرحله	1
برخلاف	1
جنب	1
خلاف	1
تولدت مبارک	1
توهین	1
مزاحم	1
موج	1
تمجید	1
مهارت	1
امان	1
شفته	1
حرفه	1
تنبیه	1
سکه	1
قیافه	1
در حقیقت	1
ناشی	1
آغاز	1
تله	1
آواز	1
ریز	1
درجه	1
ملخ	1
غرغر	1
صدراعظم	1
موعد	1
مهلت	1
نقاش	1
سیاره	1
سرآغاز	1
ادعا	1
نهاد	1
گپ	1
کرشمه	1
افراط	1
خلسه	1
اجباری	1
جدا	1
سایه	1
خواهی	1
طمع	1
منو	1
اسطوره	1
بزرگسال	1
سینی	1
طبق	1
نماز	1
علاوه	1
بستگی	1
حجاب	1
خوش اخلاق	1
روشنی	1
علنی	1
تحقیر	1
قیچی	1
کار	1
گفت	1
مزیت	1
وقفه	1
بابت	1
مجانی	1
خویشاوند	1
دوام	1
واقعیت	1
پیامبر	1
ذات	1
بررسی	1
پیوسته	1
باعث	1
زاویه	1
هیجان	1
خوشگل	1
گول	1
وادار	1
گرم	1
گرم کردن	1
خوش شانس	1
توپ	1
آگاه	1
شورا	1
باج	1
معتبر	1
شوم	1
زدن	1
کلاهبرداری	1
پیاده	1
کشتی	1
تخم	1
فشار	1
اشک	1
گلگون	1
جداگانه	1
رسید	1
توانستن	1
قیامت	1
مرداب	1
رایگان	1
منتظر	1
ورزش	1
راد	1
متوقف	1
تعمق	1
استدلال	1
خشن	1
مراقب	1
کره	1
آذرخش	1
رعایت	1
عاقل	1
صفحه	1
درج	1
فعالیت	1
هدر	1
یکی	1
عطاری	1
عطار	1
زرشک	1
خوشبو	1
معطر	1
عطریات	1
صادر	1
قهر	1
آشتی	1
توقع	1
برخورد	1
زحمت	1
پر	1
کتیرا	1
تابش	1
خداحافظ	1
نمایش دادن	1
مربی	1
چوب دستی	1
محکم	1
کوبیدن	1
کوب	1
راهرو	1
جنبش	1
حال	1
شهوت	1
باختن	1
مطبوعات	1
متکبر	1
مغرور	1
حاجی	1
خرطوم	1
مجاب	1
فانتزی	1
الان	1
برنده	1
بومی	1
توفیق	1
سپر	1
ظرف	1
تونی	1
لقب	1
جنایی	1
متخصص	1
جایگزین	1
عهده	1
داوری	1
تشویق	1
بدتر	1
انسان	1
بعدی	1
مهمان	1
سلمان	1
لجوج	1
خصوص	1
ضبط	1
پرونده	1
ساکت کردن	1
سکوت	1
اعتراف	1
شباهت	1
تشابه	1
مشابه	1
تشبیه	1
توجه	1
هوس	1
فهمیدن	1
اشغال	1
مشوق	1
تشویق کردن	1
مشتاق دیدار	1
اشتیاق	1
محشر	1
ناباب	1
حزب	1
حمایت	1
کار کردن	1
تفریط	1
فرصت	1
کبد	1
مفرط	1
افراط کردن	1
همزمان	1
فلک	1
قاچاق	1
نقش	1
پز	1
جنگ	1
فحش	1
صورتی	1
پرستار	1
دریافت	1
امتیاز	1
مبنا	1
کامپیوتر	1
پایان	1
تردید	1
برداشتن	1
دوقلو	1
سامان	1
ضربان قلب	1
تحریر	1
دزدیدن	1
تاج محل	1
نابغه	1
مصدر	1
هیولا	1
مقطع	1
عبور	1
ورشکست	1
فاصله	1
روستا	1
نژاد	1
نژادپرست	1
پایتخت	1
تفریح	1
سردار	1
چرا	1
چای	1
نبوغ	1
غر	1
ترکیب	1
بهتر کردن	1
چاه	1
احمق	1
آدم	1
فرهنگی	1
مفهوم	1
تنوع	1
آرایش	1
نوشابه	1
منعم	1
بازهم	1
نبرد	1
شگفت	1
اره	1
رمق	1
شجاع	1
بچه	1
گرسنه	1
تشنه	1
پوزش	1
فراز	1
دستگاه	1
خواستار	1
طبل	1
زورمند	1
لرزه	1
صحبت	1
چاله	1
گوارا	1
ثلث	1
کلفت	1
مجددا	1
هماهنگ	1
اراده	1
سوراخ	1
خشم	1
بد	1
خرد	1
همراه	1
محوطه	1
اداره	1
تعجب کردن	1
پرستو	1
واردات	1
کسب	1
خاطر	1
صفت	1
مالیات	1
ظریف	1
ظرافت	1
دستگیره	1
معالجه	1
خارش	1
گوش	1
بار	1
غلط	1
دل	1
تنگ	1
دود	1
تنها	1
پخش	1
کلمه	1
اطلاع	1
پرستیدن	1
انگل	1
مردد	1
حماقت	1
ماهیچه	1
عضله	1
اخلاق	1
قطب	1
معیار	1
طبقه	1
مطرح کردن	1
محترم	1
روزگار	1
خورد	1
اخراج	1
همچون	1
کساد	1
وخیم	1
نجیب	1
شی	1
مورد	1
تولید	1
قصه	1
مرزه	1
آیت	1
منجر	1
رفتار	1
تجویز	1
کمد	1
کندن	1
خودکشی	1
شوخ	1
شوخی	1
توزیع	1
بستن	1
هوش	1
مصنوعی	1
تصویر	1
آبرو	1
تمدید	1
واگذار	1
نیستان	1
خار	1
خاردار	1
بهره	1
اعانه	1
تبعید	1
قانع	1
رقابت	1
رقیب	1
زخم	1
کنار	1
نوروز	1
رخت	1
خوار	1
احساس	1
فهیم	1
کشتن	1
تخمین	1
برآورد	1
منظور	1
لخت	1
عریان	1
سرکوب	1
شاهکار	1
زمینه	1
قاشق	1
کشو	1
فربه	1
بجای	1
کاسب	1
ازدحام	1
تشریح	1
پرهیز	1
گوشی	1
آرامگاه	1
سازمان	1
طی	1
مرحمت	1
نامرد	1
ایجاد کردن	1
شیوع	1
آه	1
یواش	1
ساری	1
التهاب	1
حاوی	1
بدجنس	1
اصطلاح	1
سود	1
سلاح	1
مسلح	1
مرتبه	1
مرخصی	1
ناحیه	1
تند	1
جالب توجه	1
آموزش	1
گمراه	1
وحدت	1
شوکران	1
قشون	1
ضمن	1
قصر	1
لغو	1
شیب	1
قاره	1
همان	1
ناشتا	1
برم	1
تقویت	1
مختل	1
دادن	1
سفارش	1
هست	1
رضا	1
پول	1
قرآن	1
جبران	1
خوبی	1
تصویری	1
نیم	1
تو	1
شمرده	1
تزیین	1
کشف	1
مضمون	1
طناب	1
پرچم	1
سرزنش	1
خجل	1
خوشحال	1
خورده	1
با اینکه	1
طلب	1
