tchau	434
oi	257
por favor	132
sim	119
obrigado	114
como vai	104
correr	103
não	63
com certeza	44
bom dia	44
Senhor	42
tudo bem	40
beber	39
olá	38
saúde	35
Senhorita	31
desculpe	31
casa	29
ir	29
boa noite	28
dormir	26
gentilmente	23
ajudar	22
frio	21
carro	21
assim	20
sair	19
onde	17
muito	17
zero	16
um	16
Senhora	16
pegar	16
ver	16
gente	15
desculpe-me	15
ficar	15
comprar	15
então	15
entrar	15
encontrar	14
com licença	14
querer	14
bem	14
dizer	14
ainda	13
demais	13
acordar	13
perigoso	12
amor	12
eu	12
levar	12
fazer	12
cidade	12
sempre	12
embora	11
Eu	11
para	11
passar	11
buscar	11
ter	11
caro	11
de	11
você	11
depois	11
estudar	11
água	11
desistir	11
gato	11
presente	11
que	10
oco	10
daqui	10
vender	10
falar	10
engraçado	10
muito obrigado	10
tirar	10
cachorro	10
segurar	10
isso	10
qualquer	10
descansar	10
quando	10
David	9
antes	9
nós	9
contar	9
chão	9
subir	9
imaginar	9
namorar	9
perder	9
hoje	9
cedo	9
mulher	9
colocar	9
pessoa	9
meu	9
andar	9
casal	8
contudo	8
deixar	8
afetar	8
Casa	8
como	8
aquele	8
pior	8
conhecer	8
poder	8
corrigir	8
trocar	8
gostar	8
até	8
bem-vindo	8
abóbora	8
fora	8
achar	8
dar	8
enquanto	8
escola	8
eu te amo	8
trabalhar	8
parabéns	8
continuar	8
tudo	8
quem	8
vamos	8
reto	7
sol	7
empate	7
cinco	7
jeito	7
certo	7
está	7
menina	7
perto de	7
homem	7
espirrar	7
guitarra	7
lata	7
em	7
Como	7
destacar	7
paz	7
chuva	7
homenagem	7
grosso	7
abordar	7
cair	7
era	7
queda	7
vergonha	7
esse	7
brincar	7
saudade	7
taxa	7
seis	7
armadilha	7
preocupar	7
palavra	7
separar	7
mesmo	7
nada	7
sono	7
perceber	7
afastar	7
lidar	7
pipoca	7
objetivo	7
aproveitar	7
copo	7
trabalho	6
feliz	6
correto	6
procurar	6
receita	6
céu	6
quebrado	6
repolho	6
pesado	6
caixa	6
jogar	6
sou	6
piada	6
namorado	6
sacanear	6
barato	6
explicar	6
dez	6
estragar	6
sete	6
conseguir	6
realizar	6
abandonar	6
ler	6
apenas	6
queimar	6
demonstrar	6
rapariga	6
comparar	6
canção	6
quebrar	6
gerar	6
faltar	6
guardar	6
cu	6
pia	6
bola	6
ele	6
fonte	6
seu	6
todo	6
geralmente	6
chave	6
ansioso	6
arrumar	6
cavar	6
dividir	6
cortar	6
caso	6
compromisso	6
quente	6
chegar	6
escolher	6
derrota	6
triste	6
bater	6
aprender	6
melhor	6
mudar	6
concordar	6
ouvir	6
pato	6
aqui	6
comer	6
devagar	6
qual	6
talvez	6
viajar	6
escrever	6
Sem	5
trazer	5
chutar	5
assumir	5
bêbado	5
vestido	5
combinar	5
aposentado	5
mais	5
constatar	5
compartilhar	5
aguardar	5
tal	5
criar	5
atacar	5
tranquilo	5
passear	5
lento	5
avião	5
pelo	5
selvagem	5
olhar	5
padaria	5
medo	5
lamber	5
sexo	5
Deus	5
areia	5
buraco	5
emprego	5
apagar	5
disponível	5
praia	5
quatro	5
jogo	5
Linda	5
mergulhar	5
rastrear	5
mas	5
tesoura	5
economizar	5
prometer	5
nos	5
Amor	5
experiência	5
pensar	5
gordura	5
diferente	5
banana	5
reparar	5
empresa	5
confiar	5
flor	5
descobrir	5
alcançar	5
ela	5
esta	5
cerveja	5
jornada	5
cérebro	5
cuidar	5
azar	5
além de	5
desempenho	5
restaurante	5
sinto muito	5
arroz	5
já	5
bonito	5
recente	5
inhame	5
melhorar	5
acreditar	5
grande	5
na verdade	5
alguém	5
cadeira	5
tarde	5
derrubar	5
cuidado	5
dia	5
vocês	5
isto	5
ninguém	5
começar	5
errado	5
amanhã	5
disciplina	5
comida	5
amigo	5
de nada	5
brigar	5
acompanhar	5
quase	5
fim	5
hábito	5
veado	5
bacana	5
cansado	5
nem	5
enganar	5
colher	5
brincadeira	5
bunda	5
sustentar	4
leve	4
soneca	4
álcool	4
vez	4
macarrão	4
carregar	4
cooperar	4
tatu	4
minha	4
tinta	4
lua	4
pular	4
varanda	4
polícia	4
pintar	4
fogão	4
único	4
cachecol	4
fermento	4
devolver	4
primazia	4
sem	4
pão	4
mosca	4
fazenda	4
coelho	4
do	4
comum	4
lavar	4
perna	4
enfrentar	4
perfume	4
partir	4
ferir	4
divulgar	4
casaco	4
fraco	4
pele	4
alimento	4
esforço	4
prazer	4
doente	4
Brasil	4
feira	4
fortalecer	4
tinha	4
pôr	4
ensaio	4
complicado	4
observar	4
limpo	4
me	4
esteira	4
cliente	4
prefeitura	4
usar	4
às vezes	4
forte	4
sorte	4
certeza	4
contente	4
parar	4
roubar	4
erguer	4
porque	4
elevador	4
alugar	4
por isso	4
alívio	4
mãe	4
tempo	4
vermelho	4
esperar	4
escorrer	4
tomara	4
tipo	4
boa tarde	4
aula	4
livro	4
claro	4
jornalista	4
correio	4
cabeleireiro	4
coração	4
espiar	4
aliás	4
esperto	4
tão	4
ou	4
bonita	4
bom	4
com	4
conta	4
carinho	4
vinho	4
além	4
lençol	4
nadar	4
divertido	4
insistir	4
conversar	4
parecer	4
espécie	4
planeta	4
governo	4
pessoal	4
chorar	4
lei	4
vir	4
dica	4
borracha	4
caminhar	4
tamanho	4
cera	4
peixe	4
descascar	4
raro	4
chamar	4
fingir	4
até logo	4
dobrar	4
aberto	4
sério	4
vá	4
há	4
banda	4
estar	4
entretanto	4
rir	4
vizinho	4
diverso	4
seguir	4
vestir	4
demorar	4
extrair	4
atender	4
idiota	4
palavrão	4
floresta	4
prazo	4
recuar	4
comprido	4
ruim	4
surgir	4
fugir	4
socorro	4
cabelo	4
resolver	4
baixo	4
porra	4
curral	4
apertar	4
por	4
o que	4
origem	4
moça	4
impedir	4
largo	4
litoral	4
entre	4
Argélia	4
emprestar	4
importante	4
preguiça	4
sentir	4
portanto	4
deitar	4
frase	4
polvo	4
sonho	4
férias	4
estudante	4
fala	4
quanto	4
pessoas	4
animal	4
por que	4
arriscar	4
atrapalhar	4
febre	4
profissional	4
tentar	4
cumprir	4
legal	4
amar	4
meio	4
inveja	4
boa sorte	4
ultrapassar	4
cozinhar	4
beleza	4
gíria	4
olho	4
falso	4
surto	4
atrasado	4
asilo	4
gentil	3
participar	3
levantar	3
amanhecer	3
adulto	3
seco	3
comemorar	3
tropeçar	3
loja	3
terra	3
imposto	3
checar	3
abafado	3
concha	3
plano	3
noz	3
cantar	3
desafio	3
paisagem	3
tartaruga	3
cenário	3
paixão	3
zangado	3
fácil	3
martelo	3
bacia	3
pagar	3
país	3
arrogante	3
faina	3
sublimar	3
hodierno	3
reserva	3
teto	3
inércia	3
modelo	3
viúva	3
multiplicar	3
todavia	3
salto	3
encetar	3
avaliação	3
marca	3
somente	3
sente-se	3
alface	3
companhia	3
saber	3
avançar	3
próximo	3
macaco	3
hospedar	3
falo	3
filho da puta	3
vida	3
professor	3
ano	3
nome	3
azul	3
direita	3
pé	3
bravo	3
equipe	3
Janela	3
drenar	3
escovar	3
esfera	3
rola	3
favela	3
perfeitamente	3
correios	3
virar	3
Pimenta	3
futebol	3
se	3
ladrão	3
gafanhoto	3
sapo	3
computador	3
vingar	3
ventilador	3
agulha	3
linda	3
cobrar	3
banho	3
janela	3
dirigir	3
calçada	3
colar	3
mais ou menos	3
na	3
este	3
pela	3
sobre	3
estamos	3
menino	3
aceitar	3
lhe	3
as	3
tem	3
tubarão	3
lobo	3
empurrar	3
década	3
elas	3
idade	3
neste	3
carne	3
são	3
Jesus	3
Sobre	3
noite	3
ainda bem	3
piscina	3
ganhar	3
sorvete	3
lembrar	3
maluco	3
analisar	3
obter	3
caminho	3
auxiliar	3
transar	3
registro	3
fila	3
dançar	3
magro	3
força	3
famoso	3
ontem	3
deus	3
semente	3
pai	3
espaço	3
maneira	3
relaxar	3
estética	3
evaporar	3
doce	3
luta	3
alegria	3
depressão	3
espada	3
rodovia	3
legenda	3
grade	3
caçar	3
maracujá	3
coco	3
gordo	3
servir	3
vantagem	3
destaque	3
testa	3
para que	3
gritar	3
descer	3
acontecer	3
campo	3
feijão	3
admirar	3
conduzir	3
pressa	3
prestes	3
real	3
estátua	3
agitar	3
dele	3
arrepender	3
resgatar	3
lar	3
acertar	3
expressão	3
ameaçar	3
investigar	3
instrumento	3
ameixa	3
canalha	3
escutar	3
morar	3
esporro	3
desenhar	3
colaborar	3
aço	3
anunciar	3
corrente	3
palhaço	3
tiro	3
lá	3
pisar	3
cobrir	3
querido	3
colidir	3
primavera	3
muito prazer	3
envolver	3
senão	3
porém	3
juro	3
terreno	3
ser	3
pedir	3
manter	3
Marte	3
precisar	3
contigo	3
chover	3
desejar	3
gosto	3
siga	3
ansiedade	3
IA	3
conhecido	3
assar	3
cão	3
adormecer	3
Segunda-feira	3
obedecer	3
pedágio	3
seguro	3
remela	3
neutro	3
leste	3
camada	3
mente	3
mistura	3
inclinar	3
estreito	3
desapontar	3
aí	3
custar	3
esmagar	3
vazio	3
cabeça	3
aprendiz	3
obstáculo	3
rapaz	3
no entanto	3
sabor	3
sob	3
milho	3
atrás	3
visar	3
quer dizer	3
preto	3
bengala	3
viável	3
filha	3
resto	3
patente	3
brasil	3
causa	3
simples	3
encolher	3
responder	3
formar	3
pois	3
canivete	3
devorar	3
difícil	3
barra	3
entreaberto	3
flutuar	3
fim de semana	3
desde	3
cara	3
permitir	3
fígado	3
bocejar	3
amiga	3
elogiar	3
distinção	3
recuperar	3
ameaça	3
ônibus	3
prejudicar	3
dispensar	3
moer	3
trecho	3
susto	3
curto	3
muito bom	3
rei	3
boato	3
jantar	3
também	3
passeio	3
lixo	3
bosta	3
vagina	3
oprimir	3
interior	3
panela	3
agir	3
almoçar	3
uma	3
tu	3
porta	3
sua	3
molho	3
carta	3
bolo	3
tédio	3
eles	3
monge	3
cozinha	3
vermelha	3
ovo	3
cenoura	3
vaca	3
livros	3
cavalo	3
pássaro	3
duro	3
designar	3
café	3
divertir-se	3
normalmente	3
inclusive	3
noivo	3
infelizmente	3
obra	3
doutor	3
morder	3
consulta	3
enviar	3
afirmar	3
passado	3
valorizar	3
bolsa	3
orar	3
tapete	3
caralho	3
sincero	3
apertado	3
balcão	3
declamar	3
mostrar	3
discutir	3
faca	3
semana	3
incentivar	3
gel	3
eis	3
obrigada	3
assustar	3
a princípio	3
pesquisar	3
filhote	3
consertar	3
aposentar	3
borboleta	3
ferro	3
fino	3
além disso	3
peidar	3
pata	3
semáforo	3
cada vez mais	3
contra	3
ligar	3
anel	3
quantos	3
endereço	3
transformar	3
soltar	3
ferramenta	3
planejar	3
vacina	3
amável	3
maravilhoso	3
geleia	3
teste	3
sentar	3
marcar	3
receio	3
sentença	3
vara	3
burro	3
só	3
aniversário	3
esconder	3
permanente	3
dinheiro	3
substituto	3
sorrir	3
receber	3
dever	3
amostra	3
dispor	3
tocar	3
notar	3
compor	3
sumir	3
possuir	3
sonhar	3
pregar	3
combinado	3
lugar	3
corda	3
surra	3
louça	3
madrugada	3
brigadeiro	3
acostumado	3
loteria	3
despertador	3
agasalho	3
abutre	3
sotaque	3
espere	3
Maria	3
tanto	3
saia	3
galho	3
escapar	3
vai	3
repentino	3
lindo	3
caramba	3
após	3
folga	3
ágil	3
escada	3
agora	3
fazer compras	3
desejo	3
fé	3
desviar	3
doença	3
Indo	3
almoço	3
frequentemente	3
apesar	3
apostar	3
placa	3
documento	3
sequer	3
estou	3
cima	3
quadrado	3
filtro	3
aguentar	3
vazar	3
leilão	3
mijar	3
juntos	3
atendimento	3
adiantar	3
nunca	3
valor	3
à toa	3
decorrer	3
problema	3
lenço	3
São Paulo	3
vitrine	3
gorjeta	3
alicate	3
sabe	3
paquerar	3
primeiro	3
gambiarra	3
faixa	3
quarentena	3
Rússia	3
alvo	3
em vez de	3
simpático	3
cheiro	3
misturar	3
batata	3
para sempre	3
recusar	3
gasolina	2
rasgar	2
convento	2
partitura	2
Mundo	2
Japonês	2
Dinamarquês	2
acaso	2
buzina	2
mantra	2
geração	2
barulho	2
preencher	2
espanhol	2
ombro	2
empatar	2
mestiço	2
par	2
rato	2
eletricista	2
feriado	2
dano	2
pesadelo	2
argila	2
competição	2
chupar	2
criatura	2
selva	2
habitat	2
facultativo	2
chuchu	2
rascunho	2
procura	2
mergulhador	2
paraíso	2
concorrência	2
pousada	2
biblioteca	2
significa	2
requerer	2
preciso	2
crer	2
que pena	2
gaveta	2
calmo	2
cevada	2
índice	2
traseiro	2
macio	2
teus	2
azáfama	2
portento	2
presságio	2
salubre	2
gari	2
federal	2
construir	2
inspirar	2
orientar	2
padrão	2
exigir	2
carecer	2
enaltecer	2
fortuna	2
ressuscitar	2
cárcere	2
atenção	2
geral	2
curso	2
habitar	2
remo	2
pusilânime	2
o melhor	2
exceto	2
destino	2
celular	2
aplicativo	2
conversação	2
a toa	2
interessar	2
neta	2
azeite	2
sequestrar	2
concubina	2
erupção	2
deserto	2
parcela	2
conjuntivite	2
presunto	2
salsicha	2
esvaziar	2
massa	2
ponte	2
vezes	2
delicado	2
nojo	2
especular	2
fechado	2
queixar	2
prego	2
esquilo	2
quitar	2
injetar	2
confortável	2
bigode	2
maconha	2
pequeno	2
desilusão	2
amendoim	2
criança	2
esquerda	2
certamente	2
caraterizar	2
magoado	2
amo	2
corretor	2
nove	2
cem	2
mato	2
som	2
marisco	2
merda	2
longe de	2
antigamente	2
sociedade	2
filósofo	2
cruzeiro	2
pista	2
horas	2
olha	2
cruzamento	2
por enquanto	2
abastecer	2
esmeralda	2
adivinhar	2
cá	2
mundo	2
confuso	2
companheiro	2
Mesa	2
dor	2
Massa	2
roteiro	2
pano	2
os	2
gratidão	2
estacionar	2
sutil	2
ação	2
expectativa	2
prender	2
chega	2
rede	2
latir	2
agitado	2
remédio	2
assinatura	2
complexo	2
galinha	2
joelho	2
gelar	2
desabar	2
giz	2
café da manhã	2
despertar	2
velório	2
pelo menos	2
executar	2
framboesa	2
aluguel	2
eficiente	2
indispensável	2
greve	2
diferença	2
amizade	2
bilhete	2
impor	2
solidão	2
fio	2
fio elétrico	2
fel	2
mensagem	2
acolhedor	2
exercitar	2
escorregadio	2
hóstia	2
outro	2
três	2
da	2
quarto	2
no	2
recipiente	2
teu	2
artigo	2
vosso	2
aquela	2
laranja	2
tirante	2
jornal	2
inglês	2
português	2
tigre	2
leite	2
inseto	2
cebola	2
cobra	2
senha	2
a gente	2
veio	2
imprimir	2
atividade	2
senhor	2
enterro	2
estas	2
és	2
formiga	2
abelha	2
vaidade	2
prova	2
rês	2
Conseguir	2
garotinha	2
Igreja	2
oficina	2
academia	2
roxo	2
inépcia	2
melancólico	2
educação	2
ciumes	2
colchão	2
travesseiro	2
cinzeiro	2
estrangeiro	2
coisa	2
baixar	2
correção	2
atropelar	2
arrotar	2
tossir	2
carrapato	2
comportamento	2
idioma	2
acelerar	2
encher	2
ali	2
atrasar	2
engenheiro	2
primeiramente	2
quartel	2
especificação	2
carga	2
dados	2
ou seja	2
moto	2
manutenção	2
negar	2
Coreano	2
rosnar	2
ao mesmo tempo	2
invadir	2
assoprar	2
xícara	2
recompensa	2
pelos	2
dificilmente	2
algumas	2
Praia	2
prato	2
couro	2
Sangue	2
avaro	2
vernáculo	2
vassoura	2
lista	2
tomada	2
frear	2
picolé	2
querida	2
agarrar	2
vitória	2
barro	2
abraçar	2
argumento	2
desfile	2
intervalo	2
apresentação	2
talento	2
mercado	2
apresentar	2
representação	2
pesquisador	2
vasilha	2
corpo	2
terapia	2
forma	2
gripe	2
consequência	2
canela	2
reclamar	2
repreender	2
tênis	2
posto de saúde	2
esqueleto	2
investir	2
caipirinha	2
palestrante	2
arte	2
individual	2
tribunal	2
surpreendente	2
estupro	2
gozo	2
peito	2
seio	2
foder	2
mamadeira	2
justiça	2
linguiça	2
revolver	2
escudo	2
ambiguidade	2
apodrecer	2
ciúmes	2
pedalar	2
cueca	2
chinelo	2
sofá	2
casco	2
velocidade	2
próprio	2
raptar	2
tia	2
baú	2
estacionamento	2
coçar	2
esfregar	2
Amazonas	2
alertar	2
tecnologia	2
voltar	2
ao	2
gelo	2
cuspir	2
ao invés	2
respirar	2
libra	2
através	2
torneira	2
ciência	2
cheio	2
fornecer	2
desde que	2
referência	2
alfabeto	2
imprensa	2
distante	2
espalhar	2
Logo	2
viver	2
responsabilidade	2
resistir	2
corrida	2
queijo	2
torcer	2
suportar	2
atencioso	2
sofrer	2
sabonete	2
ralar	2
extra	2
garota	2
estatua	2
prejuízo	2
anti-inflamatório	2
psicopata	2
digitar	2
vítima	2
quilo	2
alho	2
enfatizar	2
caderno	2
serviço	2
semelhante	2
nocivo	2
fritar	2
frescura	2
final	2
empenhar	2
golpe	2
gênio	2
chácara	2
amarrar	2
balançar	2
costura	2
fofocar	2
alias	2
era uma vez	2
desagradável	2
oculista	2
costas	2
orca	2
médium	2
galicismo	2
qualquer coisa	2
dois	2
italiano	2
francês	2
música	2
tragar	2
esfriar	2
tradicional	2
por exemplo	2
amêndoa	2
pêssego	2
azeitona	2
maravilha	2
felicidade	2
vírgula	2
teor	2
a bordo	2
queixa	2
tangerina	2
sugerir	2
dança	2
temperatura	2
verão	2
tempero	2
ápice	2
russo	2
matéria	2
tratamento	2
luto	2
macacão	2
turba	2
Trabalho	2
fatia	2
motel	2
flexibilidade	2
destruição	2
dilema	2
reagir	2
reciprocidade	2
abranger	2
essa	2
Macaco	2
cidadão	2
alemão	2
História	2
frente	2
recuperação	2
caça	2
corromper	2
ruiva	2
campeonato	2
cada	2
estilo	2
coluna	2
alguns	2
manada	2
aparte	2
sucedâneo	2
bulício	2
coevo	2
conviver	2
agradecido	2
tentativa	2
eleger	2
serrote	2
pá	2
vontade	2
aposta	2
taro	2
sebo	2
Wikipédia	2
Alcorão	2
expor	2
Ajuda	2
entender	2
doer	2
carteira	2
proteger	2
antípoda	2
valer	2
tomar	2
reunião	2
decidir	2
conjugar	2
vencer	2
infortúnio	2
prospecto	2
entrada proibida	2
hino	2
nostálgico	2
probidade	2
tecer	2
ignorar	2
estender	2
imóvel	2
incansável	2
aposentadoria	2
em breve	2
transbordar	2
rodada	2
contexto	2
visitar	2
língua	2
quão	2
um pouco	2
fita	2
digital	2
repensar	2
rumo	2
atenciosamente	2
Carnaval	2
oeste	2
desvio	2
empáfia	2
canoro	2
parceiro	2
provavelmente	2
nó	2
tornar-se	2
consolo	2
assim mesmo	2
escala	2
já que	2
grávida	2
sorriso	2
chulé	2
pinto	2
velho	2
umbigo	2
japonês	2
entediado	2
miúdo	2
joaninha	2
brasileiro	2
elogio	2
chato	2
prenda	2
oito	2
vós	2
virilha	2
crase	2
onomatopeia	2
neerlandês	2
lagoa	2
calor	2
comparecer	2
porcaria	2
repousar	2
requisito	2
pepino	2
foda-se	2
comunicar-se	2
desculpar-se	2
quadro	2
estado	2
mico	2
sueco	2
muro	2
feroz	2
risada	2
notícia	2
retângulo	2
tudo bom	2
foz	2
equivalente	2
igreja	2
amiúde	2
desiludir	2
dispositivo	2
frasco	2
mirim	2
grão de bico	2
brilhar	2
turno	2
imagem	2
bando	2
iniciar	2
uvas	2
performance	2
mar	2
lida	2
sangria	2
mentiroso	2
velcro	2
revoltado	2
quaisquer	2
educador	2
feita	2
direito	2
maçaneta	2
órgão	2
minhas	2
o senhor	2
aquecer	2
raivoso	2
consigo	2
arrepio	2
VI	2
aquilo	2
logo	2
algo	2
demanda	2
Man	2
oncologista	2
solidário	2
do outro lado	2
voz	2
mesmo que	2
parado	2
mapa	2
estudo	2
estação do ano	2
informar	2
Cristo	2
desanimar	2
desânimo	2
repouso	2
superar	2
besteira	2
filho	2
guardanapo	2
engano	2
colmeia	2
altura	2
sensação	2
tua	2
título	2
aonde	2
pasta	2
carvão	2
seguidamente	2
acha	2
paciente	2
não importa	2
módico	2
pairar	2
vestiário	2
vinhedo	2
moradia	2
diferir	2
casca	2
carrinho	2
encantado	2
lanchonete	2
alimentação	2
adicionar	2
por acaso	2
metro	2
caju	2
devido	2
injeção	2
bom apetite	2
camelô	2
rude	2
estão	2
merenda	2
origami	2
ortopedista	2
curativo	2
tecido	2
punir	2
material	2
palestra	2
ambos	2
meter	2
madeira	2
raio	2
agente	2
aleatório	2
polegada	2
combustível	2
mesa	2
grupo	2
asma	2
adiante	2
bala	2
consolar	2
cravo	2
sussurrar	2
amealhar	2
adotar	2
fisioterapeuta	2
outros	2
apelo	2
diante	2
isopor	2
fedido	2
lote	2
calar	2
meio de transporte	2
caroço	2
pênis	2
Pinto	2
anal	2
uso	2
maior	2
amanhã de manhã	2
acostumar	2
financiamento	2
milionário	2
durar	2
intenso	2
costume	2
despir	2
cheirar	2
calma	2
assinar	2
sentido	2
dom	2
condimentado	2
morto	2
face	2
favor	2
aperfeiçoar	2
constituir	2
vaga	2
benção	2
acumular	2
integridade	2
ampliar	2
renovar	2
ânimo	2
ora	2
expulsar	2
anjo	2
honestamente	2
igual	2
abertura	2
peculiar	2
menstruação	2
piedade	2
guerra	2
arapuca	2
batida	2
disponibilizar	2
prestar atenção	2
mochila	2
causar	2
forno	2
relatório	2
avaliar	2
seca	2
em frente	2
num	2
liquidificador	2
pagamento	2
transmitir	2
conveniência	2
lucro	2
pena	2
libertar	2
celeste	2
pátria	2
extinção	2
avelã	2
peido	2
futuro	2
recentemente	2
mão	2
nenhuma	2
alcance	2
verde	2
estorno	2
culpa	2
bolha	2
fale	2
morte	2
cada coisa	2
rodar	2
livre	2
interface	2
somar	2
assustado	2
culpado	2
atingir	2
traçar	2
deficiente	2
Tom	2
absolutamente	2
meio dia	2
discar	2
quiosque	2
estalar	2
esgotar	2
prosseguir	2
controlar	2
Razão	2
estimar	2
bigorna	2
ei	2
praga	2
para mim	2
pertencer	2
percurso	2
regra	2
dolorido	2
reconhecer	2
açúcar	2
pressionar	2
compreender	2
campeão	2
processo	2
refeitório	2
nem sequer	2
conectar	2
gravar	2
existir	2
desesperado	2
plantar	2
reduzir	2
despedir-se	2
solicitar	2
irresponsável	2
ódio	2
lagosta	2
imobilizar	2
meta	2
esperma	2
orgasmo	2
ejacular	2
jovem	2
empresário	2
bumbum	2
nádegas	2
nádega	2
serrar	2
ter que	2
fundo	2
final de semana	2
Portugal	2
canhoto	2
sobreviver	2
restaurar	2
adeus	2
Sena	2
desígnio	2
festa	2
camaradagem	2
rápido	2
escombros	2
supermercado	2
composto	2
cientista	2
capivara	2
entregar	2
depender	2
menos	2
ostra	2
humano	2
médico	2
assistir	2
família	2
esquecer	2
gay	2
surpreender	2
cocô	2
abajur	2
praias	2
conceder	2
junta	2
erro	2
manteiga	2
morango	2
ovos	2
promover	2
higiênico	2
saudades	2
deitado	2
turbulência	2
motorista	2
resistente	2
característica	2
prol	2
guri	2
aproximadamente	2
maçã	2
suco	2
elefante	2
biscoito	2
frango	2
universidade	2
porco	2
sobejo	2
aplicar	2
entrada	2
depoimento	2
enxugar	2
desculpa	2
a tempo	2
corajoso	2
falta	2
sexy	2
refletir	2
tanto faz	2
cédula	2
chance	2
atravessar	2
escuro	2
xingar	2
acabar	2
lembranças	2
confiança	2
show	2
passarela	2
artista	2
aborrecer	2
de fato	2
suave	2
desgraça	2
cemitério	2
abaixar	2
cerca	2
melhoramento	2
principiante	2
cultura	2
absorvente	2
urubu	2
namoro	2
linha	2
de onde	2
derreter	2
fumaça	2
aprimorar	2
bruxa	2
encostar	2
cansaço	2
jabuticaba	2
mala	2
óculos	2
de quem	2
quadriculado	2
aprontar	2
canto	2
acorde	2
colecionar	2
plataforma	2
texto	2
tigela	2
até agora	2
navio	2
esporte	2
analógico	2
rota	2
abóbada	2
apelido	2
juros	2
poderoso	2
reportagem	2
troféu	2
buzinar	2
indeciso	2
uva	2
original	2
embarcar	2
efeito	2
satisfazer	2
carreira	2
convidar	2
recrutar	2
nossa	2
rua	2
áudio	2
acredite	2
farinha	2
dedicado	2
resumo	2
avisar	2
seja	2
semestre	2
falha	2
parêntese	2
algures	2
acuidade	2
roda	2
haver	2
si	2
dono	2
nosso	2
prever	2
julgar	2
provisório	2
estourar	2
detector	2
provar	2
cultural	2
marionete	2
decorar	2
vazamento	2
mudança	2
preconceito	2
burra	2
podar	2
cupim	2
formação	2
paraplégico	2
depressa	2
axila	2
algemas	2
freira	2
especialmente	2
desconto	2
lazer	2
tampa	2
ornitorrinco	2
boca	2
ansiar	2
mexer	2
cabana	2
motivar	2
rotina	2
estuprar	2
dizimar	2
veterinário	2
heterossexual	2
classe	2
fitar	2
camisa	2
apoiar	2
amassar	2
limpar	2
carrapicho	2
placar	2
cambalhota	2
caneta	2
sem parar	2
publicar	2
lanche	2
camponês	2
mestrado	2
Fernando	2
descarregar	2
fluente	2
perseverança	2
simpatia	2
urgente	2
retirar	2
elegante	2
de acordo com	2
desgastar	2
garçonete	2
garfo	2
agendar	2
afirmação	2
cofre	2
girar	2
região	2
incômodo	2
membro	2
demasiado	2
bancário	2
parte	2
refém	2
experimentar	2
merecer	2
percorrer	2
o meu	2
calção	2
raciocínio	2
Rui	2
inteligente	2
arame	2
apaixonado	2
anca	2
carruagem	2
desabafar	2
cochichar	2
furtar	2
volante	2
extraviar	2
tremendo	2
jusante	2
esteira rolante	2
picareta	2
aparecer	2
topar	2
doido	2
rocha	2
atalho	2
tomar cuidado	2
pegar fogo	2
advogado	2
velejar	2
disse	2
apesar de	2
criativo	2
convite	2
ausência	2
prateleira	2
daqui a pouco	2
localização	2
alentar	2
necessitar	2
exprimir	2
engasgar	2
gerente	2
propina	2
romance	2
batalha naval	2
raiva	2
fornecedor	2
polinizar	2
sintoma	2
excepcional	2
guidão	2
faça	2
atraso	2
camarada	2
junto a	2
devassa	2
talentoso	2
malhar	2
bens	2
faculdade	2
omissão	2
sentir falta	2
pare	2
Graça	1
pequena	1
moda	1
rancho	1
síndico	1
camarão	1
eletrocutar	1
prontuário	1
fichário	1
procriar	1
parente	1
jurar	1
focar	1
Canadense	1
Inglês	1
argelino	1
tunisiano	1
Tunísia	1
Sueco	1
Suíço	1
descanso	1
estímulo	1
a partir de agora	1
motivação	1
dobradiça	1
Redonda	1
polvilho	1
frouxo	1
animado	1
pobreza	1
sobrenatural	1
harmonia	1
evolução	1
civilização	1
tomar emprestado	1
agência	1
masturbação	1
masturbar	1
diariamente	1
gozar	1
noiva	1
recolher	1
necessário	1
argola	1
acenar	1
grau	1
comemoração	1
comemorativo	1
ciclovia	1
comprometer	1
misterioso	1
planos	1
dia de folga	1
penso	1
turma	1
encontro	1
alento	1
boquete	1
viciado	1
adolescente	1
insensatez	1
ocioso	1
inutilidade	1
prendedor	1
spin	1
principalmente	1
italiana	1
suco de laranja	1
guiar	1
ter de	1
arrepiar	1
roçar	1
balsa	1
recomendações	1
disfarçar	1
inocente	1
chute	1
luz	1
preocupado	1
telhado	1
marreta	1
produtividade	1
mioma	1
ginástica	1
por volta	1
alegre	1
Raimundo	1
folha	1
carambola	1
estimular	1
ordenado	1
esquerdista	1
picar	1
mal intencionado	1
desempacotar	1
fórmula	1
metrô	1
Submarino	1
a priori	1
sinergia	1
ruga	1
iluminar	1
exibir	1
indivíduo	1
grilhão	1
suicidar	1
considerar	1
magnânimo	1
seduzir	1
carpinteiro	1
carpintaria	1
Jerusalém	1
exaltar	1
vintém	1
louvar	1
glorificar	1
sepulcro	1
propósito	1
marcha	1
desencantar	1
conservar	1
aramaico	1
calo	1
canoa	1
menear	1
avó	1
efetivamente	1
descansado	1
do que	1
mais tarde	1
ficção	1
querendo ou não	1
degradação	1
planta	1
morta	1
excelente	1
orgulhoso	1
enrolado	1
passo a passo	1
soja	1
bairro	1
petisco	1
bisavó	1
de cabeça pra baixo	1
terrorismo	1
pão integral	1
Papai Noel	1
despejo	1
atropelamento	1
em companhia de	1
encosta	1
feliz ano novo	1
a propósito	1
inventar	1
criminosa	1
fofoqueira	1
ficha	1
assalto	1
anistia	1
indenização	1
projeto	1
Sudão	1
avô paterno	1
ameno	1
desarranjo	1
convexo	1
muito tempo	1
sacrifício	1
cerâmica	1
lagarto	1
anta	1
dívida	1
berro	1
painel	1
latido	1
reflexão	1
advertir	1
vigor	1
teimoso	1
admitir	1
perigosamente	1
excerto	1
ter medo	1
desiludir-se	1
branco	1
fisco	1
Receita Federal	1
política	1
liso	1
condicionador	1
propaganda	1
aviso	1
envelhecer	1
espingarda	1
concessão	1
oxalá	1
telefone	1
sala de jantar	1
pintada	1
bege	1
transferência	1
imersão	1
anuário	1
empresas	1
falência	1
praça	1
desintegrar	1
desagregar	1
inerte	1
reprimenda	1
escova	1
mil	1
redondo	1
entardecer	1
assessor	1
cara de pau	1
inteiro	1
implícita	1
declive	1
inclinação	1
girino	1
filosofia	1
impacto	1
autônomo	1
programar	1
freezer	1
deliciosa	1
petroleiro	1
dias	1
duas	1
edifícios	1
sapato	1
entrevista	1
nossos	1
saída	1
pecuária	1
capital	1
perto	1
Vancouver	1
sensual	1
procurador	1
água benta	1
favorito	1
conjugação	1
impotente	1
viagem	1
cor	1
Ordem	1
gravador	1
fixo	1
junte	1
coro	1
chefe	1
batatas fritas	1
melancia	1
Pepino	1
sobremesa	1
perfeito	1
moto-serra	1
lona	1
transitório	1
taça	1
escoamento	1
escoar	1
vértebra	1
acampamento	1
tênue	1
perturbação	1
em frente a	1
espera	1
rede de pesca	1
coleira	1
entupido	1
autógrafo	1
faxineira	1
casca de banana	1
abrir	1
diário	1
mesmo assim	1
sauna	1
previsão do tempo	1
parque infantil	1
patins	1
Escritório	1
suéter	1
mosquito	1
pernilongo	1
adição	1
seção	1
especulação	1
livre arbítrio	1
anelar	1
soberba	1
termodinâmica	1
DNA	1
mudar-se	1
vingador	1
cochilar	1
rabeca	1
coragem	1
coincidência	1
por dia	1
espia	1
lua cheia	1
pulgas	1
limo	1
multa	1
embaixo	1
escorregar	1
cáqui	1
trava	1
amarra	1
flexível	1
pintor	1
prancheta	1
ceticismo	1
democracia	1
ao redor	1
barreira	1
respeito	1
convivência	1
relatar	1
iniciativa	1
insônia	1
lítio	1
condutor	1
amargura	1
longevo	1
longevidade	1
a cada	1
catalisador	1
energizar	1
gratuito	1
pavimento	1
remova	1
enfim	1
cortina	1
HIV	1
menor	1
ácido	1
jardim	1
fugitivo	1
assaltante	1
belo	1
manhã	1
novo	1
sabia	1
seguida	1
mate	1
vossa	1
nova	1
trovoada	1
ligação	1
egoísta	1
uns	1
umas	1
boa	1
cozinheiro	1
chocolate	1
chinês	1
poema	1
aranha	1
velha	1
leão	1
chá	1
armário	1
loiro	1
realidade	1
sistema decimal	1
esgaravatar	1
namorada	1
autocrítica	1
mesma	1
eterno	1
gargarejo	1
evangélico	1
padre	1
espírita	1
patinar	1
deprimente	1
estes	1
nisto	1
carne vermelha	1
somos	1
homens	1
mulheres	1
cavalos	1
animais	1
instar	1
presunção	1
fugacidade	1
passageira	1
transitoriedade	1
brevidade	1
úbere	1
fértil	1
desmazelo	1
neologismo	1
deificar	1
bancarrota	1
paul	1
pântano	1
simbolizar	1
arremedar	1
incentivo	1
açougue	1
pronto-socorro	1
açougueiro	1
alfaiate	1
balconista	1
encanador	1
esportista	1
encantador	1
intermediário	1
palavras	1
gata	1
corrimão	1
oportunidade	1
desbloquear	1
transeunte	1
adelgaçar	1
neurastenia	1
cibório	1
benemérito	1
lúgubre	1
ablução	1
periquito	1
terrível	1
toca	1
gol	1
estabelecer	1
colcha	1
ente	1
preparar	1
descrição	1
pronunciar	1
punheta	1
amenizar	1
inferno	1
enamorado	1
portão	1
esperantista	1
violão	1
poliglota	1
irritado	1
rico	1
navegante	1
ultimato	1
corpus	1
metonímia	1
ultimamente	1
levantar-se	1
utensílios de cozinha	1
por nós	1
entrevistado	1
costurar	1
rebordo	1
concurso	1
sopé	1
fiscalizar	1
engenharia	1
binômio	1
pixel	1
dorminhoco	1
licitação	1
licitar	1
tema	1
Dados	1
recomendação	1
conhecida	1
miserável	1
variado	1
coitado	1
abençoar	1
guloso	1
teimar	1
calcar	1
calçar	1
medicar	1
estômago	1
sede	1
amarelo	1
rebaixado	1
auge	1
designação	1
sumário	1
assoviar	1
trajeto	1
rock	1
sobrinho	1
tio	1
situação	1
audiência	1
navegar	1
união	1
responsável	1
doar	1
sesta	1
chateado	1
fama	1
agora mesmo	1
de bom grado	1
necessariamente	1
passada	1
sintético	1
babosa	1
creme	1
costumes	1
modestamente	1
lograr	1
Rádio	1
pimenta	1
glória	1
calça	1
veneno	1
desgraçado	1
mandar	1
servo	1
estadual	1
posterior	1
esmurrar	1
chaminé	1
ilusão	1
especial	1
comunidade	1
embrulhar	1
jacaré	1
piranha	1
aprovar	1
engrandecer	1
marrom	1
palco	1
apropriado	1
interação	1
lúdico	1
espontâneo	1
exposição	1
visual	1
torresmo	1
convidado	1
ilustrador	1
maestro	1
raça	1
representatividade	1
negro	1
religiosidade	1
naquele	1
furto	1
copiar	1
contralto	1
varal	1
varejo	1
desafiador	1
inscrever	1
biologia	1
molécula	1
molecular	1
psicologia	1
terapeuta	1
aquarela	1
chapada	1
chamada	1
desde então	1
odiar	1
suavidade	1
pintura	1
incerteza	1
melodia	1
recital	1
hospício	1
celulose	1
pinho	1
pinheiro	1
seringueira	1
que tal	1
antigo	1
adquirir	1
solene	1
transportadora	1
disponibilidade	1
sortudo	1
trânsito	1
desse	1
recanto	1
alpinismo	1
liberado	1
eu mesmo	1
nós dois	1
revisão	1
vagões	1
trilhos	1
indício	1
gerir	1
giro	1
briga	1
Bravo	1
boiada	1
certificado	1
gana	1
colorir	1
canteiro	1
estranhar	1
receptor	1
assado	1
favorita	1
pró	1
setor	1
exposições	1
arvoredo	1
regional	1
quarteto	1
mostra	1
pitada	1
convicção	1
prostituir	1
esporão	1
apreensão	1
preocupação	1
felizmente	1
autoestima	1
teta	1
peitos	1
amortecer	1
apagador	1
arma	1
ferradura	1
verificar	1
tornozelo	1
votar	1
rodoviária	1
genro	1
nora	1
sogro	1
cunhado	1
visita	1
herdar	1
bloco	1
solidificar	1
astro	1
réplica	1
nome próprio	1
corvo	1
emendar	1
ocupar	1
provocar	1
prolongar	1
ordenar	1
referir-se	1
receitar	1
ajustar	1
como se	1
policia	1
centro da cidade	1
construção	1
transformação	1
friccionar	1
salva-vidas	1
talismã	1
surpresa	1
jaula	1
pensão	1
grátis	1
farmácia	1
fezes	1
ferimento	1
divindade	1
missão	1
alongar	1
posto de gasolina	1
mangueira	1
fantasia	1
bruto	1
sigla	1
abreviação	1
aplainar	1
vista	1
aumentar	1
diminuir	1
crescer	1
milagre	1
informação	1
menstruar	1
ejaculação	1
zíper	1
automático	1
caixa eletrônico	1
cárie	1
manifestar	1
suspiro	1
ribanceira	1
as vezes	1
centavo	1
mestre	1
suspirar	1
Damasco	1
casa de câmbio	1
geladeira	1
bicicleta	1
estrada	1
exame	1
calcanhar	1
envelope	1
cigarro	1
averiguar	1
propriedades	1
mês	1
fraqueza	1
restar	1
assim que	1
daqui a	1
desafiar	1
licenciatura	1
círculo	1
menopausa	1
inchar	1
genérico	1
enxaqueca	1
analgésico	1
anestésico	1
antipirético	1
fuzil	1
rifle	1
campus	1
restrito	1
vigilante	1
marca registrada	1
PT	1
espeto	1
miar	1
aplaudir	1
controle remoto	1
menu	1
refrigerante	1
a favor	1
solteiro	1
nativo	1
aliança	1
bandeira	1
palito	1
caveira	1
sola do pé	1
skate	1
sagu	1
ponto	1
avançado	1
andar de bicicleta	1
cotovelo	1
definir	1
machucar	1
testemunho	1
miau	1
outra coisa	1
faxina	1
petróleo	1
refugiado	1
camundongo	1
petulante	1
insolente	1
oferecer	1
toucinho	1
refresco	1
educado	1
traduzir	1
sofrimento	1
abraço	1
beterraba	1
padroeiro	1
aminoácido	1
procurado	1
morrer	1
entrega	1
fiscal	1
bainha	1
salário	1
pelado	1
seguinte	1
terror	1
comédia	1
excursão	1
cancelar	1
sangrar	1
suspeitar	1
agenda	1
salgado	1
feito	1
escrito	1
dito	1
ocupado	1
esperança	1
trabalhadora	1
gesto	1
crescendo	1
otorrino	1
longe	1
detrás	1
bife	1
ai	1
esperteza	1
entornar	1
ativar	1
decompor	1
vidro	1
brilhante	1
em andamento	1
dantes	1
sofrendo	1
frondoso	1
empinar	1
substância	1
aceso	1
liderar	1
comportar	1
ilha	1
operar	1
amedrontar	1
bengali	1
publicado	1
banheiro	1
migração	1
Baco	1
bacon	1
inventário	1
pincel	1
treino	1
exercício	1
cirurgião	1
distância	1
nevar	1
paletó	1
fofoca	1
magistral	1
aipim	1
deixa	1
nabo	1
transa	1
hálito	1
ferreiro	1
empregada doméstica	1
cantor	1
faz	1
Padeiro	1
passatempo	1
amigos	1
clube	1
coser	1
sensitivo	1
sensível	1
consoante	1
contato	1
careta	1
natureza	1
Cristo Redentor	1
Ponta Delgada	1
pedido	1
acerto	1
artesanato	1
artesão	1
raridade	1
pressentir	1
sonhador	1
conquista	1
ambulante	1
imponente	1
vinheta	1
Itália	1
polonês	1
caipira	1
conservadorismo	1
intolerância	1
interferir	1
líder	1
mais devagar	1
principal	1
ingrediente	1
Mancha	1
retardado	1
engravidar	1
video	1
vídeo	1
vomitar	1
Polônia	1
elegível	1
Atlas	1
muitas	1
desligar	1
exato	1
concerto	1
manteiga de amendoim	1
pistache	1
amora-preta	1
cereja	1
mirtilo	1
planejado	1
TA	1
todos	1
saudável	1
cadela	1
acupuntura	1
repetidor	1
incompetente	1
mentira	1
prato principal	1
iene	1
piano	1
funk	1
samba	1
escritor	1
recomendável	1
jiló	1
cinema	1
atriz	1
ator	1
outono	1
tender	1
ressaca	1
pomar	1
margarida	1
girassol	1
bem-te-vi	1
turdo	1
surfe	1
automobilismo	1
motor	1
parapente	1
patim	1
ponteiro	1
à medida que	1
relativa	1
relacionado	1
solstício	1
a favor de	1
fetal	1
segurança	1
telefonar	1
bônus	1
pena de morte	1
maneiro	1
usado	1
contrabaixista	1
apreciar	1
pinta	1
atitude	1
excluir	1
palheta	1
bermuda	1
astrologia	1
diretor	1
Gêmeos	1
escritório	1
repetição	1
cansar	1
confundir	1
títere	1
salada	1
pulmão	1
ingresso	1
Estranho	1
batizar	1
engordar	1
escoteiro	1
identificar	1
adiantado	1
preocupante	1
bosque	1
Hela	1
dó	1
farol	1
basquete	1
voleibol	1
jazz	1
pop	1
tragédia	1
apologia	1
defesa	1
concertar	1
condenado	1
moral	1
Noruega	1
exportar	1
tatuagem	1
punhado	1
penhasco	1
vigência	1
desajeitado	1
desfiladeiro	1
mediante	1
berimbau	1
cartaz	1
retrospectiva	1
creche	1
natalidade	1
negociação	1
sendo	1
bandido	1
ansiosa	1
incontestável	1
depositar	1
veste	1
Clara	1
avestruz	1
Águia	1
galo	1
Jacaré	1
Leão	1
Pavão	1
Peru	1
Touro	1
Tigre	1
Urso	1
consolidar	1
bicho	1
sem sentido	1
revista eletrônica	1
site	1
culinária	1
refrão	1
ensolarado	1
antiga	1
disputar	1
superação	1
Pasto	1
perigo	1
grama	1
urro	1
imitar	1
alerta	1
rugir	1
Asia	1
azia	1
refluxo	1
incerto	1
encher o saco	1
chocalho	1
fenda	1
Havaí	1
Haiti	1
estádio	1
hortelã	1
dedo	1
envolve	1
busca	1
incorporado	1
maldição	1
budista	1
boi	1
perspectiva	1
roupas	1
incluso	1
incluído	1
comentário	1
epicurismo	1
extático	1
auscultar	1
trilha	1
bolar	1
Abrão	1
desparafusar	1
ventar	1
grato	1
ganho	1
gasto	1
tosse	1
transferir	1
torno	1
ronronar	1
em torno de	1
perante	1
divida	1
dívidas	1
matrícula	1
remoção	1
tereno	1
demolir	1
caber	1
disposto	1
brecha	1
cachoeira	1
encharcar	1
vegetação	1
Pará	1
Ricardo	1
Newton	1
Jacó	1
US	1
Madri	1
RG	1
Abraão	1
XIX	1
Nagoya	1
Gália	1
CEP	1
Luís	1
Taj Mahal	1
Adão	1
Antártida	1
Órion	1
Tâmisa	1
Remo	1
Ciro	1
Liechtenstein	1
Haia	1
Nova York	1
chile	1
Maomé	1
Budapeste	1
Esaú	1
televisão	1
gostosa	1
delícia	1
torcicolo	1
intervir	1
voar	1
nascer	1
ração	1
ternura	1
navalha	1
boleto	1
baço	1
hematologista	1
esquisito	1
babaca	1
a maioria	1
reaver	1
divertir	1
fechar	1
há muito tempo	1
fazer a barba	1
lástima	1
deputado	1
dormitório	1
forquilha	1
lado	1
aclimatar	1
defender	1
preferir	1
entreter	1
estrábico	1
estorvo	1
rádio	1
legendado	1
chifrar	1
ido	1
psiquiatra	1
sacola	1
demitir	1
fruta	1
peso	1
deletar	1
perca	1
uau	1
provisória	1
seara	1
habilidade	1
peculiaridade	1
batalha	1
templo	1
dístico	1
Junho	1
meu bem	1
cinza	1
crematório	1
significante	1
abismo	1
nepotismo	1
sistema de saúde	1
cesta	1
ufa	1
gatinho	1
gatinha	1
fazer companhia	1
ateu	1
inundar	1
município	1
carregador	1
intruso	1
touca	1
regime	1
publicação	1
transcrição	1
cano	1
formigamento	1
repertório	1
deixar cair	1
telefone celular	1
apimentar	1
aguar	1
Ginásio	1
pose	1
cair no chão	1
pinga	1
quanto mais	1
interesseiro	1
interessado	1
manana	1
naquela época	1
porquê	1
juntar	1
encomenda	1
cafeteria	1
frigideira	1
CD	1
calva	1
coleção	1
foto	1
cogumelo	1
fungo	1
rolha	1
evacuar	1
chefão	1
repetido	1
furo	1
lateral	1
aqui está	1
zona	1
Grã Bretanha	1
à vontade	1
à sua vontade	1
restrição	1
peneirar	1
terça-feira	1
assegurar	1
ajustamento	1
enganar-se	1
solução	1
retorno	1
receitas	1
terra plana	1
apartamento	1
atrever-se	1
sombrinha	1
aumentar o volume	1
revolta	1
imediatamente	1
sujeira	1
espaçonave	1
dar duro	1
indiferente	1
gracejar	1
cachaça	1
focinho	1
basílica	1
porquanto	1
conhaque	1
sobretudo	1
consequentemente	1
arrependimento	1
bajulador	1
puxa-saco	1
bajular	1
descida	1
bananeira	1
elefantíase	1
ilustrar	1
Jornal	1
enriquecer	1
tornar	1
nenhum	1
chocado	1
levemente	1
engrossar	1
grossura	1
coxa	1
estrondo	1
março	1
transcorrer	1
gajo	1
transtorno	1
Rola	1
esquecimento	1
ronco	1
malícia	1
cama	1
calafrio	1
fofa	1
fofinho	1
né	1
laboratório	1
medula óssea	1
cobertura	1
fibrose	1
traquina	1
viúvo	1
lama	1
viés	1
cintura	1
surrealismo	1
super	1
mandíbula	1
samurai	1
goma	1
gengiva	1
cubo mágico	1
beliche	1
cubo	1
roncar	1
incêndio	1
suborno	1
tumulto	1
Carlos	1
estante	1
estilhaço	1
palavra por palavra	1
comboio	1
caracol	1
tronco	1
chupeta	1
iniciante	1
pronúncia	1
Vladimir	1
sobras	1
droga	1
expressamente	1
exercer	1
ainda por cima	1
sítio	1
caranguejo	1
esgotado	1
esbelto	1
doutora	1
sala de aula	1
Satanás	1
teletransportar	1
olímpico	1
afastado	1
puxar	1
afim	1
a caminho	1
motivo	1
relato	1
assim chamado	1
decerto	1
amadurecer	1
primeiro nome	1
animal de estimação	1
quanto a	1
apontar para	1
quaresma	1
quadril	1
xerocar	1
zumbir	1
ucraniano	1
tagarela	1
vulto	1
escreva	1
condicionar	1
proporcionar	1
concretamente	1
conta bancária	1
analise	1
análise	1
desculpas	1
exagerar	1
impaciente	1
igualmente	1
quadra	1
homicídio culposo	1
barba	1
bondade	1
malvada	1
Nuda	1
esperanto	1
protetor	1
Pai	1
roupa de banho	1
fato de banho	1
amargo	1
zinco	1
niacina	1
marinada	1
Cíntia	1
valor energético	1
potássio	1
fósforo	1
manganês	1
abalar	1
castanha	1
panorama	1
aperfeiçoamento	1
segunda	1
rodo	1
revelar-se	1
número	1
roupa	1
alguma vez	1
mal	1
mau	1
desmotivar	1
ativador	1
alarme	1
custo de vida	1
tambor	1
dia a dia	1
palmito	1
acovardar	1
estacionado	1
churrasqueira	1
caiaque	1
estalido	1
calado	1
agradecer	1
rouco	1
doloroso	1
lampejo	1
besta	1
bombinha	1
varinha mágica	1
inacreditável	1
feiticeira	1
entalar	1
cravar	1
Gronelândia	1
coletar	1
reservatório	1
fuligem	1
baixela	1
até mesmo	1
de graça	1
queimado	1
mensageiro	1
codificador	1
transitar	1
disciplinado	1
metódico	1
em construção	1
salão	1
santuário	1
boneca	1
último	1
codificar	1
eleição	1
travesti	1
outrora	1
violência	1
doravante	1
digno	1
recém	1
conhecimento	1
miséria	1
espetáculo	1
papagaio	1
odor	1
feito nas coxas	1
húmus	1
calibrar	1
especificamente	1
trágico	1
adoção	1
adote	1
jipe	1
Janeiro	1
de bruços	1
para cima	1
fisioterapia	1
apontar	1
berrante	1
rebanho	1
hétero	1
alça	1
asa	1
inofensivo	1
prejudicial	1
catador	1
foragido	1
litro	1
obscuro	1
completa	1
incompleta	1
distanciar-se	1
distanciar	1
espionar	1
comprimento	1
alce	1
revérbero	1
afugentar	1
chifre	1
embaraçar	1
ligeiro	1
na hora	1
musculação	1
aliviar	1
relaxado	1
reação	1
momento	1
tolerância	1
engraxar	1
uva passa	1
passa	1
GPS	1
manual	1
hemoglobina	1
transfusão	1
de modo que	1
adega	1
pílula	1
satisfeito	1
cadarço	1
maré	1
devaneio	1
sino	1
cinturão	1
chantagista	1
autodidata	1
cursar	1
graduar	1
monitor	1
colégio	1
vereador	1
contador	1
edil	1
medicina	1
aconchegar	1
nublado	1
simplesmente	1
nossas	1
pocilga	1
bruxo	1
raposa	1
pizza	1
jugo	1
Alice	1
multidão	1
persistência	1
rejeitar	1
Editora	1
girafa	1
salvo	1
bufunfa	1
grana	1
dar a luz	1
permanecer	1
enxergar	1
descrever	1
fez	1
escavar	1
rala	1
trégua	1
antiguidades	1
pizaria	1
pizzaria	1
amálgama	1
lasanha	1
motivado	1
vaso	1
inauguração	1
sincronismo	1
inconsciente	1
toda vez que	1
roubo	1
dos	1
diabo	1
desfazer	1
arraigado	1
cavalo-marinho	1
xoxota	1
economia	1
cereal	1
incluir	1
extensão	1
parecido	1
Júlio César	1
emulsão	1
sacana	1
prestar	1
Rodízio	1
erradicar	1
micro	1
exagerado	1
prevenido	1
calcinha	1
executiva	1
ofertar	1
cavilha	1
taco	1
estaca	1
oliva	1
tabasco	1
capotar	1
bom senso	1
empregar	1
nem a pau	1
piroca	1
miolo	1
jato	1
silvar	1
fomentar	1
horripilante	1
abacaxi	1
coqueiro	1
genética	1
ao menos	1
lésbica	1
independente	1
preconceituoso	1
por do sol	1
afortunado	1
algum dia	1
telemóvel	1
ímpeto	1
ouça	1
Amazônia	1
independência	1
Valente	1
Evolução	1
hindu	1
felicitar	1
Bahia	1
virgindade	1
trepar	1
gesso	1
galpão	1
mel	1
súbito	1
confraria	1
tolo	1
lotaria	1
estudos	1
postagem	1
refeição	1
rim	1
de jeito nenhum	1
hall	1
romaria	1
herança	1
tona	1
discípulo	1
novato	1
destinar	1
conspiração	1
alistamento	1
patriarca	1
hebreu	1
espinheiro	1
calúnia	1
trilho	1
áspero	1
incompreensível	1
aguaceiro	1
senda	1
marchar	1
redenção	1
esmorecer	1
desalentar	1
azul-celeste	1
suor	1
deslocar	1
vanguarda	1
dianteira	1
progresso	1
virtude	1
nevoeiro	1
eliminar	1
resplandecer	1
ressurgir	1
gomo	1
videoconferência	1
má sorte	1
significado	1
cobre	1
em nenhum lugar	1
revés	1
parcial	1
anormal	1
estação	1
cobertor	1
birrento	1
de que	1
carcaju	1
pauta	1
nutritivo	1
glutão	1
hambúrguer	1
cremar	1
milícia	1
cule	1
acrobacia	1
nuvens	1
possibilidade	1
retire	1
licenciado	1
criado	1
contratar	1
Goethe	1
fascinante	1
importância	1
fábrica	1
ralo	1
sem esforço	1
Bartolomeu	1
pronto	1
questionar	1
assíduo	1
agradável	1
cabo	1
transformador	1
imaginação	1
boneco	1
descontar	1
acabamento	1
falecer	1
bêbada	1
todo dia	1
nota	1
atualizar	1
suicida	1
relé	1
discriminar	1
orientador	1
trancar	1
Alemanha	1
fracassar	1
fome	1
corolário	1
parcimônia	1
bulir	1
robusto	1
elaborado	1
ginecologista	1
obstetra	1
clínica	1
comover	1
passaporte	1
Nome	1
sinais	1
assistente social	1
Limite	1
parturiente	1
desafinar	1
variável	1
tremular	1
tremer	1
assustador	1
detalhada	1
frete	1
canjica	1
guarita	1
impressionar	1
gralha	1
genético	1
Primavera	1
solo	1
cafona	1
cafuné	1
discursar	1
senso	1
atrás de	1
lótus	1
sozinho	1
desde quando	1
consideração	1
preá	1
lhama	1
incondicional	1
persistente	1
cerzir	1
debalde	1
em vão	1
ancestral	1
ofensa	1
exército	1
soco	1
esquentar	1
fatiar	1
orelha	1
manifestação	1
alucinar	1
besuntar	1
intuir	1
assunto	1
admitido	1
aceito	1
qualificado	1
abortar	1
recôndito	1
âmago	1
cerne	1
íntimo	1
interno	1
vidente	1
engessar	1
aventura	1
implicar	1
maldade	1
demão	1
nimbo	1
molambo	1
peluche	1
cascavel	1
tapera	1
bar	1
estipêndio	1
botica	1
lépido	1
adestrador	1
ortopédico	1
Dinamarca	1
tonelada	1
ponto final	1
invasão	1
inverter	1
proibido	1
ulterior	1
decênio	1
cambaio	1
fustigar	1
gutural	1
Material	1
fascículo	1
sótão	1
barganhar	1
aplacar	1
qualidade	1
consumir	1
desempregado	1
Reino	1
clube de futebol	1
alecrim	1
abelharuco	1
aligátor	1
isto é	1
chuvoso	1
coringa	1
aleatoriamente	1
calças	1
desgaste	1
renda	1
desmonte	1
freguês	1
de tarde	1
de noite	1
terça	1
dose	1
sacrificar	1
jaqueta	1
enterrar	1
esterilizar	1
comida rápida	1
atrevido	1
trem	1
minhoca	1
estás	1
fronteiras	1
azeda	1
falir	1
ingerir	1
equipamento de segurança	1
corpo de bombeiros	1
viabilidade	1
saciado	1
vão	1
gerador	1
nefrologista	1
aterrissar	1
suturar	1
administração	1
melissa	1
erva cidreira	1
hibisco	1
temperos	1
cócegas	1
achatado	1
espelho	1
sinceramente	1
ficar parado	1
madame	1
partido	1
arruinar	1
autorizar	1
agrura	1
macilento	1
enterite	1
bruxulear	1
saibro	1
esgar	1
vestígio	1
frontispício	1
via	1
pensamento	1
acrescentar	1
lamento	1
capitão	1
equipa	1
cal	1
caneta de feltro	1
feltro	1
resfriado	1
exegese	1
pus	1
detectar	1
soletrar	1
refinado	1
recompensador	1
desconhecido	1
promissor	1
feno	1
meleca	1
estenografar	1
altercar	1
equivaler	1
marketing	1
galão	1
reciclável	1
métrica	1
mesada	1
perfurar	1
entranhas	1
prostituto	1
à volta	1
confusão	1
encrenca	1
José	1
sacrilégio	1
formão	1
muleta	1
paralela	1
paralelo	1
escuridão	1
aspas	1
Agosto	1
fragata	1
estepe	1
indefectível	1
digno de confiança	1
desencarnado	1
papel	1
urso	1
urso polar	1
casamento	1
gaio	1
rubicundo	1
inaudito	1
compleição	1
incontável	1
rarefeito	1
ótica	1
ótico	1
aparato	1
carona	1
por engano	1
verdilhão	1
Uruguai	1
brócolos	1
proletário	1
vaia	1
medir	1
cuscus	1
transição	1
onanismo	1
arrimar	1
sei lá	1
muito bem	1
alguma coisa	1
desastre	1
coruja	1
Médio Oriente	1
mesquita	1
dissolver	1
biodegradável	1
pingar	1
maiô	1
aprofundar	1
referir	1
dobrável	1
encenação	1
minguar	1
pórtico	1
recortar	1
trigo	1
flanar	1
iguana	1
banho de sol	1
acho que sim	1
criminoso	1
cartel	1
crocodilo	1
roedores	1
agudo	1
esquina	1
ave de rapina	1
aves de rapina	1
falésia	1
medalha	1
lago	1
monarquia	1
disposição	1
sudoeste	1
população	1
Moisés	1
moleira	1
fralda	1
colher de sopa	1
ralado	1
caneca	1
Açores	1
carriça	1
açor	1
cruz	1
generalizar	1
produzir	1
cueiro	1
grão	1
recibo	1
cartas	1
silêncio	1
contribuição	1
disponha	1
discordar	1
agitação	1
profícuo	1
desfastio	1
extenuar	1
desmaiar	1
até que	1
gaguejar	1
a longo prazo	1
desforra	1
a curto prazo	1
síncope	1
cariátide	1
inane	1
índigo	1
quiabo	1
cadeira de rodas	1
cadeira de balanço	1
calções	1
sândalo	1
mágoa	1
intragável	1
beisebol	1
com pressa	1
ambiente	1
acertado	1
espantar	1
van	1
aeroporto	1
aves	1
quadro-negro	1
ar	1
Prato	1
obrigação	1
nuvem	1
álbum	1
gago	1
gagueira	1
malograr	1
zumbi	1
signo	1
enamorar	1
Lúcia	1
sexta	1
guincho	1
reboque	1
isca	1
lacraia	1
escorpião	1
centopeia	1
incomum	1
acariciar	1
companheirismo	1
ferver	1
Constante	1
execução	1
conto	1
osteoporose	1
plácido	1
ranger	1
indolente	1
indiano	1
oposto	1
graças a	1
égide	1
ignóbil	1
acinte	1
Amália	1
litígio	1
Sol	1
Rodrigo	1
Laura	1
Pedro	1
afinal	1
fluir	1
Paixão	1
induzir	1
meigo	1
floco de neve	1
humildade	1
invejar	1
lá fora	1
druidismo	1
inspiração	1
garantia	1
turista	1
mendigo	1
Mola	1
formulário	1
heresia	1
avesso	1
aleluia	1
vampiro	1
intrometido	1
amazona	1
nafta	1
irreverente	1
dura	1
perdoar	1
vivo	1
extremo	1
participar de	1
baia	1
histamina	1
exíguo	1
sentir-se	1
sílfide	1
o mesmo	1
paralisar	1
movimento	1
Domingo	1
Iniciativa	1
estampar	1
orfanato	1
vil	1
em flagrante	1
flagrante	1
descarado	1
depor	1
raiar	1
fecundidade	1
sorver	1
conceber	1
carrasco	1
prestável	1
estágio	1
anfitrião	1
vigarista	1
rebento	1
treta	1
ordinário	1
carril	1
forjar	1
pelúcia	1
agrilhoar	1
brando	1
sânscrito	1
espancar	1
pilha	1
fronte	1
cobiça	1
estopa	1
gado	1
fardo	1
estocar	1
letra	1
feiticeiro	1
soluçar	1
mendigar	1
lascívia	1
Ré	1
réu	1
alavanca	1
casulo	1
túmulo	1
pecaminoso	1
ventania	1
adivinho	1
governar	1
ofuscar	1
lidar com	1
polegar	1
regatear	1
abominável	1
tijolo	1
erigir	1
apavorado	1
quieto	1
goleiro	1
diversidade	1
epístola	1
relação	1
faminto	1
vicunha	1
tesourinha	1
carência	1
bolsa de estudo	1
intermediária	1
minar	1
enxurrada	1
estouro	1
mingau	1
Ponte	1
feliz aniversário	1
pra	1
pegajoso	1
grudento	1
pestana	1
pinça	1
canil	1
nesse caso	1
capacete	1
supor	1
talher	1
temporal	1
pertences	1
pérola	1
percentagem	1
relacionar	1
beijinho	1
traslado	1
montante	1
marquise	1
laje	1
cidadela	1
enredo	1
limonada	1
tromba	1
catraca	1
cabine	1
eremita	1
esotérico	1
infalível	1
dilacerar	1
usufruir	1
Tela	1
furar	1
gruta	1
irremediável	1
bem-aventurança	1
costumar	1
melado	1
sigiloso	1
reconhecimento	1
por precaução	1
lavagem a seco	1
lavagem	1
ajuizado	1
asneira	1
apalpar	1
pirulito	1
descartável	1
seringa	1
marreco	1
ruibarbo	1
designer	1
estivar	1
turco	1
Turquia	1
o que quer que	1
bem-estar	1
perambular	1
chatear	1
brilho	1
Suposição	1
miçanga	1
montanha russa	1
Vitória	1
poste de luz	1
doces	1
viva	1
bondoso	1
ademais	1
posição	1
revelar	1
palha	1
administrar	1
expressar	1
tolerar	1
transigir	1
generosidade	1
amplo	1
rendimento	1
factível	1
civil	1
consciente	1
escamoso	1
pechinchar	1
através de	1
por meio de	1
dignidade	1
honra	1
generoso	1
impedimento	1
abafada	1
puta	1
cair fora	1
sem problemas	1
direcionar	1
direção	1
encaminhar	1
plasmar	1
exemplificar	1
paciência	1
caracterizar	1
resultado	1
essencial	1
sensibilidade	1
imperativo	1
infinito	1
competir	1
tomar banho	1
juntamente	1
consistir	1
feldspato	1
caulim	1
esbarrar	1
metido	1
rabiscar	1
fulo	1
vira-lata	1
abrir mão de	1
abrir mão	1
etiqueta	1
bobagem	1
lenda	1
ditado	1
cada um	1
telha	1
europeu	1
armadura	1
simpatizante	1
submeter	1
viaduto	1
cateterismo	1
isquemia	1
veia	1
desleixado	1
ciumento	1
na praça	1
beijo	1
legião	1
nazista	1
fascista	1
avô	1
maxilar	1
o quê	1
vendas	1
propor	1
Branca	1
bronca	1
forca	1
marfim	1
reprovar	1
tapume	1
titubear	1
turvar	1
adepto	1
altivo	1
banal	1
gnomo	1
travessura	1
montanha	1
dificuldade	1
interjeição	1
paladar	1
reenviar	1
asturiano	1
invariabilidade	1
radical	1
matagal	1
bárbaro	1
esforçar-se	1
progredir	1
abrir caminho	1
contribuir	1
certificar-se	1
fazer negócios	1
lavar a louça	1
sair-se bem	1
fazer mal	1
banhar-se	1
simpatizar	1
passar por	1
dar uma olhada	1
estar certo	1
sadio	1
crueldade	1
consentir	1
dirigente	1
concentrado	1
esticado	1
desmentir	1
evitar	1
indescritível	1
introdução	1
instrução	1
tofu	1
vegetariano	1
relacionamento	1
cilada	1
alá	1
naval	1
errar	1
gueto	1
malvado	1
arraia	1
santo	1
esteio	1
teso	1
obrigatório	1
sentar-se	1
tirar proveito	1
aproveitar-se de	1
cuidar de	1
ter esperança	1
ofender-se	1
ressentir-se	1
avistar	1
quebrar o gelo	1
descontrair	1
ficar quieto	1
banca	1
plúmbeo	1
vinco	1
poeira	1
dermatologista	1
femural	1
chicharro	1
extraviar-se	1
cegar	1
enlouquecer	1
escurecer	1
divorciar-se	1
perder-se	1
casar-se	1
preparar-se	1
aborrecer-se	1
molhar-se	1
ter em mente	1
desde o começo	1
prolixo	1
modelar	1
moldar	1
materializar	1
metropolitano	1
influenciar	1
sirene	1
leptospirose	1
fedor	1
couve	1
aba	1
gengibre	1
escolha	1
mescla	1
variação	1
idealizar	1
ainda que	1
criativa	1
exigente	1
alta estação	1
adiar	1
dieta	1
realmente	1
rolo	1
sala de estar	1
barata	1
quintal	1
carcereiro	1
lagartixa	1
pinguim	1
gula	1
a seguir	1
estranho	1
postar	1
ancestralidade	1
pintinho	1
chupa	1
novidade	1
Pitágoras	1
explodir	1
impressão	1
almofada	1
esquadra	1
ocorrer	1
imensidão	1
entre outras coisas	1
e assim	1
deslocado	1
acanhamento	1
savana	1
vaguear	1
saciar	1
corredor	1
magia	1
mágico	1
mágica	1
feitiço	1
anatomia	1
afastar-se	1
imaginário	1
predominar	1
prevalecer	1
almejar	1
interferência	1
entrave	1
ósculo	1
abençoado	1
saldo	1
gentileza	1
comportado	1
caixa automática	1
planar	1
recurso	1
pranto	1
vigia	1
tordo	1
sujo	1
afogamento	1
miúda	1
Nicarágua	1
coordenada	1
perpendicular	1
altitude	1
arranjo	1
Meditação	1
levar em conta	1
comissão	1
frustração	1
humilhação	1
liberdade	1
intimidade	1
linguagem	1
cotovia	1
polvilhar	1
talo	1
coberta	1
rompimento	1
elitismo	1
capitalismo	1
pessimismo	1
persuasão	1
indecisão	1
sessão	1
expansão	1
ignorância	1
Harmonia	1
sedativo	1
inspirador	1
cargo	1
verme	1
torturador	1
arruela	1
parafuso	1
pode ser	1
crente	1
consolação	1
doutrinar	1
educar	1
vibração	1
comunicar	1
espiritual	1
inquieto	1
regaço	1
abrigo	1
colo	1
pescoço	1
feio	1
derramar	1
bálsamo	1
imediato	1
acolá	1
Feliz Natal	1
plenitude	1
pleno	1
sentinela	1
igualdade	1
distinguir	1
isolar	1
cadeia	1
Ferrari	1
grudar	1
elevado	1
punição	1
antítese	1
alma	1
apóstrofe	1
impraticável	1
bronco	1
consorte	1
teorema	1
cataplasma	1
libertação	1
formado	1
aparentar	1
amorável	1
carinhoso	1
compadecer	1
perene	1
universal	1
valoroso	1
oscilar	1
ostentar	1
opulência	1
lodoso	1
lotação	1
delimitar	1
faiscar	1
fadiga	1
caldo	1
definitivo	1
pescador	1
olor	1
chateação	1
exposto	1
estoirar	1
garatujar	1
divagar	1
atributo	1
temperamento	1
introvertida	1
introvertido	1
bolsa de estudos	1
casado	1
incrível	1
sé	1
chocar	1
esponja	1
autografar	1
zagueiro	1
defensor	1
bafômetro	1
etilômetro	1
esporádico	1
Veneza	1
sacristia	1
esticar	1
audição	1
aparelho auditivo	1
desforrar	1
desgostar	1
fundura	1
furibundo	1
fugaz	1
instaurar	1
instigar	1
advogada	1
rapidamente	1
gargalhar	1
clandestino	1
insinuar	1
irritante	1
irritar	1
vencedor	1
mergulho	1
untar	1
jarro	1
Coro	1
arranjar	1
mexericar	1
corredeira	1
caldeirão	1
diamante	1
riqueza	1
natural	1
perpetrar	1
piar	1
explicável	1
ébrio	1
avassalar	1
astuto	1
concepção	1
riscar	1
assassinato	1
exclamação	1
ponto de interrogação	1
acordeon	1
colchete	1
itálico	1
negrito	1
desenvolver	1
segura	1
lançamento	1
bilheteria	1
emocionante	1
varrer	1
Espanhol	1
passadiço	1
desalojar	1
adjetivo	1
útil	1
Brasileiro	1
impossibilidade	1
montar	1
risco	1
segredo	1
vertical	1
atesto	1
contrabando	1
peregrino	1
árvore	1
divergência	1
secar	1
simbiose	1
bacamarte	1
abanar	1
conquanto	1
denodo	1
cáfila	1
sementes	1
inerente	1
fiado	1
atirar	1
permutar	1
encoberto	1
encolerizar	1
encadear	1
volta	1
pouco	1
patrimônio	1
abrigar	1
cadeiras	1
repetir	1
cujo	1
prensa	1
sufocar	1
Pai Nosso	1
comercial	1
calculadora	1
guia	1
decepção	1
decepcionar	1
nascimento	1
eclipse	1
bobo	1
estagiar	1
fíbula	1
alfinete	1
codorna	1
barão	1
longo prazo	1
naturismo	1
sangue	1
implantar	1
instalar	1
naufrágio	1
suprir	1
Jeová	1
desenvolvimento	1
opção	1
verdade	1
cobrança	1
sigo	1
varão	1
corte de cabelo	1
amora	1
carácter	1
início	1
sincronizar	1
Xangai	1
completo	1
ouro	1
ensinar	1
cauda	1
passo	1
pedra	1
curta	1
exemplo	1
general	1
Oriente Médio	1
autocarro	1
luz solar	1
sintonizar	1
flama	1
fibra ótica	1
resolução	1
senhor da guerra	1
versículo	1
escondido	1
rio	1
regularmente	1
visitante	1
coisas	1
prancha	1
equipamento	1
teleférico	1
marinha	1
Ginástica	1
punho	1
autofagia	1
narina	1
estrela	1
território	1
artificial	1
constelação	1
brinquedos	1
preferido	1
selo	1
saltar	1
treinar	1
Tasmânia	1
aumento	1
maremoto	1
explicação	1
cursor	1
polêmica	1
castigo	1
esforçar	1
palma da mão	1
zoológico	1
prescrever	1
consentimento	1
Moscou	1
carroça	1
charrete	1
uruguaio	1
Grécia	1
Romênia	1
presa	1
castor	1
invasor	1
animar	1
sushi	1
predador	1
alcateia	1
lenço de pescoço	1
gramática	1
direto	1
prisão	1
iridescente	1
estulto	1
dissidente	1
compulsório	1
plantão	1
acordado	1
dependência	1
preservação	1
novamente	1
Rosa	1
empatado	1
homologia	1
petiz	1
perdulário	1
instrumento musical	1
apressado	1
pousar	1
fincar	1
teclado	1
dócil	1
lixa	1
entreaberta	1
total	1
Doce	1
bolacha	1
violino	1
fogo	1
manchar	1
freio	1
fornecimento	1
de modo algum	1
com efeito	1
justamente	1
constrangimento	1
desesperar	1
desalento	1
sôfrego	1
Hitler	1
Homem	1
textura	1
dentro	1
desmatar	1
comemorado	1
é isso aí	1
margem	1
península	1
Fortaleza	1
bula	1
amada	1
cio	1
horto	1
vestuário	1
balanço	1
embaixada	1
elaborar	1
boletim	1
bispo	1
devastado	1
para baixo	1
patético	1
diversão	1
estremecer	1
Piscar	1
arregalar	1
encarar	1
hélio	1
inflamável	1
eletrólise	1
ortogonal	1
libertador	1
abaixo	1
pontual	1
filme	1
mineração de dados	1
premente	1
crucial	1
inegável	1
amador	1
gás natural	1
combustão	1
incendiar-se	1
flertar	1
de qualidade	1
de soslaio	1
dona	1
acomodação	1
meia noite	1
providenciar	1
vai se foder	1
tábua	1
broca	1
espátula	1
fantoche	1
urso de pelúcia	1
unicórnio	1
idoso	1
Coreia	1
estação ferroviária	1
subúrbio	1
personagem	1
reservar	1
reserve	1
jaleco	1
imbatível	1
senhora	1
ir às compras	1
óbice	1
opúsculo	1
sorvo	1
emérito	1
estro	1
definitivamente	1
fundamental	1
nomear	1
lareira	1
tibetano	1
Tontura	1
vertigem	1
remoto	1
ano passado	1
pastor	1
fronteiro	1
vinoso	1
ardil	1
naturalidade	1
cuia	1
letargia	1
flâmula	1
milésimo	1
bilhão	1
trilhão	1
estrofe	1
humanidade	1
magnífico	1
infectar	1
pavio	1
cortiça	1
inverso	1
estrada de terra	1
Abobrinha	1
enjoado	1
leque	1
vetar	1
rechaçar	1
exaustão	1
exausto	1
comestível	1
ebulição	1
desespero	1
inovador	1
reter	1
é mesmo	1
galantear	1
volatilidade	1
volátil	1
pivô	1
agitar-se	1
expressivamente	1
salame	1
congestão	1
óbito	1
choque	1
procedimento	1
aguda	1
redobrar	1
precioso	1
memorizar	1
prioridade	1
mundial	1
interligar	1
emergência	1
Filipinas	1
carente	1
arranhar	1
parafusar	1
âmbito	1
projeto de lei	1
apátrida	1
deportação	1
incluindo	1
sertão	1
careca	1
chave de fenda	1
carrinho de mão	1
foice	1
motosserra	1
bancada	1
rebite	1
solda	1
suficiente	1
coletânea	1
artilheiro	1
muita	1
balança	1
desuso	1
bandeirola	1
bastar	1
regalia	1
lucrar	1
gaivota	1
repuxo	1
lupa	1
verbo	1
infeção	1
extraterrestre	1
Urano	1
Saturno	1
folgado	1
praticar	1
substitua	1
delicioso	1
graças	1
baratas	1
gafanhotos	1
África Oriental	1
África	1
reprodução	1
condições meteorológicas	1
maleabilidade	1
vivacidade	1
língua portuguesa	1
de facto	1
pastel	1
pastelaria	1
derrotar	1
consulado	1
selar	1
carimbar	1
conselho	1
carimbo	1
hospital	1
chiclete	1
peruca	1
antebraço	1
refúgio	1
extraordinário	1
enganado	1
parede	1
cloridrato	1
palavras cruzadas	1
dúvida	1
escorregador	1
carvalho	1
bagunçado	1
desorganizado	1
a sua	1
suspeito	1
esgoto	1
cacau	1
capoeira	1
hospedagem	1
caule	1
Esquimó	1
ter pena	1
cólera	1
cepa	1
burocracia	1
interpretar	1
águia	1
Ucrânia	1
mistério	1
gatilho	1
consciência	1
foco	1
cretino	1
cena	1
perdido	1
troçar	1
tropel	1
trivialidade	1
tenacidade	1
suplantar	1
parcialidade	1
escorredor	1
canseira	1
aturar	1
alegoria	1
alastrar	1
divergir	1
remorso	1
remexer	1
regozijar	1
custear	1
disso	1
econômico	1
ótimo	1
tanto quanto	1
aleijado	1
troca	1
Japão	1
prescindir	1
pau	1
trocado	1
ao passo que	1
veterinária	1
minutos	1
matar	1
mi	1
decepcionante	1
chá gelado	1
de novo	1
afinar	1
diapasão	1
última	1
ferido	1
bota	1
estimativa	1
Vândalo	1
afundar	1
surdo	1
dimensionar	1
capa de chuva	1
crença	1
filhos	1
problemas	1
Terça-feira	1
mole	1
guloseima	1
porrada	1
condenar	1
forrar	1
besouro	1
mim	1
galera	1
cajá	1
corretivo	1
arado	1
sulco	1
alinhar	1
repelente	1
brotar	1
provisão	1
seiva	1
definhar	1
afear	1
robustez	1
capacitar	1
fartura	1
amparar	1
repartir	1
valioso	1
mochileiro	1
sucata	1
sarro	1
reprimir	1
iceberg	1
coagir	1
habituar	1
icebergue	1
coreano	1
locutor	1
englobar	1
saliva	1
comissário	1
comissário de bordo	1
aeromoça	1
incubação	1
exterior	1
sem dinheiro	1
globalização	1
especialização	1
reparador	1
ângulo	1
dádiva	1
oferta	1
moderado	1
regular	1
ama	1
dela	1
assobiar	1
abafar	1
dengue	1
meningite	1
biotecnologia	1
mármore	1
Quênia	1
Somália	1
Etiópia	1
mortadela	1
onda de calor	1
horrível	1
bebida alcoólica	1
vinagre	1
erva-doce	1
Jaca	1
Vida	1
bueiro	1
garoto	1
calendário	1
nostalgia	1
infância	1
aparentemente	1
limpeza	1
alguma	1
adolescência	1
gasoso	1
mortalidade	1
flagelo	1
enfermidade	1
das	1
repórter	1
rosa	1
taxa de juros	1
filantropia	1
fariseu	1
placebo	1
espírito	1
espiritismo	1
sabão	1
ira	1
rancor	1
esmalte	1
verniz	1
lúcido	1
imunidade	1
fornada	1
conjunto	1
manchete	1
terminar	1
há pouco	1
cagar	1
garrafa	1
pretender	1
contanto que	1
projetado	1
sinistro	1
movimentar	1
campanha	1
entediar	1
despesa	1
choro	1
cometer	1
aldeia	1
ave	1
prédio	1
gastar	1
partida	1
metade	1
atrair	1
ceder	1
soldado	1
deter	1
mastro	1
protestante	1
devasso	1
escama	1
pisca-pisca	1
pilar	1
franquia	1
jogo de damas	1
protocolo	1
sombra	1
ajuda	1
curtir	1
gambá	1
prostituta	1
sumido	1
afrontar	1
mata	1
ritmo	1
pilhéria	1
embutido	1
plano de saúde	1
uma pessoa	1
inutilmente	1
vacilar	1
grude	1
honesto	1
confiável	1
Direito	1
cursinho	1
arrasar	1
berrar	1
confirmar	1
secundário	1
típico	1
socar	1
safar	1
vagabundo	1
machado	1
unidade	1
iludir	1
desprezar	1
pertinente	1
concluir	1
saborear	1
degustar	1
confeito	1
espinho	1
revestir	1
amargar	1
salutar	1
elevar	1
fatigar	1
apanhar	1
estragado	1
chicote	1
pobre	1
chama	1
Samba	1
Amanda	1
leis	1
viragem	1
nome do meio	1
estirar	1
titular	1
torácico	1
ladeira	1
fulano	1
cheia	1
cancela	1
acionar	1
entrevistar	1
mímica	1
brindar	1
Coca-Cola	1
soro	1
romã	1
aids	1
saudação	1
vulnerável	1
erva	1
temer	1
fajuto	1
mancar	1
papel higiênico	1
lente	1
existência	1
orçamento	1
exigência	1
freguesia	1
rosto	1
assentar	1
loba	1
video game	1
matriz	1
crime	1
acontecimento	1
aproximar	1
preço	1
manco	1
fora de	1
unicamente	1
linho	1
impostos	1
triângulo	1
leitura	1
precisamente	1
chegada	1
serra	1
hora	1
retrato	1
operário	1
êxito	1
passagem	1
religião	1
pote	1
denúncia	1
volume	1
porão	1
aprovação	1
sustento	1
obrigar	1
gestão	1
recordar	1
derivar	1
debochado	1
mérito	1
porte	1
vinda	1
sã	1
tradução	1
triunfo	1
aderir	1
deportar	1
prata	1
ovelha	1
comportar-se	1
inescrupuloso	1
investigador	1
psicológico	1
sujeitar	1
botar	1
alagar	1
traço	1
comerciante	1
laço	1
vento	1
travar	1
interrogatório	1
conceito	1
sujeito	1
milha	1
restante	1
promotor	1
bolso	1
estético	1
tesouro	1
sucessivo	1
lã	1
saboroso	1
cego	1
amante	1
maioria	1
tabela	1
sois	1
exponencial	1
prestação	1
provável	1
químico	1
traça	1
fronteira	1
Canadá	1
solucionar	1
flores	1
setenta	1
oitenta	1
Média	1
enteado	1
sobrar	1
sobra	1
oração	1
aval	1
quebra	1
grandeza	1
incomodar	1
decreto	1
campainha	1
padeiro	1
dama	1
jogada	1
morno	1
pêsames	1
morcego	1
bocado	1
prefeito	1
eixo	1
ribeira	1
terno	1
véspera	1
despedir	1
acento	1
aveia	1
fubá	1
lixar	1
importar	1
soalho	1
breve	1
fortaleza	1
conselheiro	1
cabine telefônica	1
lista telefônica	1
conterrâneo	1
império	1
pesquisa	1
república	1
mancha	1
pesca	1
adesão	1
experimental	1
irrupção	1
firmar	1
camisinha	1
soma	1
desleal	1
cansada	1
lance	1
tom	1
salientar	1
frieza	1
depilar	1
positivo	1
oh	1
Rede	1
controle	1
febre amarela	1
governador	1
venda	1
saldar	1
joio	1
tesourão	1
cactus	1
cacto	1
vulgar	1
domar	1
particularidade	1
sujeito a	1
média	1
superfície	1
prezar	1
encobrir	1
grelhado	1
torto	1
reboco	1
etapa	1
saco	1
nariz	1
anticorpo	1
burrice	1
estúpido	1
poluída	1
cigarra	1
depósito	1
banco	1
delegacia	1
delegado	1
lacre	1
reverso	1
sêmen	1
lanterna	1
apontador	1
Mar	1
argamassa	1
dedicar	1
menosprezar	1
desconsiderar	1
energia	1
justo	1
beneficiar	1
em cima	1
investidor	1
benefício	1
sustentação	1
conquistar	1
médica	1
cubana	1
charuto	1
alto	1
frágil	1
competitivo	1
pescar	1
alicerce	1
negociar	1
afiado	1
em branco	1
secular	1
perda	1
encontrar-se	1
organizar	1
chamar-se	1
recarregar	1
pendurar	1
alimentar	1
declarar	1
desperdiçar	1
destruir	1
cabeleira	1
prevenir	1
bloquear	1
forçar	1
geado	1
impor-se	1
poluir	1
potencial	1
suspeita	1
jamais	1
talhante	1
leite em pó	1
veja	1
demandar	1
garra	1
Duma	1
debater	1
atuar	1
acusar	1
tratar	1
rodear	1
acidente	1
razão	1
revisar	1
espiritualidade	1
com razão	1
representar	1
recompensar	1
sem razão	1
perseguir	1
norte	1
sul	1
anotar	1
deixar de	1
apressar-se	1
emparelhar	1
conter	1
arrepender-se	1
castigar	1
anexar	1
mais cedo	1
traga	1
contrato	1
