привіт	5
книга	4
геть	3
багато	3
чи	3
щось	3
лист	3
дарма	3
ти	3
вона	3
дитина	3
але	3
стояти	3
рука	3
після	3
ми	3
через	3
дошка	3
кіт	3
їхати	3
сприяти	2
сусідство	2
кімната	2
експортувати	2
боротьба	2
бик	2
уповноважувати	2
лущити	2
схвалення	2
послуга	2
кіготь	2
полювання	2
газета	2
адресувати	2
установка	2
крило	2
поєднання	2
активність	2
частка	2
карати	2
шкода	2
ліжко	2
бентежити	2
навальний	2
їжа	2
сторона	2
година	2
лід	2
мати	2
дорогий	2
терпіти	2
менше	2
світ	2
ризик	2
любий	2
повинен	2
або	2
крім	2
рано	2
це	2
до	2
із	2
не	2
продовжити	2
проект	2
тут	2
праворуч	2
попереду	2
між	2
світло	2
конверт	2
що	2
який	2
рідний	2
ще	2
агресивний	2
дощ	2
на	2
ви	2
бо	2
говорити	2
час	2
просто	2
тоді	2
над	2
день	2
старий	2
міць	2
вивчати	2
гроші	2
читати	2
слово	2
закрити	2
сьогодні	2
вчити	2
поганий	2
повість	2
магазин	2
батько	2
подорожувати	2
подорож	2
коло	2
освіта	2
посилання	2
суддя	2
ручка	2
вечеря	2
плач	2
пляж	2
площа	2
викладач	2
поблизу	2
учень	2
мама	2
ще раз	2
треба	2
відчуття	2
оглядати	2
краса	2
мінливий	2
зміна	2
змінюватися	2
дякую	2
том	2
ранок	2
чоловік	2
фактично	2
добрий день	2
пошук	2
спереду	2
позаду	2
близько	2
високо	2
низько	2
під	2
поруч	2
вниз	2
вгору	2
нижче	2
звідси	2
назад	2
воно	2
погода	2
для	2
за	2
мене	2
один	2
трохи	2
дуже	2
школа	2
проводити	2
завжди	2
друг	2
місто	2
угода	2
ділити	2
біля	2
стіл	2
дівчина	2
дитя	2
собака	2
пісня	2
сестра	2
чудово	2
всі	2
визначення	2
тарілка	2
лютий	2
абажур	1
умовний	1
тривалий	1
туш	1
ананас	1
комаха	1
арка	1
винахідливий	1
беззбройний	1
тютюновий	1
трудність	1
утвердження	1
безмежний	1
безневинний	1
трибуна	1
висловити	1
указувати	1
базікання	1
угорець	1
безвільний	1
тринадцять	1
ураження	1
аналоговий	1
покращення	1
беззаперечний	1
святкувати	1
ящірка	1
балакучий	1
піти	1
диван	1
слимак	1
безглуздя	1
випадково	1
марно	1
даремно	1
лягати	1
байдуже	1
того	1
аутизм	1
Ворон	1
відвідати	1
дотепність	1
зі	1
оглянути	1
русявий	1
самостійний	1
утворити	1
Афіни	1
кульбаба	1
звідти	1
яблуко	1
невтомно	1
абетка	1
Анна	1
шифр	1
наклеп	1
мешкати	1
краще	1
бежевий	1
незабаром	1
довідка	1
взагалі	1
бути	1
про	1
від	1
по	1
володіти	1
отримувати	1
твій	1
ваш	1
він	1
йому	1
його	1
заради	1
протягом	1
вони	1
їх	1
ні	1
котрий	1
той	1
наш	1
цей	1
мій	1
робити	1
як	1
так як	1
оскільки	1
стільки	1
скільки	1
при	1
її	1
лише	1
повз	1
воля	1
бажання	1
сказати	1
йти	1
виїжджати	1
так	1
отже	1
тому	1
такий	1
все	1
весь	1
повністю	1
якщо	1
приблизно	1
майже	1
могти	1
там	1
туди	1
знати	1
більше	1
більший	1
одержувати	1
усвідомити	1
зрозуміти	1
хто	1
подобатися	1
любити	1
подібно	1
коли	1
думати	1
виробляти	1
раз	1
бачити	1
дивитися	1
вгорі	1
кілька	1
інший	1
поза	1
назовні	1
зовнішній	1
хороший	1
добрий	1
люди	1
рік	1
брати	1
приймати	1
вибирати	1
вимагати	1
без	1
добре	1
гарно	1
ну	1
колодязь	1
свердловина	1
тому що	1
навіть	1
саме	1
тільки	1
справедливий	1
приходити	1
приїжджати	1
працювати	1
робота	1
твір	1
праця	1
використовувати	1
використання	1
ніж	1
зараз	1
тепер	1
потім	1
також	1
теж	1
всередину	1
єдиний	1
виглядати	1
погляд	1
хотіти	1
давати	1
надавати	1
дарувати	1
перший	1
спочатку	1
новий	1
шлях	1
спосіб	1
знаходити	1
виявляти	1
вище	1
понад	1
закінчуватися	1
будь-який	1
ніякий	1
згодом	1
денний	1
де	1
куди	1
річ	1
більшість	1
потребувати	1
необхідність	1
потреба	1
значно	1
направо	1
право	1
прямо	1
спина	1
означати	1
значити	1
середній	1
скупий	1
рівний	1
можливо	1
сюди	1
останній	1
минулий	1
тривати	1
розповідати	1
дійсно	1
насправді	1
кликати	1
дзвонити	1
називати	1
виклик	1
поклик	1
дзвінок	1
компанія	1
фірма	1
рота	1
крізь	1
внизу	1
показувати	1
показ	1
життя	1
людина	1
змінювати	1
решта	1
дрібниця	1
місце	1
довгий	1
відчувати	1
занадто	1
тихий	1
тиша	1
проблема	1
задача	1
питання	1
писати	1
записувати	1
складати	1
безліч	1
чудовий	1
великий	1
намагатися	1
пробувати	1
спроба	1
залишати	1
число	1
кількість	1
номер	1
обидва	1
власний	1
частина	1
серія	1
розділяти	1
розлучати	1
крапка	1
пункт	1
бал	1
сенс	1
вказувати	1
відзначати	1
маленький	1
мало	1
невеликий	1
допомагати	1
допомога	1
питати	1
просити	1
зустрічати	1
відповідати	1
задовольняти	1
виконувати	1
почати	1
початок	1
розмовляти	1
розмова	1
небагато	1
класти	1
ставити	1
інтерес	1
цікавити	1
участь	1
відсоток	1
країна	1
кожен	1
кожний	1
шкільний	1
пізно	1
пізній	1
високий	1
верховний	1
сильний	1
відмінний	1
різний	1
наступний	1
кінець	1
кінцевий	1
закінчувати	1
жити	1
живий	1
чому	1
навіщо	1
світовий	1
тиждень	1
грати	1
спектакль	1
сила	1
могутність	1
енергія	1
можна	1
мабуть	1
будинок	1
житло	1
домашній	1
ніколи	1
включати	1
курс	1
хід	1
оголошувати	1
повідомляти	1
звітувати	1
доповідь	1
звіт	1
повідомлення	1
група	1
груповий	1
групувати	1
збирати	1
випадок	1
справа	1
чохол	1
жінка	1
жіночий	1
навколо	1
всюди	1
книжковий	1
сім'я	1
родина	1
сімейний	1
здаватися	1
дозволяти	1
допускати	1
знову	1
знов	1
вид	1
тип	1
тримати	1
охороняти	1
зберігати	1
продовжувати	1
чути	1
система	1
системний	1
сумнів	1
набір	1
комплект	1
конфігурація	1
вчитися	1
навчатися	1
займатися	1
вивчення	1
дослідження	1
важливий	1
важливо	1
бігти	1
біг	1
повернути	1
перетворювати	1
черга	1
декілька	1
деякий	1
приносити	1
приводити	1
ранній	1
стверджувати	1
держава	1
стан	1
державний	1
рухатися	1
рух	1
факт	1
однак	1
область	1
сфера	1
район	1
забезпечувати	1
ім'я	1
назва	1
читання	1
дружній	1
місяць	1
просторий	1
бізнес	1
заняття	1
діловий	1
інформація	1
інформаційний	1
відкривати	1
відкритий	1
наказувати	1
замовлення	1
наказ	1
порядок	1
уряд	1
урядовий	1
випускати	1
видавати	1
випуск	1
видання	1
ринок	1
ринковий	1
платити	1
оплата	1
будувати	1
формувати	1
статура	1
вести	1
утримувати	1
обслуговування	1
сервіс	1
служба	1
обслуговувати	1
службовий	1
проти	1
вірити	1
секунда	1
другий	1
хоча	1
любов	1
кохати	1
збільшувати	1
зростати	1
збільшення	1
завдання	1
план	1
планувати	1
результат	1
наслідок	1
виникати	1
далеко	1
відсутній	1
приклад	1
зразок	1
взірець	1
траплятися	1
пропонувати	1
пропозиція	1
молодий	1
закривати	1
зачинити	1
близький	1
програма	1
очолювати	1
управляти	1
керівництво	1
свинець	1
купувати	1
розуміти	1
дякувати	1
дальній	1
студент	1
студентський	1
обличчя	1
сподіватися	1
надія	1
ідея	1
уявлення	1
поняття	1
вартість	1
коштувати	1
причина	1
анкета	1
форма	1
витрачати	1
голова	1
глава	1
керівник	1
головний	1
автомобіль	1
автомобільний	1
вагон	1
рівень	1
поверх	1
особа	1
персона	1
досвід	1
учасник	1
член	1
елемент	1
достатньо	1
досить	1
доволі	1
достатній	1
погано	1
місцевий	1
ніч	1
нічний	1
здатний	1
здібний	1
підтримувати	1
підтримка	1
опора	1
підставка	1
лінія	1
риса	1
штрих	1
рядок	1
представляти	1
подарунок	1
сучасний	1
цілком	1
зовсім	1
впевнений	1
термін	1
період	1
строк	1
вислів	1
умова	1
висловлювати	1
найменший	1
вік	1
століття	1
епоха	1
віковий	1
низький	1
знижувати	1
процес	1
обробляти	1
громадський	1
публічний	1
публіка	1
часто	1
потяг	1
тренувати	1
навчати	1
готувати	1
можливий	1
скоріше	1
думка	1
точка зору	1
розглядати	1
разом	1
вважати	1
ціна	1
оцінювати	1
батьки	1
батьківський	1
твердий	1
жорсткий	1
важкий	1
старанно	1
завзято	1
вечірка	1
партія	1
локальний	1
контроль	1
управління	1
контролювати	1
керувати	1
вже	1
торкатися	1
занепокоєння	1
концерн	1
продукт	1
виріб	1
витвір	1
програвати	1
втрата	1
розповідь	1
історія	1
стенд	1
цілий	1
показник	1
ставка	1
темп	1
турбота	1
доглядати	1
очікувати	1
ефект	1
вплив	1
здійснювати	1
сортувати	1
сортування	1
різновид	1
ніщо	1
викликати	1
заподіювати	1
примушувати	1
падати	1
падіння	1
вирішувати	1
вода	1
посилати	1
слідкувати	1
годинник	1
база	1
основа	1
фундамент	1
базовий	1
імовірно	1
радити	1
потужність	1
влада	1
повноваження	1
тестувати	1
перевіряти	1
тест	1
візит	1
центр	1
рости	1
вирощувати	1
повертати	1
повертатися	1
повернення	1
гуляти	1
прогулянка	1
речовина	1
матеріал	1
заперечувати	1
розум	1
цінувати	1
значення	1
величина	1
офіс	1
запис	1
рекорд	1
залишатися	1
перебувати	1
перебування	1
примусовий	1
зупиняти	1
легкий	1
світлий	1
запалювати	1
розробляти	1
розвивати	1
удосконалювати	1
згадати	1
шматочок	1
біт	1
акція	1
поширювати	1
реальний	1
справжній	1
відповідь	1
сидіти	1
фігура	1
малюнок	1
цифра	1
знак	1
літера	1
мова	1
мовний	1
тема	1
предмет	1
підпорядковувати	1
клас	1
розробка	1
розвиток	1
створення	1
половина	1
наполовину	1
хвилина	1
продовольчий	1
порушувати	1
перерва	1
пауза	1
очищати	1
чистий	1
ясний	1
ясно	1
майбутнє	1
майбутній	1
залишок	1
верх	1
серед	1
виграти	1
перемагати	1
колір	1
фарбувати	1
кольоровий	1
зачіпати	1
досягати	1
суспільний	1
поперек	1
примітка	1
помічати	1
згадувати	1
історичний	1
створювати	1
творити	1
привід	1
модель	1
друкувати	1
звук	1
звуковий	1
око	1
музика	1
ноти	1
музичний	1
гра	1
ігровий	1
політичний	1
вільний	1
безкоштовний	1
звільняти	1
момент	1
продаж	1
розпродаж	1
збут	1
політика	1
далі	1
подальший	1
тіло	1
кузов	1
чекати	1
очікування	1
загальний	1
звичайний	1
генерал	1
опинятися	1
команда	1
легко	1
особистість	1
індивідуальний	1
повний	1
широкий	1
чорний	1
почуття	1
додавати	1
правило	1
передавати	1
минути	1
ущелина	1
видача	1
короткий	1
погоджуватися	1
домовлятися	1
закон	1
юридичний	1
досліджувати	1
покривати	1
охоплювати	1
захищати	1
покриття	1
кожух	1
обкладинка	1
стаття	1
паперовий	1
позиція	1
посада	1
людський	1
комп'ютер	1
ситуація	1
персонал	1
діяльність	1
фільм	1
плівка	1
ранковий	1
війна	1
військовий	1
рахувати	1
майстерня	1
майор	1
дизайн	1
подія	1
особливий	1
іноді	1
нести	1
везти	1
перенесення	1
обирати	1
рішення	1
таблиця	1
табличний	1
певний	1
вперед	1
передній	1
помирати	1
ведмідь	1
різати	1
сам	1
себе	1
доступний	1
наявний	1
особливо	1
міцний	1
підвищувати	1
підніматися	1
підвищення	1
зріст	1
дівчинка	1
суспільство	1
інакше	1
конкретний	1
зокрема	1
роль	1
приєднуватися	1
складний	1
важко	1
будь ласка	1
деталь	1
подробиця	1
докладно	1
детальний	1
різниця	1
відмінність	1
відміна	1
дія	1
здоров'я	1
їсти	1
крок	1
міра	1
точно	1
телефон	1
телефонний	1
малювати	1
креслити	1
тягти	1
тягнути	1
жеребкування	1
білий	1
дата	1
датувати	1
практика	1
шаблон	1
макет	1
моделювати	1
піднімати	1
покупець	1
клієнт	1
фронт	1
фасад	1
пояснювати	1
двері	1
вхід	1
зовні	1
економічний	1
вигідний	1
економний	1
сайт	1
наближатися	1
підхід	1
наближення	1
вчитель	1
земля	1
ділянка	1
садити	1
приземлятися	1
плата	1
відповідальність	1
остаточно	1
підписувати	1
підпис	1
ознака	1
запит	1
скарга	1
заявляти	1
переміщення	1
загибель	1
смерть	1
смертельний	1
приємний	1
гарний	1
сума	1
обсяг	1
поліпшувати	1
картина	1
фотографія	1
зображати	1
хлопчик	1
ставитися	1
увага	1
відношення	1
повага	1
організація	1
структура	1
формування	1
організаційний	1
щасливий	1
пара	1
діяти	1
акт	1
вчинок	1
діапазон	1
асортимент	1
якість	1
якісний	1
будівництво	1
виступати	1
круглий	1
тур	1
можливість	1
шанс	1
дорога	1
дорожній	1
згода	1
список	1
бажати	1
одяг	1
сукня	1
носити	1
фонд	1
капітал	1
запас	1
резерв	1
фінансувати	1
консолідувати	1
відпочивати	1
відпочинок	1
малюк	1
жартувати	1
обманювати	1
промисловість	1
навчання	1
вимір	1
вбивати	1
знищувати	1
служити	1
імовірний	1
відповідний	1
звичайно	1
безумовно	1
національний	1
поле	1
безпека	1
повітря	1
ефір	1
повітряний	1
користь	1
вигода	1
торгувати	1
торгівля	1
торговий	1
ризикувати	1
новина	1
звістка	1
стандартний	1
голосувати	1
голос	1
фокус	1
етап	1
сцена	1
ступінь	1
простір	1
космос	1
космічний	1
проміжок	1
замість	1
усвідомлювати	1
дані	1
неодружений	1
незаміжня	1
звертатися	1
адреса	1
виконання	1
продуктивність	1
виступ	1
визнавати	1
технологія	1
техніка	1
вибір	1
економити	1
рятувати	1
культура	1
розведення	1
вирощування	1
підсумок	1
попит	1
вимога	1
матеріальний	1
обмежувати	1
ліміт	1
обмеження	1
межа	1
слухати	1
належний	1
неправильний	1
неправильно	1
фут	1
нога	1
стопа	1
чек	1
контрольний	1
шах	1
завершувати	1
закінчений	1
лежати	1
брехати	1
брехня	1
медіатор	1
зменшувати	1
персональний	1
особистий	1
тварина	1
тваринний	1
прибувати	1
пацієнт	1
поточний	1
підтвердження	1
свідчити	1
існувати	1
аналогічний	1
подібний	1
боротися	1
битися	1
бійка	1
лідер	1
командир	1
прекрасний	1
прекрасно	1
витончений	1
штраф	1
вулиця	1
стикатися	1
контакт	1
надзвичайно	1
дружина	1
спорт	1
обговорювати	1
реакція	1
відгук	1
шматок	1
припускати	1
застосовувати	1
вогонь	1
пожежа	1
стріляти	1
суд	1
судовий	1
поліція	1
склад	1
бідний	1
нікчемний	1
знання	1
сміятися	1
сміх	1
джерело	1
початковий	1
службовець	1
співробітник	1
цілковито	1
банк	1
банківський	1
берег	1
стійкий	1
комірка	1
камера	1
клітина	1
артикль	1
товар	1
швидкий	1
швидко	1
атакувати	1
атака	1
напад	1
іноземний	1
здивування	1
сюрприз	1
особливість	1
характеристика	1
фактор	1
коефіцієнт	1
симпатичний	1
нещодавно	1
впливати	1
афект	1
емоція	1
кидати	1
крапля	1
недавній	1
свіжий	1
офіційний	1
чиновник	1
фінансовий	1
мистецтво	1
кампанія	1
агітувати	1
приватний	1
конфіденційний	1
всякий	1
забувати	1
сторінка	1
турбувати	1
літо	1
літній	1
пити	1
напій	1
парк	1
символізувати	1
ключ	1
клавіша	1
ключовий	1
внутрішній	1
менеджер	1
міжнародний	1
містити	1
вміщати	1
сповіщення	1
дивуватися	1
чудо	1
природа	1
характер	1
конструкція	1
будова	1
секція	1
відділ	1
розділ	1
рослина	1
квітка	1
завод	1
фарба	1
преса	1
друк	1
необхідний	1
регіон	1
вечір	1
пошана	1
поважати	1
дотримуватися	1
ловити	1
здобич	1
майстерність	1
замах	1
син	1
нащадок	1
виходець	1
проміжний	1
середа	1
носій	1
засіб	1
біржа	1
фондовий	1
менеджмент	1
адміністрація	1
правління	1
персонаж	1
символ	1
образ	1
герой	1
постіль	1
вражати	1
нападати	1
удар	1
фінал	1
економіка	1
хлопець	1
функція	1
функціонувати	1
вчора	1
зображення	1
розмір	1
поведінка	1
складання	1
додавання	1
додаток	1
визначати	1
станція	1
вокзал	1
населення	1
невдача	1
виробництво	1
контракт	1
договір	1
гравець	1
коментувати	1
коментар	1
вводити	1
входити	1
вступати	1
відбуватися	1
значний	1
суттєвий	1
ліки	1
наркотик	1
стіна	1
ряд	1
цикл	1
ланцюг	1
прямий	1
безпосередній	1
успіх	1
завтра	1
директор	1
режисер	1
очевидно	1
бракувати	1
відсутність	1
повторювати	1
огляд	1
залежати	1
покладатися	1
раса	1
рід	1
расовий	1
мчати	1
гнати	1
вікно	1
мета	1
призначення	1
намір	1
міністерство	1
факультет	1
вигравати	1
приріст	1
дерево	1
коледж	1
сперечатися	1
доводити	1
борт	1
рада	1
свято	1
відпустка	1
канікули	1
оцінка	1
церква	1
церковний	1
машина	1
механізм	1
апарат	1
верстат	1
машинний	1
параграф	1
цент	1
сезон	1
підлога	1
метод	1
аналіз	1
проба	1
вибори	1
готель	1
клуб	1
бити	1
кіно	1
лікар	1
доктор	1
дискусія	1
обговорення	1
жалкувати	1
оскаржувати	1
нація	1
народ	1
народність	1
заява	1
твердження	1
формулювання	1
презирство	1
злість	1
вносити	1
знайомити	1
перевага	1
готовий	1
бойкот	1
страйк	1
страйкувати	1
миля	1
шукати	1
прагнути	1
добиватися	1
здатність	1
блок	1
одиниця	1
підрозділ	1
листівка	1
картка	1
квиток	1
лікарня	1
терміново	1
опитувати	1
бесіда	1
співбесіда	1
податок	1
дозвіл	1
розчин	1
мікстура	1
столиця	1
популярний	1
народний	1
специфічний	1
страх	1
боятися	1
телебачення	1
телевізійний	1
серйозний	1
градус	1
витягувати	1
червоний	1
доступ	1
лікувати	1
задоволення	1
визначити	1
збиток	1
тиск	1
автобус	1
лікування	1
обробка	1
звернення	1
трактування	1
село	1
селище	1
цінність	1
гідний	1
натуральний	1
природний	1
терміновий	1
експрес	1
брат	1
інвестиція	1
рахунок	1
організувати	1
поїздка	1
спати	1
сон	1
риба	1
рибний	1
обіцяти	1
обіцянка	1
напруга	1
потенційний	1
енергетичний	1
біда	1
обтяжувати	1
співвідношення	1
залежність	1
родич	1
стосуватися	1
дотик	1
наліт	1
файл	1
досьє	1
середина	1
бар	1
стійка	1
смуга	1
зона	1
такт	1
страждати	1
стратегія	1
глибокий	1
глибоко	1
прибрати	1
чистити	1
розвиватися	1
просування	1
аванс	1
заповнювати	1
насичувати	1
заповнення	1
зірка	1
зоряний	1
мережа	1
операція	1
матч	1
сірник	1
уникати	1
сидіння	1
саджати	1
кидок	1
нормально	1
нормальний	1
ціль	1
гол	1
ворота	1
асоціювати	1
спілкуватися	1
колега	1
партнер	1
синій	1
блакитний	1
позитивний	1
варіант	1
опціон	1
коробка	1
ящик	1
боксувати	1
бокс	1
величезний	1
послання	1
примірник	1
стиль	1
посилатися	1
холод	1
холодний	1
нежить	1
застуда	1
штовхати	1
поштовх	1
натиск	1
чверть	1
квартал	1
немовля	1
дитячий	1
успішний	1
співати	1
сумніватися	1
конкуренція	1
змагання	1
конкурс	1
теорія	1
висувати	1
суперечка	1
аргумент	1
дорослий	1
літати	1
муха	1
документ	1
текст	1
свідоцтво	1
копіювати	1
гарячий	1
гострий	1
гаряче	1
неясний	1
незрозумілий	1
окремий	1
центральний	1
собачий	1
офіцер	1
усюди	1
нафта	1
плаття	1
одягати	1
одягатися	1
прибуток	1
жарт	1
забавний	1
берегти	1
ресурс	1
наука	1
хвороба	1
баланс	1
сальдо	1
збитки	1
підстава	1
автор	1
письменник	1
заохочувати	1
волосся	1
чоловічий	1
самець	1
експлуатувати	1
вправа	1
корисний	1
ресторан	1
дохід	1
надходження	1
заробіток	1
власність	1
властивість	1
попередній	1
темний	1
уявляти	1
прийнятний	1
заробляти	1
дочка	1
пост	1
пошта	1
позначати	1
висновок	1
професіонал	1
професійний	1
шахта	1
міна	1
дебати	1
пам'ять	1
зелений	1
об'єкт	1
довіряти	1
кредит	1
довіра	1
честь	1
репутація	1
кільце	1
мертвий	1
померлий	1
розширювати	1
напрям	1
легкість	1
підприємство	1
спорудження	1
сорт	1
щоденний	1
повсякденний	1
щодня	1
екран	1
ширма	1
слід	1
доріжка	1
траса	1
танцювати	1
танець	1
вкрай	1
оригінал	1
оригінальний	1
скеля	1
мріяти	1
мрія	1
університет	1
університетський	1
вільно	1
агентство	1
долар	1
сад	1
лагодити	1
ремонтувати	1
виправлення	1
перетин	1
хрест	1
вага	1
законний	1
легальний	1
версія	1
хтось	1
фунт	1
журнал	1
вигляд	1
море	1
морський	1
негайно	1
безпосередньо	1
вітати	1
схвалювати	1
посміхатися	1
посмішка	1
спілкування	1
агент	1
традиційний	1
судити	1
експерт	1
раптово	1
покоління	1
генерація	1
підраховувати	1
кошторис	1
улюблений	1
фаворит	1
придбати	1
покупка	1
придбання	1
атестат	1
бездоганний	1
знімати	1
фотографувати	1
сповіщати	1
окрім	1
незалежний	1
рекомендувати	1
опитування	1
повноліття	1
палиця	1
запитувати	1
прохання	1
багатий	1
вітер	1
подих	1
виток	1
оборот	1
витися	1
ніхто	1
обмін	1
заміна	1
бюджет	1
відомий	1
знаменитий	1
славний	1
кров	1
властивий	1
призначати	1
блокувати	1
тепло	1
теплий	1
епізод	1
зміст	1
задоволений	1
запобігати	1
перешкоджати	1
безпечний	1
безпечно	1
сейф	1
запрошувати	1
суміш	1
ефективний	1
ефектний	1
боєць	1
виправляти	1
правильно	1
медичний	1
збивати	1
випереджати	1
ритм	1
копія	1
комітет	1
комісія	1
опікун	1
порада	1
скло	1
скляний	1
випробування	1
стрес	1
підкреслювати	1
радіо	1
адміністрування	1
комплекс	1
контекст	1
обстановка	1
фон	1
їздити	1
видаляти	1
обладнання	1
заголовок	1
титул	1
додатковий	1
зайвий	1
додатково	1
виконавчий	1
адміністративний	1
стілець	1
стать	1
секс	1
статевий	1
первинний	1
інформувати	1
принцип	1
заклик	1
привабливість	1
залучати	1
сильно	1
квартира	1
плоский	1
абсолютно	1
протікати	1
потік	1
течія	1
чесний	1
ярмарок	1
виставка	1
ферма	1
сільськогосподарський	1
колекція	1
збір	1
збори	1
вішати	1
висіти	1
негативний	1
негатив	1
заперечення	1
оркестр	1
відносний	1
порівняльний	1
екскурсія	1
гастролювати	1
альтернативний	1
змінний	1
альтернатива	1
корабель	1
завантажувати	1
дешевий	1
подвоювати	1
подвійний	1
ніжка	1
спостерігати	1
вирок	1
засуджувати	1
відбиток	1
шрифт	1
печатка	1
прогрес	1
істина	1
правда	1
швидкість	1
прискорювати	1
квапити	1
пересадка	1
переводити	1
переносити	1
ідеально	1
ідеальний	1
ледве	1
спільний	1
збиратися	1
користувач	1
споживач	1
реагувати	1
обід	1
повільний	1
регулярний	1
постійний	1
фізичний	1
окремо	1
костюм	1
федеральний	1
розкрити	1
виявити	1
спокій	1
мирний	1
статус	1
злочин	1
спад	1
зменшуватися	1
відмовляти	1
відмовлятися	1
десятиліття	1
десяток	1
запуск	1
сушити	1
сухий	1
установа	1
інститут	1
заклад	1
відомство	1
точка	1
кінь	1
спека	1
збуджувати	1
хвилювати	1
читач	1
важливість	1
відстань	1
дистанція	1
гід	1
дар	1
субсидія	1
стипендія	1
таксі	1
годувати	1
біль	1
страждання	1
сектор	1
дільниця	1
помилка	1
помилятися	1
гарантувати	1
начальник	1
шеф	1
прохолодний	1
охолоджувати	1
фахівець	1
експертний	1
досвідчений	1
кваліфікований	1
хвиля	1
сигнал	1
махати	1
розмахувати	1
південь	1
південний	1
поверхня	1
поверхневий	1
бібліотека	1
відмінно	1
край	1
ребро	1
табір	1
аудиторія	1
аудієнція	1
ліфт	1
процедура	1
електронна пошта	1
глобальний	1
всесвітній	1
рекламувати	1
оточувати	1
річка	1
щорічний	1
контраст	1
ролик	1
реальність	1
дійсність	1
художник	1
конфлікт	1
суперечність	1
зіткнення	1
суперечити	1
присутність	1
наявність	1
натовп	1
кут	1
газ	1
бензин	1
газовий	1
зрушення	1
сітка	1
категорія	1
розряд	1
секретар	1
оборона	1
захист	1
захисний	1
кухар	1
варити	1
поширення	1
ядерний	1
атомний	1
масштаб	1
ваги	1
шкала	1
водій	1
м'яч	1
куля	1
плакати	1
кричати	1
крик	1
північ	1
північний	1
підтверджувати	1
старший	1
фотокартка	1
відхиляти	1
транспорт	1
транспортувати	1
виходити	1
мапа	1
концепція	1
острів	1
реформа	1
перетворення	1
реформувати	1
футбол	1
виживати	1
перенести	1
витримати	1
політ	1
лівий	1
зліва	1
розчиняти	1
сусід	1
сусідній	1
суміжний	1
походження	1
трафік	1
пробка	1
поліпшення	1
інструмент	1
знаряддя	1
обставина	1
курити	1
диміти	1
дим	1
лити	1
зайнятий	1
урок	1
мозок	1
мозковий	1
маса	1
масовий	1
веселий	1
смішний	1
кумедний	1
відмова	1
недостатність	1
збій	1
розклад	1
динамік	1
низ	1
дно	1
суть	1
поєднувати	1
комбайн	1
гора	1
гірський	1
ховати	1
приховувати	1
шкіра	1
шлюб	1
посвідчення	1
сумка	1
мішок	1
повторення	1
виразність	1
власник	1
літак	1
площина	1
комерційний	1
реклама	1
мито	1
обов'язок	1
борг	1
черговий	1
міцність	1
культурний	1
організовувати	1
схема	1
інтригувати	1
замишляти	1
платіж	1
на жаль	1
резюме	1
птах	1
демонструвати	1
пожертва	1
внесок	1
секрет	1
секретний	1
явно	1
роман	1
новела	1
союз	1
палити	1
горіти	1
тенденція	1
тренд	1
мода	1
критичний	1
головним чином	1
земний	1
естрада	1
істотний	1
просувати	1
наймати	1
стежка	1
стежина	1
маршрут	1
приваблювати	1
потужний	1
криза	1
регулювати	1
човен	1
судно	1
роздувати	1
вентилятор	1
фанат	1
кухня	1
кухонний	1
двічі	1
затримувати	1
відкладати	1
затримка	1
інженер	1
страхування	1
медсестра	1
няньчити	1
довжина	1
тривалість	1
відрізок	1
розслідування	1
очевидний	1
явний	1
банальний	1
стрибати	1
стрибок	1
перескакувати	1
перехід	1
зброя	1
відносно	1
порівняно	1
господар	1
зима	1
зимовий	1
місцевість	1
шина	1
весна	1
весняний	1
пружина	1
дух	1
снідати	1
обідати	1
фактичний	1
дійсний	1
актуальний	1
басейн	1
битва	1
традиція	1
готівка	1
премія	1
присудження	1
присуджувати	1
тренер	1
експеримент	1
розгляд	1
міркування	1
дивний	1
чужий	1
дивно	1
код	1
кодекс	1
загроза	1
аварія	1
випадковість	1
аварійний	1
неможливий	1
активний	1
укладати	1
релігійний	1
культовий	1
рак	1
переконувати	1
варіювати	1
сонце	1
сонячний	1
здоровий	1
дути	1
об'єм	1
гучність	1
положення	1
розташування	1
інвестувати	1
вкладати	1
мити	1
прати	1
актор	1
радісний	1
стрічка	1
тасьма	1
рулетка	1
навпаки	1
протилежний	1
камінь	1
вбивство	1
монітор	1
солдат	1
солдатський	1
ненависть	1
ненавидіти	1
яйце	1
концерт	1
шокувати	1
комфортабельний	1
затишний	1
зазвичай	1
уважно	1
акуратно	1
нагадувати	1
скасовувати	1
спогад	1
відкликання	1
вино	1
фотоапарат	1
відеокамера	1
плавати	1
театр	1
велосипедний	1
кава	1
музей	1
відвідувач	1
свобода	1
споруда	1
будівля	1
милий	1
гілка	1
галузь	1
відділення	1
вчений	1
належати	1
смак	1
куштувати	1
небезпечний	1
небезпека	1
бомба	1
снаряд	1
бомбити	1
армія	1
скорочувати	1
зменшення	1
поранити	1
пошкодження	1
рана	1
нарада	1
редактор	1
зір	1
генерувати	1
породжувати	1
талант	1
доставка	1
відкидати	1
гість	1
спальня	1
цитата	1
цитувати	1
підійматися	1
сходження	1
насильство	1
жорстокість	1
міністр	1
священик	1
здебільшого	1
рот	1
шум	1
манера	1
гармата	1
рушниця	1
квадрат	1
квадратний	1
знайомий	1
схожий	1
руйнувати	1
цивільний	1
ввічливий	1
розмістити	1
громадянин	1
температура	1
золото	1
золотий	1
вітчизняний	1
навантаження	1
завантаження	1
віра	1
переконання	1
загін	1
технічний	1
розміщення	1
домовленість	1
шкірка	1
в'язниця	1
тюремний	1
вимикач	1
перемикач	1
комутатор	1
корпоративний	1
справедливо	1
чесно	1
сльоза	1
рвати	1
представник	1
уповноважений	1
місткість	1
ємність	1
граничний	1
черевик	1
оголошення	1
винагорода	1
коридор	1
втеча	1
вихід	1
порятунок	1
студія	1
ательє	1
турист	1
туристичний	1
компонент	1
адвокат	1
юрист	1
підозрювати	1
підозрілий	1
чашка	1
опис	1
впевненість	1
промисловий	1
виробничий	1
скаржитися	1
перспектива	1
похибка	1
омана	1
відхилення	1
заарештовувати	1
затримання	1
оподатковувати	1
реєстр	1
актив	1
майно	1
релевантний	1
лідерство	1
верховенство	1
неминуче	1
неодмінно	1
яскравий	1
блискучий	1
рама	1
рамка	1
кадр	1
каркас	1
повільно	1
облігація	1
прокат	1
діра	1
отвір	1
нора	1
краватка	1
хребет	1
послідовність	1
література	1
жертва	1
погрожувати	1
ділення	1
убезпечити	1
домагатися	1
надійний	1
пристрій	1
прилад	1
пристосування	1
народження	1
ліс	1
лісовий	1
ярлик	1
бирка	1
етикетка	1
мітити	1
корінь	1
фабрика	1
витрата	1
канал	1
розслідувати	1
рекомендація	1
похвала	1
ранг	1
звання	1
чин	1
типовий	1
захід	1
західний	1
постоялець	1
мешканець	1
забезпечення	1
постанова	1
концентрувати	1
рясний	1
експорт	1
вивіз	1
вивозити	1
експортний	1
міцно	1
міст	1
складатися	1
випускник	1
аспірант	1
бренд	1
мораль	1
моральний	1
наполягати	1
комбінація	1
зловживання	1
образа	1
зловживати	1
ображати	1
виконавець	1
принциповий	1
майстер	1
магістр	1
сесія	1
засідання	1
сеанс	1
передбачати	1
раніше	1
попередньо	1
заздалегідь	1
оренда	1
орендувати	1
постріл	1
зовнішність	1
поява	1
розсудливий	1
розумний	1
гарантія	1
судження	1
покарання	1
позика	1
позичка	1
атмосфера	1
фермер	1
ліцензувати	1
ліцензія	1
вузький	1
ідентичність	1
тотожність	1
парта	1
серйозно	1
дикий	1
порожній	1
доручення	1
унікальний	1
асоціація	1
інвестор	1
вкладник	1
практичний	1
чай	1
красивий	1
м'який	1
гребти	1
молодість	1
замок	1
блокування	1
паливо	1
розпалювати	1
передчуття	1
застосування	1
святкування	1
сексуальний	1
плече	1
дихання	1
імпорт	1
ввезення	1
імпортувати	1
ввозити	1
імпортний	1
пляшка	1
простирадло	1
листовий	1
двигун	1
консервативний	1
консерватор	1
опозиція	1
опозиційний	1
полегшення	1
рельєф	1
слава	1
шанувати	1
звинувачувати	1
вина	1
пояснення	1
мелодійний	1
відновлювати	1
тато	1
протяг	1
крихітний	1
уважний	1
обережний	1
ретельний	1
придатний	1
споконвічний	1
фрукт	1
плід	1
фруктовий	1
аналізувати	1
свідок	1
очевидець	1
поштовий	1
жахливий	1
страшний	1
дослідник	1
підбір	1
селекція	1
ніде	1
розумовий	1
психічний	1
конкретно	1
товстий	1
жирний	1
жир	1
вступ	1
в'їзд	1
входження	1
вхідний	1
товариш	1
приятель	1
хімічний	1
захоплювати	1
захоплення	1
кінчик	1
верхівка	1
знижка	1
пік	1
вершина	1
максимальний	1
пропорція	1
вухо	1
слух	1
колос	1
зникати	1
двір	1
ярд	1
константа	1
пагорб	1
інструкція	1
інтелект	1
розвідка	1
ідеал	1
охорона	1
кішка	1
почасти	1
цілувати	1
поцілунок	1
презентація	1
змагатися	1
голосування	1
слабкий	1
скорочення	1
свердлити	1
бурити	1
місія	1
тон	1
відтінок	1
околиці	1
округ	1
пасажир	1
правосуддя	1
справедливість	1
юстиція	1
законність	1
фаза	1
худий	1
тонкий	1
поспішати	1
поспіх	1
формальний	1
релігія	1
роботодавець	1
заборона	1
забороняти	1
красти	1
крадіжка	1
протест	1
протестувати	1
індекс	1
вказівник	1
сумний	1
смутний	1
кружляти	1
привабливий	1
хворий	1
враження	1
небо	1
небесний	1
колона	1
електронний	1
накладати	1
злочинець	1
пристойно	1
стародавній	1
узбережжя	1
злий	1
тісно	1
впритул	1
численний	1
поступатися	1
законодавство	1
законодавчий	1
мобільний	1
рухливий	1
асистент	1
помічник	1
впроваджувати	1
діаграма	1
графік	1
пекло	1
схід	1
капелюх	1
академічний	1
навчальний	1
виборець	1
поки	1
науковий	1
зауваження	1
позначка	1
медицина	1
медикамент	1
професор	1
рідкісний	1
прагнення	1
поселення	1
дірка	1
широко	1
мінімальний	1
мінімум	1
маєток	1
однаково	1
порівну	1
викривати	1
працездатний	1
закритий	1
перемога	1
критик	1
непостійний	1
змінна	1
солодкий	1
цукерка	1
хвилювання	1
переслідувати	1
спонукати	1
ворог	1
ворожий	1
молоко	1
доїти	1
молочний	1
пахнути	1
нюхати	1
запах	1
нюх	1
пріоритет	1
фраза	1
пілот	1
льотчик	1
стабільний	1
стайня	1
резолюція	1
травма	1
виробник	1
регіональний	1
обласний	1
районний	1
негайний	1
інцидент	1
дитинство	1
ковзати	1
супроводжувати	1
політик	1
сердитий	1
насіння	1
сіяти	1
платня	1
зарплата	1
сніданок	1
тимчасовий	1
ліберальний	1
ліберал	1
озеро	1
кваліфікувати	1
уточнювати	1
щиро	1
правдиво	1
жовтий	1
звичка	1
диск	1
ядро	1
емоційний	1
авіація	1
авіаційний	1
особисто	1
метал	1
існування	1
кістка	1
кістковий	1
панель	1
виділяти	1
ініціатива	1
ініціативний	1
вступний	1
дієта	1
харчування	1
клопотання	1
сірий	1
пластичний	1
ускладнювати	1
дисципліна	1
припущення	1
заморожувати	1
екстремальний	1
крайній	1
надзвичайний	1
проїзд	1
переговори	1
пальто	1
демократія	1
кишеня	1
кишеньковий	1
крах	1
спостереження	1
м'ясо	1
концентрація	1
зосередження	1
причетність	1
підтекст	1
заслуговувати	1
незвичайний	1
класичний	1
класик	1
король	1
взаємодія	1
ремонт	1
позичати	1
блюдо	1
страва	1
душа	1
поразка	1
розгром	1
президентський	1
досконало	1
покращувати	1
посилювати	1
гордий	1
непередбачений	1
виховний	1
педагогічний	1
розрізняти	1
цінний	1
персонально	1
упоратися	1
приміщення	1
акомодація	1
репортер	1
клімат	1
сорочка	1
виняток	1
корпорація	1
чіп	1
уламок	1
переможець	1
коричневий	1
дихати	1
вибачати	1
вибачення	1
відмовка	1
частково	1
теніс	1
міський	1
вироблення	1
красуня	1
врода	1
розраховувати	1
миша	1
математика	1
окупувати	1
займати	1
контур	1
ескіз	1
оберігати	1
тріщина	1
поділ	1
захворювання	1
журналіст	1
раптовий	1
комфорт	1
заспокоювати	1
ген	1
панорама	1
розвідувати	1
сніг	1
сюжет	1
викреслювати	1
шия	1
критерій	1
складовий	1
критика	1
конвенція	1
звичай	1
низка	1
простий	1
гладкий	1
рівнина	1
волонтер	1
доброволець	1
добровільний	1
сільський	1
спокійний	1
іспит	1
експертиза	1
перевірка	1
допит	1
революція	1
обертання	1
захват	1
насолода	1
захоплюватися	1
зачаровувати	1
передумова	1
драматичний	1
театральний	1
відрізнятися	1
вдячний	1
протеїн	1
велосипед	1
інтелектуальний	1
інтелектуал	1
безробіття	1
колесо	1
врожай	1
меншість	1
виникнення	1
інтерпретація	1
тлумачення	1
драма	1
краєвид	1
виховувати	1
іграшка	1
несправність	1
дефект	1
експонат	1
полювати	1
буря	1
гроза	1
штурм	1
штурмувати	1
густий	1
щільний	1
досягнення	1
домінувати	1
переважати	1
панувати	1
постачальник	1
приз	1
виграш	1
вдивлятися	1
визирати	1
пенсія	1
визнання	1
електрика	1
сприяння	1
дах	1
доказ	1
ґрунт	1
бруднити	1
пласт	1
зуб	1
диспут	1
акцент	1
публікація	1
срібло	1
срібний	1
розвага	1
дріт	1
провідний	1
неймовірний	1
гей	1
гомосексуальний	1
опублікування	1
невідомий	1
дюйм	1
еквівалент	1
суцільний	1
поважний	1
заборгувати	1
губернатор	1
правитель	1
рівномірний	1
порт	1
подача	1
висота	1
прибуття	1
сучасник	1
ровесник	1
шлюз	1
простота	1
полегшувати	1
пиво	1
запевняти	1
профіль	1
обрис	1
настрій	1
відправити	1
симптом	1
ера	1
кабель	1
шнур	1
телеграма	1
чутливий	1
нервовий	1
ізолювати	1
в'язень	1
ліквідувати	1
тісний	1
мокрий	1
вторинний	1
підлеглий	1
виключати	1
струна	1
хмара	1
грандіозний	1
величний	1
екіпаж	1
бригада	1
явище	1
феномен	1
школяр	1
помилковий	1
фальшивий	1
хибний	1
відроджувати	1
формула	1
сприймати	1
рутина	1
стік	1
опускатися	1
занурюватися	1
прибічник	1
прихильник	1
конвертувати	1
метр	1
лічильник	1
вантажівка	1
ніс	1
вітрило	1
плавання	1
катастрофа	1
лихо	1
нещастя	1
тяжко	1
приділяти	1
терорист	1
терористичний	1
виправдовувати	1
насущний	1
депресія	1
винний	1
підмітати	1
розмах	1
сер	1
гнів	1
паб	1
сприйняття	1
розуміння	1
усвідомлення	1
природно	1
валюта	1
база даних	1
територія	1
струмок	1
рідко	1
зрідка	1
винятково	1
розширення	1
постійно	1
м'яз	1
лякати	1
побутовий	1
есе	1
нарис	1
забруднення	1
розлад	1
безлад	1
меблі	1
демонстрація	1
вираз	1
аналітик	1
платформа	1
сталь	1
торт	1
пиріг	1
трансформувати	1
інновація	1
альбом	1
співак	1
пастка	1
капкан	1
багатство	1
поступово	1
танк	1
зло	1
дивовижний	1
видатний	1
мелодія	1
трава	1
запрошення	1
перехідний	1
порода	1
потомство	1
розмножуватися	1
розводити	1
радник	1
консультант	1
стебло	1
зворотний	1
режим	1
дзеркало	1
творчий	1
нині	1
поема	1
вірш	1
конкурент	1
суперник	1
алкоголь	1
спирт	1
фестиваль	1
овоч	1
рослинний	1
планета	1
планетарний	1
крива	1
коліно	1
павутина	1
глибина	1
товщина	1
інтенсивність	1
колода	1
реєстрація	1
реєстраційний	1
гігант	1
гігантський	1
бог	1
порція	1
субстанція	1
перекладати	1
незалежність	1
самостійність	1
цукор	1
цукровий	1
радитися	1
рожевий	1
тінь	1
роздягатися	1
позбавляти	1
здирати	1
плавний	1
гладенький	1
втручання	1
інтервенція	1
заступник	1
радикальний	1
радикал	1
гучний	1
голосний	1
інфекція	1
куртка	1
жакет	1
ефективність	1
брудний	1
статистичний	1
статистик	1
регулярно	1
курорт	1
залізо	1
праска	1
прасувати	1
радіомовлення	1
членство	1
хліб	1
сліпий	1
штора	1
чистокровний	1
невинний	1
кривавий	1
союзник	1
зрілий	1
коротко	1
стисло	1
тривога	1
повінь	1
бідність	1
божевільний	1
паралельний	1
паралель	1
спонсор	1
чобіт	1
багажник	1
точний	1
дилер	1
торговець	1
аферист	1
кнопка	1
ґудзик	1
тягар	1
пустеля	1
заслуга	1
нагорода	1
безлюдний	1
акціонер	1
миска	1
чаша	1
відкриття	1
виявлення	1
опір	1
протидія	1
ванна	1
частота	1
критикувати	1
філософія	1
губа	1
атрибут	1
затвердження	1
позичити	1
цифровий	1
редагувати	1
формація	1
закордонний	1
захисник	1
відстоювати	1
пропагувати	1
зведення	1
грубий	1
відновлення	1
відшкодування	1
пломба	1
тюлень	1
запечатувати	1
трубка	1
труба	1
лампа	1
метро	1
вежа	1
характеризувати	1
формулювати	1
оператор	1
робочий	1
копати	1
рити	1
перешкода	1
монтаж	1
передбачити	1
залежний	1
спеціалізуватися	1
курча	1
курка	1
неспокій	1
вірус	1
правопорушення	1
порушення	1
підліток	1
стримати	1
хірургія	1
музикант	1
душ	1
злива	1
незаконний	1
нелегальний	1
благодійність	1
універсальний	1
сигарета	1
адекватний	1
історик	1
дурний	1
тупий	1
бажаний	1
етнічний	1
близнюк	1
клінічний	1
східний	1
прогноз	1
прогнозувати	1
сегмент	1
адаптувати	1
пристосовувати	1
пісок	1
шапка	1
підказка	1
нагадування	1
підказувати	1
шарм	1
лекція	1
авантюра	1
звільнення	1
плутанина	1
стимул	1
ліга	1
діалог	1
вершки	1
крем	1
вершковий	1
співчуття	1
розпускати	1
опонент	1
протистояти	1
абсолютний	1
інсульт	1
огорожа	1
розлучення	1
поховати	1
схильність	1
частий	1
мотор	1
зустрічний	1
долина	1
пліт	1
вельми	1
видимий	1
електричний	1
еволюція	1
насильницький	1
шалений	1
раб	1
заможний	1
архітектура	1
допустимий	1
щоденник	1
вугілля	1
вимірювання	1
випадковий	1
довільний	1
успішно	1
ілюстрація	1
вибухати	1
вибух	1
привілей	1
взаємний	1
рейка	1
лаяти	1
мотивувати	1
стимулювати	1
лабораторія	1
лабораторний	1
іпотека	1
стимулювання	1
чемпіон	1
недбало	1
спідниця	1
провінція	1
губернія	1
марширувати	1
марш	1
березень	1
березневий	1
оцінювання	1
компроміс	1
компрометувати	1
слабкість	1
сіль	1
солити	1
опера	1
кисть	1
щітка	1
галерея	1
генетичний	1
груди	1
скриня	1
формат	1
літературний	1
обіймати	1
обійми	1
безшумний	1
насос	1
помпа	1
видавець	1
гольф	1
компенсація	1
зважувати	1
важити	1
дефіцит	1
модифікувати	1
спалах	1
дружба	1
професія	1
буквально	1
рівняння	1
рівність	1
жест	1
жестикулювати	1
фантастичний	1
інфляція	1
пошкодити	1
образити	1
забити	1
терапія	1
апельсин	1
помаранчевий	1
крутити	1
вигин	1
викривлення	1
уява	1
горло	1
проникливість	1
назавжди	1
перевищувати	1
споживання	1
радість	1
вірний	1
поет	1
доля	1
церемонія	1
купа	1
паля	1
порося	1
свиня	1
автоматично	1
психологічний	1
яскраво	1
співробітництво	1
товариство	1
палата	1
фантазія	1
химерний	1
модний	1
поезія	1
базікати	1
чат	1
еволюціонувати	1
полиця	1
прискорення	1
хвіст	1
переривання	1
цікавий	1
допитливий	1
цікаво	1
дерев'яний	1
процвітати	1
гуркіт	1
казка	1
демократичний	1
горщик	1
банка	1
каструля	1
котел	1
чайник	1
корова	1
примус	1
сором	1
складка	1
піддаватися	1
вдавати	1
розмаїття	1
гордість	1
інтенсивний	1
ремесло	1
бетон	1
оболонка	1
панцир	1
шкаралупа	1
лайка	1
виразний	1
чіткий	1
гумор	1
вказівка	1
показання	1
стабільність	1
стійкість	1
мудрий	1
нехтувати	1
зневага	1
притулок	1
вуглець	1
сир	1
руйнування	1
знищення	1
гітара	1
прапор	1
фортепіано	1
магія	1
таємниця	1
лижа	1
шепіт	1
задній	1
тил	1
меню	1
місячний	1
благословляти	1
авіакомпанія	1
авіалінія	1
поправка	1
бабуся	1
журі	1
кооперація	1
монета	1
сканування	1
переглядати	1
зв'язка	1
пучок	1
санкція	1
трюк	1
хитрість	1
творець	1
шоколад	1
пояс	1
ремінь	1
картопля	1
оповідь	1
тканина	1
ледь	1
винаходити	1
туризм	1
сходинка	1
блиск	1
сяяти	1
світити	1
мотивація	1
романтичний	1
твердо	1
шлунок	1
нікуди	1
молитися	1
молити	1
чемпіонат	1
першість	1
слуга	1
іммігрант	1
переселенець	1
імміграційний	1
надлишок	1
складність	1
несподівано	1
витяг	1
реалізація	1
упередженість	1
упередження	1
каталог	1
довідник	1
безперервний	1
марка	1
штамп	1
біологічний	1
споживати	1
розкіш	1
люкс	1
щотижневий	1
тижневий	1
щотижня	1
кусати	1
принтер	1
по-перше	1
пригода	1
паркан	1
огороджувати	1
вичерпувати	1
атракціон	1
океан	1
океанський	1
тихо	1
спокійно	1
безтурботно	1
ветеран	1
нерв	1
рішучість	1
белетристика	1
вигадка	1
килим	1
скупчення	1
кластер	1
логіка	1
спірний	1
сирий	1
необроблений	1
граматика	1
натяк	1
гак	1
гачок	1
дзвін	1
рідина	1
рідкий	1
панікувати	1
паніка	1
дядько	1
рис	1
нахил	1
скат	1
щастя	1
судина	1
дієслово	1
дурень	1
транспортування	1
гавань	1
комедія	1
всесвіт	1
вівця	1
коханець	1
коханка	1
щур	1
портрет	1
замінник	1
доповнення	1
доповнювати	1
настройка	1
розумно	1
фільтр	1
фільтрувати	1
гнучкий	1
абстрактний	1
намет	1
іноземець	1
зерно	1
розташовувати	1
резюмувати	1
підсумовувати	1
клацати	1
імовірність	1
шкіряний	1
невизначеність	1
невпевненість	1
присягати	1
клястися	1
щомісяця	1
щомісячний	1
збудження	1
зітхання	1
вагітність	1
експериментальний	1
мандрувати	1
бродити	1
імперія	1
імперський	1
лагідний	1
кваліфікація	1
блідий	1
пляма	1
ганьба	1
атлет	1
спортсмен	1
органічний	1
язик	1
сервер	1
структурний	1
пліч-о-пліч	1
ніжно	1
витирати	1
чудний	1
кашель	1
кашляти	1
гіпотеза	1
королівський	1
теоретичний	1
завіса	1
мер	1
темрява	1
тітка	1
турнір	1
облік	1
прописка	1
фрагмент	1
уривок	1
слухач	1
турботливий	1
щільність	1
густота	1
некрасивий	1
модуль	1
осінь	1
осінній	1
щока	1
прихильність	1
володар	1
іменник	1
ледачий	1
голод	1
застрахувати	1
ініціювати	1
спрага	1
жадати	1
змій	1
змія	1
балкон	1
Туреччина	1
город	1
хоробрий	1
підняти	1
забобонний	1
непогано	1
каліка	1
сука	1
староста	1
печиво	1
Андрій	1
січень	1
Березень	1
квітень	1
травень	1
червень	1
липень	1
серпень	1
вересень	1
Жовтень	1
листопад	1
грудень	1
вставати	1
перегляд	1
взяти	1
садок	1
вишневий	1
балет	1
добридень	1
білизна	1
меч	1
сім’я	1
прошу	1
громада	1
спритний	1
рослини	1
речення	1
ця	1
пес	1
допомогти	1
наче	1
Київ	1
сокира	1
автомат	1
купити	1
анулювання	1
подруга	1
відвертий	1
