anda	2
panas	2
kebaikan	1
lebih	1
dulu	1
tidak	1
selalu	1
ibu	1
baru	1
bersama	1
bercanda	1
pada	1
ya	1
siapa	1
dari	1
kerja	1
adalah	1
kenal	1
apabila	1
pendapat	1
menghargai	1
hai	1
apa khabar	1
berehat	1
nama	1
saya	1
nasional	1
sopan	1
tiang	1
orang	1
surat	1
kapas	1
bentuk	1
segera	1
terjadi	1
pukulan	1
pilih	1
pecah	1
sentuh	1
menempatkan	1
pesawat	1
penutup	1
dunia	1
kucing	1
merica	1
pasar	1
dan	1
kembali	1
di	1
buah-buahan	1
buah	1
naik	1
tempat	1
lambat	1
kepingin	1
kep	1
memerah	1
makan	1
beban	1
tetap	1
peranan	1
pakar	1
babi	1
tetek	1
